city_a,city_b,overlap_days,pearson_corr_no_zero_fill,same_sign_rate
London,Seoul,84,-0.040578816628986235,0.5833333333333334
Buenos Aires,London,75,0.04680980471186702,0.5333333333333333
Buenos Aires,Seoul,75,-0.07305634128663797,0.52
London,Sao Paulo,70,-0.05734610335424972,0.5428571428571428
Buenos Aires,Sao Paulo,69,-0.06721468279720065,0.4782608695652174
Sao Paulo,Seoul,62,-0.03970009447109537,0.5967741935483871
Buenos Aires,Paris,47,-0.13865338036889155,0.48936170212765956
London,Paris,47,-0.12548014324331486,0.48936170212765956
Moscow,Seoul,47,-0.06188420250824188,0.5319148936170213
Busan,Seoul,45,-0.27233648449572595,0.4444444444444444
London,Moscow,45,-0.14322590076911684,0.4
Ankara,London,44,0.16357835297391823,0.5454545454545454
Paris,Seoul,44,0.04158108299281793,0.5454545454545454
Seoul,Shenzhen,44,0.12065144446600476,0.5681818181818182
Ankara,Buenos Aires,42,0.25925651930476135,0.5714285714285714
Ankara,Seoul,42,0.01628171632466942,0.5476190476190477
London,Shenzhen,42,-0.029660119716665812,0.5476190476190477
Beijing,London,41,-0.12462813342923733,0.4878048780487805
Busan,London,41,0.05788979256927656,0.5365853658536586
Munich,Sao Paulo,41,-0.09473810439721521,0.6829268292682927
London,Munich,40,-0.2597277259580256,0.525
London,Tokyo,39,-0.016269715590680814,0.5641025641025641
Buenos Aires,Munich,38,-0.26063841344116295,0.5526315789473685
Seoul,Tokyo,38,-0.155896919241235,0.42105263157894735
Paris,Sao Paulo,37,0.5352950065292482,0.5405405405405406
Beijing,Sao Paulo,36,0.19441134114299735,0.6388888888888888
London,Warsaw,36,-0.0383049821659151,0.4722222222222222
Moscow,Sao Paulo,36,0.019445853696423245,0.5833333333333334
Munich,Seoul,36,0.1413492609399788,0.75
Seoul,Taipei,36,0.1145261789654716,0.5555555555555556
Beijing,Seoul,35,-0.07917782763900624,0.6571428571428571
Hong Kong,Seoul,35,-0.07393411213276417,0.45714285714285713
Beijing,Buenos Aires,34,0.38706124131598546,0.6764705882352942
Buenos Aires,Moscow,34,-0.14713464636985152,0.47058823529411764
Buenos Aires,Tokyo,34,0.6796643325452936,0.6470588235294118
Ankara,Sao Paulo,33,-0.022176272561534503,0.5151515151515151
London,Taipei,33,0.14115015865538852,0.6363636363636364
Sao Paulo,Tokyo,33,-0.12090770585423274,0.48484848484848486
Buenos Aires,Taipei,32,-0.14644121083793665,0.53125
Sao Paulo,Taipei,32,-0.010535964867673818,0.5625
Buenos Aires,Busan,31,-0.1370640164812237,0.6129032258064516
London,Madrid,31,0.24308948665377605,0.7096774193548387
London,Qingdao,31,-0.016202326490799276,0.4838709677419355
Sao Paulo,Shenzhen,31,-0.1329210625468269,0.5161290322580645
Seoul,Warsaw,31,0.27823274261568837,0.7419354838709677
Buenos Aires,Shenzhen,30,0.03217738645099605,0.5666666666666667
Madrid,Seoul,30,0.1411739477546642,0.7666666666666667
Hong Kong,London,29,-0.05296808099336845,0.6551724137931034
Ankara,Moscow,28,-0.30182737303041546,0.5714285714285714
Beijing,Moscow,28,0.05434800433377931,0.6428571428571429
Qingdao,Seoul,28,0.15235739129825643,0.4642857142857143
Beijing,Busan,27,-0.09603425843617173,0.37037037037037035
Beijing,Munich,27,0.10934278691518878,0.6666666666666666
Buenos Aires,Warsaw,27,-0.00785629719734674,0.5555555555555556
Busan,Sao Paulo,27,-0.17106234533011283,0.37037037037037035
Moscow,Shenzhen,27,-0.08683508266264345,0.4074074074074074
Seoul,Shanghai,27,-0.38327415912434026,0.5925925925925926
Buenos Aires,Hong Kong,26,0.2281149320969694,0.5384615384615384
Buenos Aires,Madrid,26,0.008732737333328982,0.5384615384615384
Busan,Moscow,26,-0.17219874242976085,0.4230769230769231
Busan,Shenzhen,26,-0.24334484061965964,0.6538461538461539
Istanbul,Seoul,26,-0.05818586385992701,0.46153846153846156
Madrid,Sao Paulo,26,-0.025745385592595208,0.6538461538461539
Moscow,Munich,26,0.5083138758259791,0.6538461538461539
Qingdao,Shenzhen,26,0.16989033334294623,0.5384615384615384
Madrid,Moscow,25,-0.12330313393143434,0.48
Moscow,Paris,25,-0.06148445791771978,0.52
Moscow,Taipei,25,0.08195186901009612,0.52
Moscow,Tokyo,25,0.03300521244255986,0.6
Ankara,Paris,24,0.31426757026148583,0.5
Hong Kong,Sao Paulo,24,-0.29090869361461247,0.5833333333333334
London,Milan,24,0.6149445754738558,0.5833333333333334
Qingdao,Sao Paulo,24,0.08702686931941728,0.75
Shenzhen,Tokyo,24,-0.028139481637978928,0.4583333333333333
Buenos Aires,Istanbul,23,-0.06389230051923067,0.4782608695652174
London,Shanghai,23,-0.1077639161786103,0.5217391304347826
Munich,Paris,23,0.19972357527461568,0.6956521739130435
Paris,Taipei,23,-0.046600939146572956,0.5217391304347826
Sao Paulo,Warsaw,23,-0.0714849024670196,0.6956521739130435
Beijing,Milan,22,-0.18171334814348544,0.5
Beijing,Taipei,22,-0.15368705210546071,0.5
Buenos Aires,Qingdao,22,-0.19866845227181762,0.5454545454545454
Buenos Aires,Shanghai,22,-0.1824209006668259,0.4090909090909091
Busan,Munich,22,-0.06029843333444988,0.45454545454545453
Hong Kong,Shenzhen,22,0.5378813178711703,0.5909090909090909
Istanbul,London,22,0.13400350997935062,0.45454545454545453
Madrid,Munich,22,0.010594833530264516,0.6818181818181818
Moscow,Warsaw,22,0.22781723024381262,0.7272727272727273
Shenzhen,Taipei,22,-0.1116430033286554,0.5909090909090909
Ankara,Munich,21,-0.40307680743030583,0.5238095238095238
Beijing,Paris,21,-0.04156253395100426,0.47619047619047616
Busan,Paris,21,-0.12508477170843707,0.42857142857142855
Munich,Tokyo,21,0.04838100649551062,0.5238095238095238
Paris,Shenzhen,21,0.1648918766908373,0.6190476190476191
Seoul,Toronto,21,-0.14606469086047025,0.5238095238095238
Beijing,Tokyo,20,-0.22473801648497443,0.4
Buenos Aires,Milan,20,-0.4253354437582241,0.35
Busan,Taipei,20,-0.08128745930773781,0.45
Hong Kong,Taipei,20,-0.13922980573688953,0.7
Istanbul,Sao Paulo,20,-0.48198033925894124,0.5
Moscow,Qingdao,20,-0.2102534773451501,0.55
Tokyo,Warsaw,20,-0.02505158718079696,0.65
Ankara,Warsaw,19,0.5726114106091911,0.5263157894736842
Beijing,Madrid,19,-0.11518464698242933,0.5263157894736842
Beijing,Shenzhen,19,-0.05054356426643631,0.42105263157894735
Busan,Tokyo,19,0.14700564394031337,0.5789473684210527
Istanbul,Moscow,19,-0.32476606125085655,0.3157894736842105
Milan,Seoul,19,-0.19230295107090387,0.5789473684210527
Munich,Shenzhen,19,0.14091493273068925,0.631578947368421
Munich,Taipei,19,-0.0600068508741188,0.47368421052631576
Qingdao,Warsaw,19,-0.21803121636113493,0.42105263157894735
Ankara,Madrid,18,-0.04482763955021867,0.6666666666666666
Ankara,Qingdao,18,-0.15177726279433235,0.6666666666666666
Ankara,Tokyo,18,-0.1635207976615305,0.7222222222222222
Moscow,Shanghai,18,0.3442653168001134,0.6111111111111112
Sao Paulo,Shanghai,18,-0.0027541740008755577,0.6666666666666666
Taipei,Tokyo,18,0.26531565497784776,0.8333333333333334
Ankara,Shenzhen,17,-0.04050201152577036,0.6470588235294118
Ankara,Taipei,17,0.0236492929635223,0.8235294117647058
Beijing,Hong Kong,17,0.45742998923653705,0.6470588235294118
Beijing,Qingdao,17,-0.35789295449373615,0.4117647058823529
Buenos Aires,Toronto,17,-0.008636462182869781,0.5294117647058824
Busan,Hong Kong,17,-0.1653757458489424,0.35294117647058826
Busan,Qingdao,17,0.017052404641942295,0.7058823529411765
Hong Kong,Moscow,17,-0.16287183500178612,0.5294117647058824
Hong Kong,Tokyo,17,0.03617734818956892,0.6470588235294118
Milan,Sao Paulo,17,-0.38660795790384905,0.4117647058823529
Milan,Taipei,17,-0.07586389822693183,0.35294117647058826
Munich,Warsaw,17,0.04815274665842984,0.7058823529411765
Paris,Tokyo,17,-0.18631329659137982,0.35294117647058826
Shenzhen,Warsaw,17,0.2428902645537337,0.7647058823529411
Taipei,Warsaw,17,-0.054585036431639505,0.47058823529411764
Ankara,Beijing,16,0.21443688525163038,0.6875
Ankara,Busan,16,0.08474355159119451,0.6875
Beijing,Warsaw,16,0.04240271318882324,0.5625
Busan,Milan,16,0.5274865366777535,0.5
Busan,Warsaw,16,-0.22051940638174627,0.4375
Madrid,Paris,16,0.051286643912308645,0.5625
Madrid,Shenzhen,16,0.06261459694726097,0.625
Paris,Warsaw,16,0.10198422840941453,0.625
Shanghai,Shenzhen,16,-0.26271643567918435,0.6875
Buenos Aires,Wellington,15,-0.22415429654697042,0.3333333333333333
Busan,Madrid,15,0.05087167535822843,0.5333333333333333
Istanbul,Munich,15,-0.08865952655115407,0.5333333333333333
Madrid,Tokyo,15,-0.24798299857246184,0.5333333333333333
Madrid,Warsaw,15,0.054964055809090084,0.6666666666666666
Milan,Moscow,15,-0.17928245872771273,0.5333333333333333
Ankara,Istanbul,14,0.012379867866359811,0.7857142857142857
Beijing,Istanbul,14,-0.12324939651919722,0.5714285714285714
Hong Kong,Warsaw,14,0.11497609556753871,0.7142857142857143
Istanbul,Madrid,14,0.37724758714227513,0.7142857142857143
London,Toronto,14,-0.0714784319045727,0.5
London,Wuhan,14,0.6369056106625145,0.5714285714285714
Milan,Munich,14,-0.11397891476535944,0.6428571428571429
Milan,Paris,14,-0.33853371339608196,0.42857142857142855
Qingdao,Tokyo,14,0.05260090557401078,0.6428571428571429
Sao Paulo,Wellington,14,-0.21017394149856614,0.21428571428571427
Shanghai,Warsaw,14,-0.46424081978713433,0.42857142857142855
Amsterdam,London,13,-0.5330869047402407,0.3076923076923077
Beijing,Shanghai,13,-0.08728354944854473,0.46153846153846156
Buenos Aires,Wuhan,13,-0.2012597605962031,0.46153846153846156
Helsinki,London,13,0.006555949820191144,0.46153846153846156
Helsinki,Seoul,13,-0.016898461967665358,0.38461538461538464
Istanbul,Tokyo,13,0.7416887361255222,0.8461538461538461
Istanbul,Warsaw,13,0.018504575028654182,0.5384615384615384
London,Tel Aviv,13,-0.1080666626189339,0.6153846153846154
London,Wellington,13,0.7350374286369911,0.5384615384615384
Madrid,Taipei,13,-0.31142359862184466,0.3076923076923077
Milan,Tokyo,13,-0.10731582779198803,0.38461538461538464
Munich,Qingdao,13,-0.1427868167545755,0.3076923076923077
Paris,Qingdao,13,0.18179650968633035,0.5384615384615384
Sao Paulo,Toronto,13,0.40388627849042785,0.6153846153846154
Sao Paulo,Wuhan,13,-0.13297696277396615,0.6923076923076923
Seoul,Wellington,13,-0.0447734295295256,0.5384615384615384
Seoul,Wuhan,13,0.5693698883644559,0.6923076923076923
Busan,Istanbul,12,0.6744328620739481,0.6666666666666666
Hong Kong,Munich,12,0.04424951049195098,0.3333333333333333
Istanbul,Paris,12,-0.2474015379686455,0.3333333333333333
Madrid,Shanghai,12,-0.3621620691493921,0.75
Miami,New York City,12,0.14146401142933857,0.75
Munich,Shanghai,12,0.017957995996974965,0.6666666666666666
Shanghai,Taipei,12,-0.19507392058979536,0.5
Shanghai,Tokyo,12,-0.2146242134994793,0.5
Amsterdam,Buenos Aires,11,-0.36649165602166994,0.5454545454545454
Ankara,Shanghai,11,-0.6073542218366935,0.45454545454545453
Ankara,Wuhan,11,-0.43203489705158576,0.8181818181818182
Busan,Shanghai,11,-0.11263314092983165,0.5454545454545454
Chongqing,Seoul,11,0.723097018058933,0.9090909090909091
Istanbul,Shanghai,11,-0.06454369465185375,0.7272727272727273
Istanbul,Shenzhen,11,-0.062182438384905246,0.6363636363636364
Madrid,Milan,11,0.2884477573941498,0.5454545454545454
Madrid,Qingdao,11,0.04658156650426945,0.5454545454545454
Paris,Shanghai,11,0.9380781530081973,0.7272727272727273
Qingdao,Shanghai,11,0.5010417086309145,0.6363636363636364
Qingdao,Taipei,11,-0.08415785856089217,0.9090909090909091
Sao Paulo,Tel Aviv,11,-0.18242805281622182,0.5454545454545454
Taipei,Wellington,11,0.19223225678810268,0.6363636363636364
Amsterdam,Seoul,10,0.40967853775412805,0.5
Ankara,Hong Kong,10,-0.12556732406896448,0.7
Ankara,Toronto,10,-0.0007185977440792985,0.6
Buenos Aires,Tel Aviv,10,-0.42441106332186235,0.6
Chongqing,London,10,0.3348460059064406,0.7
Chongqing,Madrid,10,0.0022600434016080712,0.5
Chongqing,Sao Paulo,10,0.7525467067784193,0.8
Helsinki,Moscow,10,0.22913864402637601,0.8
Helsinki,Sao Paulo,10,-0.7246300172756854,0.4
Hong Kong,Paris,10,-0.4830889421707195,0.2
Hong Kong,Qingdao,10,-0.0276761091232054,0.7
Istanbul,Taipei,10,-0.30813922898149454,0.5
Milan,Shenzhen,10,-0.4253914476820998,0.4
Moscow,Wuhan,10,-0.1275929564595908,0.5
Munich,Wuhan,10,0.3362487974866445,0.6
Seoul,Tel Aviv,10,-0.7847633062260735,0.7
Tokyo,Wuhan,10,0.12219400011486789,0.7
Amsterdam,Moscow,9,-0.1871438304571036,0.6666666666666666
Amsterdam,Sao Paulo,9,-0.23009644963943063,0.4444444444444444
Ankara,Chongqing,9,0.17620472149732164,0.5555555555555556
Ankara,Milan,9,0.5362214533472125,0.6666666666666666
Ankara,Tel Aviv,9,-0.24720534438090652,0.5555555555555556
Beijing,Wuhan,9,0.2509802541643053,0.6666666666666666
Buenos Aires,Chongqing,9,0.39244404969897473,0.5555555555555556
Chicago,New York City,9,0.13309805638984393,0.3333333333333333
Chongqing,Moscow,9,-0.412237073388772,0.5555555555555556
Hong Kong,Madrid,9,0.33342763095602257,0.4444444444444444
Milan,Shanghai,9,-0.6470107262975862,0.6666666666666666
Milan,Warsaw,9,-0.3284547573520412,0.4444444444444444
Moscow,Tel Aviv,9,0.29300242793432174,0.4444444444444444
Paris,Wuhan,9,0.5543176546332358,0.6666666666666666
Tel Aviv,Tokyo,9,-0.1446054047096295,0.4444444444444444
Amsterdam,Beijing,8,0.3215545123533519,0.75
Amsterdam,Munich,8,0.9073096216585701,0.875
Amsterdam,Taipei,8,0.6623403048623914,0.75
Amsterdam,Tokyo,8,0.08163798797150808,0.875
Beijing,Chongqing,8,0.15821030800491978,0.5
Busan,Toronto,8,-0.4246516851456351,0.625
Busan,Wuhan,8,-0.11210121742069669,0.75
Chongqing,Tokyo,8,-0.2743699763767564,0.25
Chongqing,Wuhan,8,-0.2844509765407888,0.625
Dallas,Miami,8,-0.1745600153131574,0.5
Dallas,New York City,8,-0.23433111449463753,0.375
Helsinki,Shenzhen,8,0.41662651584440924,0.625
Hong Kong,Shanghai,8,-0.4889455786328121,0.25
Hong Kong,Wellington,8,0.5704424813466608,0.5
Istanbul,Milan,8,0.7172640370723613,0.5
Madrid,Wuhan,8,0.6686042807529498,0.875
Moscow,Toronto,8,0.7609820938502744,0.375
New York City,Seattle,8,-0.7261974318756053,0.75
Paris,Toronto,8,0.0004741055810910589,0.625
Tokyo,Wellington,8,-0.28371780161002247,0.375
Amsterdam,Madrid,7,0.14092004050207133,0.42857142857142855
Amsterdam,Paris,7,0.13303737225725412,0.7142857142857143
Ankara,Helsinki,7,-0.23615335884860705,0.5714285714285714
Atlanta,Dallas,7,-0.49504706195383236,0.7142857142857143
Beijing,Wellington,7,-0.5038935804760536,0.2857142857142857
Buenos Aires,Helsinki,7,0.45089396411430377,0.7142857142857143
Buenos Aires,Mexico City,7,-0.06530272561615075,0.5714285714285714
Busan,Helsinki,7,0.1582658071739271,0.5714285714285714
Chengdu,Seoul,7,-0.07220982912591307,0.7142857142857143
Chongqing,Taipei,7,0.11477359557870666,0.5714285714285714
Helsinki,Shanghai,7,-0.22543407434466262,0.8571428571428571
Hong Kong,Istanbul,7,0.8826121009008964,0.8571428571428571
Hong Kong,Milan,7,0.4878552482273054,0.2857142857142857
Istanbul,Qingdao,7,0.001353504029267077,0.7142857142857143
London,Panama City,7,-0.3184813672961393,0.5714285714285714
Mexico City,Seoul,7,-0.04706915337718176,0.5714285714285714
Milan,Qingdao,7,-0.6707122313472208,0.2857142857142857
Munich,Toronto,7,-0.5778106140251731,0.2857142857142857
Shenzhen,Toronto,7,0.00552719718516523,0.7142857142857143
Taipei,Toronto,7,0.023972022769232264,0.2857142857142857
Amsterdam,Ankara,6,0.32943562475379423,1.0
Amsterdam,Milan,6,0.2613817625988601,0.6666666666666666
Amsterdam,Shenzhen,6,0.26232120623244476,0.5
Amsterdam,Warsaw,6,0.9017898986472902,0.6666666666666666
Ankara,Wellington,6,-0.7112517092165085,0.5
Buenos Aires,Lucknow,6,-0.37508420292989025,0.8333333333333334
Busan,Wellington,6,0.403421385892327,0.5
Cape Town,London,6,-0.8309615598860471,0.16666666666666666
Chicago,Dallas,6,0.6880572807914567,0.5
Chongqing,Munich,6,0.7405829605443479,0.6666666666666666
Chongqing,Paris,6,0.18151333480721912,0.6666666666666666
Guangzhou,London,6,0.014728193879845282,0.16666666666666666
Helsinki,Hong Kong,6,-0.03160805089193208,0.6666666666666666
Helsinki,Madrid,6,-0.03954018381551353,0.6666666666666666
Helsinki,Paris,6,0.5459588244533935,0.6666666666666666
Helsinki,Wuhan,6,0.32017496546486396,0.5
Istanbul,Toronto,6,0.3193272413643265,0.8333333333333334
London,Mexico City,6,-0.2430102726170685,0.6666666666666666
Lucknow,Seoul,6,-0.34054440133811126,0.16666666666666666
Madrid,Toronto,6,0.3677991392988319,0.5
Mexico City,Sao Paulo,6,0.3008455065506091,0.8333333333333334
Milan,Wuhan,6,-0.9209449183127277,0.5
Munich,Wellington,6,-0.32176851732272826,0.3333333333333333
Panama City,Seoul,6,0.7078539766693954,0.6666666666666666
Paris,Tel Aviv,6,-0.04483938262974519,0.6666666666666666
Taipei,Tel Aviv,6,-0.07100842789406438,0.5
Tel Aviv,Warsaw,6,0.2329379984472889,0.5
Toronto,Warsaw,6,-0.21142121221806176,0.3333333333333333
Warsaw,Wuhan,6,-0.0016127332667516035,0.5
Amsterdam,Busan,5,0.1655428919636408,0.6
Amsterdam,Wuhan,5,-0.6575712356574728,1.0
Ankara,Chengdu,5,0.5302049686539032,0.8
Ankara,Panama City,5,-0.8709385577914285,0.8
Atlanta,New York City,5,0.638107526320227,0.6
Beijing,Mexico City,5,0.7901872536511724,0.8
Beijing,Toronto,5,-0.687148516004923,0.2
Buenos Aires,Cape Town,5,-0.05380898515325679,0.8
Busan,Panama City,5,0.6296151129678846,0.6
Busan,Tel Aviv,5,0.4869224400517262,0.8
Cape Town,Moscow,5,0.16042698607480915,0.6
Chengdu,Paris,5,0.6425833835701525,0.6
Chengdu,Sao Paulo,5,-0.024460027181751155,0.6
Chicago,Miami,5,0.06608691271170147,0.4
Chongqing,Istanbul,5,0.03426823878545569,0.6
Chongqing,Milan,5,-0.6615747558716943,0.4
Guangzhou,Munich,5,0.7794759488419942,0.8
Helsinki,Munich,5,-0.09921530041453375,0.4
Helsinki,Taipei,5,0.23525597540109788,0.4
Helsinki,Warsaw,5,-0.48619344156051886,0.4
Hong Kong,Toronto,5,-0.424572605908785,0.4
Lucknow,Sao Paulo,5,-0.6091421200249126,0.8
Madrid,Tel Aviv,5,0.8022603205895139,0.8
Mexico City,Moscow,5,0.24077150928980356,0.2
Mexico City,Shanghai,5,0.12277305549954497,0.6
Mexico City,Shenzhen,5,-0.7950131159334295,0.4
Moscow,Panama City,5,-0.49903487631664056,0.2
Moscow,Wellington,5,-0.11272690377512089,0.8
Panama City,Sao Paulo,5,0.8090369891960242,1.0
Qingdao,Toronto,5,0.00855900734453606,0.8
Shenzhen,Wellington,5,0.17740825171752556,0.8
Shenzhen,Wuhan,5,-0.2106720032624932,0.8
Taipei,Wuhan,5,-0.2860527676834338,0.8
