event_key,weather_date,timestamp_cst,temperature_bucket,outcome,price_decimal,price_cents,shares,trade_usd,event_total_yes_buy_usd,fill_share_of_event_yes_buy_usd,bucket_total_yes_buy_usd,bucket_is_event_dominant_yes,same_event_bought_other_yes_bucket,same_event_bought_no,later_buy_same_yes_asset,bought_more_expensive_adjacent_yes,threshold_ge_30c,threshold_ge_40c,threshold_ge_50c,threshold_ge_55c,threshold_ge_60c,threshold_ge_70c,entry_path_completeness,strict_pnl_available,strict_pnl,strict_pnl_note
2026-03-21__beijing__high,2026-03-21,2026-03-21T15:57:53+08:00,16°C,YES,0.0108452683,1.08452683,205.0,2.22328,8.20288,0.2710365140048373,8.20288,true,false,true,true,false,false,false,false,false,false,false,ENTRY_TIMELINE_COMPLETE,true,-5.27252,event-level authoritative strict PnL; not attributed to this fill
2026-03-21__beijing__high,2026-03-21,2026-03-21T16:09:15+08:00,16°C,YES,0.015,1.5,50.0,0.75,8.20288,0.09143130217679644,8.20288,true,false,true,true,false,false,false,false,false,false,false,ENTRY_TIMELINE_COMPLETE,true,-5.27252,event-level authoritative strict PnL; not attributed to this fill
2026-03-21__beijing__high,2026-03-21,2026-03-21T16:15:19+08:00,16°C,YES,0.0198859229,1.98859229,262.98,5.2296,8.20288,0.6375321838183662,8.20288,true,false,true,false,false,false,false,false,false,false,false,ENTRY_TIMELINE_COMPLETE,true,-5.27252,event-level authoritative strict PnL; not attributed to this fill
2026-03-24__beijing__high,2026-03-24,2026-03-24T16:38:19+08:00,20°C,YES,0.05,5.0,35.36,1.768,28.410661,0.062230160713261824,18.411328,true,true,false,true,false,false,false,false,false,false,false,ENTRY_TIMELINE_COMPLETE,false,,strict PnL unavailable
2026-03-24__beijing__high,2026-03-24,2026-03-24T16:44:29+08:00,20°C,YES,0.05,5.0,64.64,3.232,28.410661,0.11376011279709403,18.411328,true,true,false,false,false,false,false,false,false,false,false,ENTRY_TIMELINE_COMPLETE,false,,strict PnL unavailable
2026-04-01__beijing__high,2026-04-01,2026-04-01T02:37:47+08:00,20°C,YES,0.0343063182,3.43063182,120.92,4.14832,25.14832,0.16495415995979057,4.14832,false,true,false,false,true,false,false,false,false,false,false,ENTRY_TIMELINE_PARTIAL_UNMATCHED_SELL,false,,strict PnL unavailable
2026-04-03__beijing__high,2026-04-03,2026-04-03T12:23:35+08:00,25°C,YES,0.083,8.3,0.92,0.07636,15.568509,0.004904772833416482,4.8376,false,true,false,true,false,false,false,false,false,false,false,ENTRY_TIMELINE_COMPLETE,false,,strict PnL unavailable
2026-04-03__beijing__high,2026-04-03,2026-04-03T12:23:43+08:00,25°C,YES,0.05,5.0,14.12,0.706,15.568509,0.0453479520742802,4.8376,false,true,false,true,false,false,false,false,false,false,false,ENTRY_TIMELINE_COMPLETE,false,,strict PnL unavailable
2026-04-03__beijing__high,2026-04-03,2026-04-03T12:23:47+08:00,25°C,YES,0.0817918516,8.179185160000001,45.02754,4.05524,15.568509,0.26047709514122386,4.8376,false,true,false,false,false,false,false,false,false,false,false,ENTRY_TIMELINE_COMPLETE,false,,strict PnL unavailable
2026-04-07__beijing__high,2026-04-07,2026-04-06T20:38:55+08:00,18°C,YES,0.075,7.5,19.965,1.65,21.47993,0.07681589278922231,5.22,false,true,false,true,false,false,false,false,false,false,false,ENTRY_TIMELINE_PARTIAL_RECONCILIATION,false,,strict PnL unavailable
2026-04-07__beijing__high,2026-04-07,2026-04-06T21:03:33+08:00,18°C,YES,0.07,7.000000000000001,9.0,0.63,21.47993,0.029329704519521247,5.22,false,true,false,true,false,false,false,false,false,false,false,ENTRY_TIMELINE_PARTIAL_RECONCILIATION,false,,strict PnL unavailable
2026-04-07__beijing__high,2026-04-07,2026-04-06T21:13:29+08:00,18°C,YES,0.07,7.000000000000001,1.06,0.0742,21.47993,0.003454387421188058,5.22,false,true,false,true,false,false,false,false,false,false,false,ENTRY_TIMELINE_PARTIAL_RECONCILIATION,false,,strict PnL unavailable
2026-04-07__beijing__high,2026-04-07,2026-04-06T21:13:31+08:00,18°C,YES,0.07,7.000000000000001,8.75,0.6125,21.47993,0.028514990505090102,5.22,false,true,false,true,false,false,false,false,false,false,false,ENTRY_TIMELINE_PARTIAL_RECONCILIATION,false,,strict PnL unavailable
2026-04-07__beijing__high,2026-04-07,2026-04-06T21:30:35+08:00,18°C,YES,0.07,7.000000000000001,32.19,2.2533,21.47993,0.10490257649815432,5.22,false,true,false,false,false,false,false,false,false,false,false,ENTRY_TIMELINE_PARTIAL_RECONCILIATION,false,,strict PnL unavailable
2026-04-07__beijing__high,2026-04-07,2026-04-07T13:14:41+08:00,14°C,YES,0.0455832799,4.55832799,42.3062,2.13193,21.47993,0.09925218564492529,2.69193,false,true,false,true,true,false,false,false,false,false,false,ENTRY_TIMELINE_PARTIAL_RECONCILIATION,false,,strict PnL unavailable
2026-04-07__beijing__high,2026-04-07,2026-04-07T13:25:51+08:00,14°C,YES,0.02,2.0,28.0,0.56,21.47993,0.026070848461796668,2.69193,false,true,false,false,true,false,false,false,false,false,false,ENTRY_TIMELINE_PARTIAL_RECONCILIATION,false,,strict PnL unavailable
2026-04-07__beijing__high,2026-04-07,2026-04-07T15:01:59+08:00,17°C,YES,0.028,2.8000000000000003,90.28,2.8,21.47993,0.13035424230898332,2.8,false,true,false,false,true,false,false,false,false,false,false,ENTRY_TIMELINE_PARTIAL_RECONCILIATION,false,,strict PnL unavailable
2026-04-08__beijing__high,2026-04-08,2026-04-08T13:37:57+08:00,19°C,YES,0.035,3.5000000000000004,4.5175,0.175,29.8933,0.005854154609895862,13.0745,true,true,false,true,false,false,false,false,false,false,false,ENTRY_TIMELINE_PARTIAL_RECONCILIATION,false,,strict PnL unavailable
2026-04-08__beijing__high,2026-04-08,2026-04-08T13:38:41+08:00,18°C,YES,0.017,1.7000000000000002,16.2306,0.306,29.8933,0.010236407489303623,1.9087999999999998,false,true,false,true,true,false,false,false,false,false,false,ENTRY_TIMELINE_PARTIAL_RECONCILIATION,false,,strict PnL unavailable
2026-04-08__beijing__high,2026-04-08,2026-04-08T13:38:43+08:00,18°C,YES,0.017,1.7000000000000002,18.0,0.306,29.8933,0.010236407489303623,1.9087999999999998,false,true,false,true,true,false,false,false,false,false,false,ENTRY_TIMELINE_PARTIAL_RECONCILIATION,false,,strict PnL unavailable
2026-04-08__beijing__high,2026-04-08,2026-04-08T13:38:53+08:00,18°C,YES,0.0184992867,1.84992867,63.21968,1.2968,29.8933,0.04338095827493117,1.9087999999999998,false,true,false,false,true,false,false,false,false,false,false,ENTRY_TIMELINE_PARTIAL_RECONCILIATION,false,,strict PnL unavailable
2026-04-08__beijing__high,2026-04-08,2026-04-08T13:39:37+08:00,19°C,YES,0.0509219422,5.09219422,103.08096,5.7995,29.8933,0.1940066837719489,13.0745,true,true,false,true,false,false,false,false,false,false,false,ENTRY_TIMELINE_PARTIAL_RECONCILIATION,false,,strict PnL unavailable
2026-04-08__beijing__high,2026-04-08,2026-04-08T13:40:29+08:00,19°C,YES,0.071,7.1,90.71,7.1,29.8933,0.23751141560148928,13.0745,true,true,false,false,false,false,false,false,false,false,false,ENTRY_TIMELINE_PARTIAL_RECONCILIATION,false,,strict PnL unavailable
2026-04-08__beijing__high,2026-04-08,2026-04-08T14:40:25+08:00,22°C,YES,0.031,3.1,9.04908,0.31062,29.8933,0.010390957171004874,3.41,false,true,false,true,true,false,false,false,false,false,false,ENTRY_TIMELINE_PARTIAL_RECONCILIATION,false,,strict PnL unavailable
2026-04-08__beijing__high,2026-04-08,2026-04-08T14:41:49+08:00,22°C,YES,0.031,3.1,99.98,3.09938,29.8933,0.10368142694182308,3.41,false,true,false,false,true,false,false,false,false,false,false,ENTRY_TIMELINE_PARTIAL_RECONCILIATION,false,,strict PnL unavailable
2026-04-10__beijing__high,2026-04-10,2026-04-10T02:17:37+08:00,28°C,YES,0.0965712326,9.65712326,53.0603,5.633,37.255545,0.15119896917358208,15.632444000000001,true,true,true,true,true,false,false,false,false,false,false,ENTRY_TIMELINE_PARTIAL_UNMATCHED_SELL,false,,strict PnL unavailable
2026-04-10__beijing__high,2026-04-10,2026-04-10T03:17:35+08:00,29°C,YES,0.02,2.0,100.0,2.0,37.255545,0.053683283924580896,2.0,false,true,true,false,true,false,false,false,false,false,false,ENTRY_TIMELINE_PARTIAL_UNMATCHED_SELL,false,,strict PnL unavailable
2026-04-10__beijing__high,2026-04-10,2026-04-10T14:27:41+08:00,27°C,YES,0.0986956522,9.86956522,57.54926,6.2425,37.255545,0.1675589499495981,9.916611,false,true,true,true,true,false,false,false,false,false,false,ENTRY_TIMELINE_PARTIAL_UNMATCHED_SELL,false,,strict PnL unavailable
2026-04-10__beijing__high,2026-04-10,2026-04-10T14:28:35+08:00,30°C or higher,YES,0.0650077651,6.500776510000001,37.3569,2.67897,37.255545,0.07190795356771724,9.70649,false,true,true,true,false,false,false,false,false,false,false,ENTRY_TIMELINE_PARTIAL_UNMATCHED_SELL,false,,strict PnL unavailable
2026-04-10__beijing__high,2026-04-10,2026-04-10T14:29:51+08:00,30°C or higher,YES,0.0707827176,7.078271760000001,28.97208,2.2608,37.255545,0.060683584148346244,9.70649,false,true,true,true,false,false,false,false,false,false,false,ENTRY_TIMELINE_PARTIAL_UNMATCHED_SELL,false,,strict PnL unavailable
2026-04-12__beijing__high,2026-04-12,2026-04-12T13:14:15+08:00,28°C,YES,0.035,3.5000000000000004,100.0,3.5,16.607064,0.21075368891214002,4.535984,false,true,false,true,true,false,false,false,false,false,false,ENTRY_TIMELINE_PARTIAL_UNMATCHED_SELL,false,,strict PnL unavailable
2026-04-12__beijing__high,2026-04-12,2026-04-12T13:20:13+08:00,24°C,YES,0.0225416431,2.25416431,95.54872,2.38716,16.607064,0.14374365029242978,2.38716,false,true,false,false,true,false,false,false,false,false,false,ENTRY_TIMELINE_PARTIAL_UNMATCHED_SELL,false,,strict PnL unavailable
2026-04-12__beijing__high,2026-04-12,2026-04-12T15:56:07+08:00,28°C,YES,0.002,0.2,196.32462,0.43618,16.607064,0.026264726865627783,4.535984,false,true,false,true,true,false,false,false,false,false,false,ENTRY_TIMELINE_PARTIAL_UNMATCHED_SELL,false,,strict PnL unavailable
2026-04-12__beijing__high,2026-04-12,2026-04-12T15:56:13+08:00,28°C,YES,0.002,0.2,25.0,0.05,16.607064,0.0030107669844591433,4.535984,false,true,false,true,true,false,false,false,false,false,false,ENTRY_TIMELINE_PARTIAL_UNMATCHED_SELL,false,,strict PnL unavailable
2026-04-12__beijing__high,2026-04-12,2026-04-12T15:56:17+08:00,28°C,YES,0.002,0.2,25.0,0.05,16.607064,0.0030107669844591433,4.535984,false,true,false,true,true,false,false,false,false,false,false,ENTRY_TIMELINE_PARTIAL_UNMATCHED_SELL,false,,strict PnL unavailable
2026-04-12__beijing__high,2026-04-12,2026-04-12T15:56:23+08:00,28°C,YES,0.002,0.2,25.0,0.05,16.607064,0.0030107669844591433,4.535984,false,true,false,true,true,false,false,false,false,false,false,ENTRY_TIMELINE_PARTIAL_UNMATCHED_SELL,false,,strict PnL unavailable
2026-04-12__beijing__high,2026-04-12,2026-04-12T15:56:29+08:00,28°C,YES,0.002,0.2,25.0,0.05,16.607064,0.0030107669844591433,4.535984,false,true,false,true,true,false,false,false,false,false,false,ENTRY_TIMELINE_PARTIAL_UNMATCHED_SELL,false,,strict PnL unavailable
2026-04-12__beijing__high,2026-04-12,2026-04-12T15:58:27+08:00,28°C,YES,0.002,0.2,20.0,0.04,16.607064,0.0024086135875673147,4.535984,false,true,false,true,true,false,false,false,false,false,false,ENTRY_TIMELINE_PARTIAL_UNMATCHED_SELL,false,,strict PnL unavailable
2026-04-12__beijing__high,2026-04-12,2026-04-12T15:59:43+08:00,28°C,YES,0.002,0.2,8.126,0.016252,16.607064,0.0009786197006285999,4.535984,false,true,false,true,true,false,false,false,false,false,false,ENTRY_TIMELINE_PARTIAL_UNMATCHED_SELL,false,,strict PnL unavailable
2026-04-12__beijing__high,2026-04-12,2026-04-12T16:00:09+08:00,28°C,YES,0.002,0.2,150.16,0.30032,16.607064,0.018083870815455396,4.535984,false,true,false,true,true,false,false,false,false,false,false,ENTRY_TIMELINE_PARTIAL_UNMATCHED_SELL,false,,strict PnL unavailable
2026-04-12__beijing__high,2026-04-12,2026-04-12T16:00:13+08:00,28°C,YES,0.002,0.2,3.006,0.006012,16.607064,0.00036201462221136736,4.535984,false,true,false,true,true,false,false,false,false,false,false,ENTRY_TIMELINE_PARTIAL_UNMATCHED_SELL,false,,strict PnL unavailable
2026-04-12__beijing__high,2026-04-12,2026-04-12T16:00:33+08:00,28°C,YES,0.002,0.2,18.61,0.03722,16.607064,0.0022412149432313863,4.535984,false,true,false,false,true,false,false,false,false,false,false,ENTRY_TIMELINE_PARTIAL_UNMATCHED_SELL,false,,strict PnL unavailable
2026-04-17__beijing__high,2026-04-17,2026-04-17T15:28:16+08:00,24°C,YES,0.03,3.0,25.08,0.7524,52.056088,0.014453640849846417,4.0,false,true,true,true,true,false,false,false,false,false,false,ENTRY_TIMELINE_COMPLETE,true,-81.941662,event-level authoritative strict PnL; not attributed to this fill
2026-04-17__beijing__high,2026-04-17,2026-04-17T15:28:20+08:00,24°C,YES,0.03,3.0,7.79,0.2337,52.056088,0.00448938844578563,4.0,false,true,true,true,true,false,false,false,false,false,false,ENTRY_TIMELINE_COMPLETE,true,-81.941662,event-level authoritative strict PnL; not attributed to this fill
2026-04-17__beijing__high,2026-04-17,2026-04-17T15:28:20+08:00,24°C,YES,0.03,3.0,3.0,0.09,52.056088,0.0017289044078763658,4.0,false,true,true,true,true,false,false,false,false,false,false,ENTRY_TIMELINE_COMPLETE,true,-81.941662,event-level authoritative strict PnL; not attributed to this fill
2026-04-17__beijing__high,2026-04-17,2026-04-17T15:28:32+08:00,24°C,YES,0.03,3.0,20.0,0.6,52.056088,0.011526029385842438,4.0,false,true,true,true,true,false,false,false,false,false,false,ENTRY_TIMELINE_COMPLETE,true,-81.941662,event-level authoritative strict PnL; not attributed to this fill
2026-04-17__beijing__high,2026-04-17,2026-04-17T15:28:34+08:00,24°C,YES,0.03,3.0,44.13,1.3239,52.056088,0.025432183839861344,4.0,false,true,true,true,true,false,false,false,false,false,false,ENTRY_TIMELINE_COMPLETE,true,-81.941662,event-level authoritative strict PnL; not attributed to this fill
2026-04-17__beijing__high,2026-04-17,2026-04-17T16:14:40+08:00,24°C,YES,0.002,0.2,36.34,0.07268,52.056088,0.0013961863596050473,4.0,false,true,true,true,true,false,false,false,false,false,false,ENTRY_TIMELINE_COMPLETE,true,-81.941662,event-level authoritative strict PnL; not attributed to this fill
2026-04-17__beijing__high,2026-04-17,2026-04-17T16:15:40+08:00,24°C,YES,0.002,0.2,463.66,0.92732,52.056088,0.017813862616799018,4.0,false,true,true,false,true,false,false,false,false,false,false,ENTRY_TIMELINE_COMPLETE,true,-81.941662,event-level authoritative strict PnL; not attributed to this fill
2026-04-18__beijing__high,2026-04-18,2026-04-18T14:47:36+08:00,25°C or below,YES,0.0300000016,3.00000016,12.752566,0.382577,12.991077,0.029449213487072703,12.991077,true,false,false,true,false,false,false,false,false,false,false,ENTRY_TIMELINE_COMPLETE,true,-12.990847,event-level authoritative strict PnL; not attributed to this fill
2026-04-18__beijing__high,2026-04-18,2026-04-18T14:47:46+08:00,25°C or below,YES,0.03,3.0,13.14,0.3942,12.991077,0.030343904512304867,12.991077,true,false,false,true,false,false,false,false,false,false,false,ENTRY_TIMELINE_COMPLETE,true,-12.990847,event-level authoritative strict PnL; not attributed to this fill
2026-04-18__beijing__high,2026-04-18,2026-04-18T14:47:48+08:00,25°C or below,YES,0.03,3.0,46.5,1.395,12.991077,0.10738139724674096,12.991077,true,false,false,true,false,false,false,false,false,false,false,ENTRY_TIMELINE_COMPLETE,true,-12.990847,event-level authoritative strict PnL; not attributed to this fill
2026-04-18__beijing__high,2026-04-18,2026-04-18T14:47:50+08:00,25°C or below,YES,0.03,3.0,16.94,0.5082,12.991077,0.03911915848085574,12.991077,true,false,false,true,false,false,false,false,false,false,false,ENTRY_TIMELINE_COMPLETE,true,-12.990847,event-level authoritative strict PnL; not attributed to this fill
2026-04-18__beijing__high,2026-04-18,2026-04-18T14:48:32+08:00,25°C or below,YES,0.03,3.0,10.37,0.3111,12.991077,0.023947206224703307,12.991077,true,false,false,false,false,false,false,false,false,false,false,ENTRY_TIMELINE_COMPLETE,true,-12.990847,event-level authoritative strict PnL; not attributed to this fill
2026-04-19__beijing__high,2026-04-19,2026-04-19T13:59:52+08:00,24°C,YES,0.005,0.5,78.28048,0.43465,0.43465,1.0,0.43465,true,false,true,false,false,false,false,false,false,false,false,ENTRY_TIMELINE_PARTIAL_RECONCILIATION,true,-0.732298,event-level authoritative strict PnL; not attributed to this fill
2026-04-20__beijing__high,2026-04-20,2026-04-20T14:08:10+08:00,25°C,YES,0.049,4.9,30.4499,1.64885,15.78222,0.10447516255634505,9.29042,true,true,true,true,true,false,false,false,false,false,false,ENTRY_TIMELINE_PARTIAL_UNMATCHED_SELL,true,32.981159,event-level authoritative strict PnL; not attributed to this fill
2026-04-20__beijing__high,2026-04-20,2026-04-20T14:08:12+08:00,25°C,YES,0.049,4.9,52.4,2.5676,15.78222,0.1626894061798657,9.29042,true,true,true,true,true,false,false,false,false,false,false,ENTRY_TIMELINE_PARTIAL_UNMATCHED_SELL,true,32.981159,event-level authoritative strict PnL; not attributed to this fill
2026-04-20__beijing__high,2026-04-20,2026-04-20T14:08:22+08:00,25°C,YES,0.049,4.9,46.95,2.30055,15.78222,0.14576846603329568,9.29042,true,true,true,true,true,false,false,false,false,false,false,ENTRY_TIMELINE_PARTIAL_UNMATCHED_SELL,true,32.981159,event-level authoritative strict PnL; not attributed to this fill
2026-04-20__beijing__high,2026-04-20,2026-04-20T14:09:40+08:00,26°C,YES,0.005,0.5,5.0,0.025,15.78222,0.0015840610509801536,1.4182000000000001,false,true,true,true,true,false,false,false,false,false,false,ENTRY_TIMELINE_PARTIAL_UNMATCHED_SELL,true,32.981159,event-level authoritative strict PnL; not attributed to this fill
2026-04-20__beijing__high,2026-04-20,2026-04-20T14:09:40+08:00,26°C,YES,0.005,0.5,5.0,0.025,15.78222,0.0015840610509801536,1.4182000000000001,false,true,true,true,true,false,false,false,false,false,false,ENTRY_TIMELINE_PARTIAL_UNMATCHED_SELL,true,32.981159,event-level authoritative strict PnL; not attributed to this fill
2026-04-20__beijing__high,2026-04-20,2026-04-20T14:09:40+08:00,26°C,YES,0.005,0.5,5.0,0.025,15.78222,0.0015840610509801536,1.4182000000000001,false,true,true,true,true,false,false,false,false,false,false,ENTRY_TIMELINE_PARTIAL_UNMATCHED_SELL,true,32.981159,event-level authoritative strict PnL; not attributed to this fill
2026-04-20__beijing__high,2026-04-20,2026-04-20T14:09:40+08:00,26°C,YES,0.005,0.5,5.0,0.025,15.78222,0.0015840610509801536,1.4182000000000001,false,true,true,true,true,false,false,false,false,false,false,ENTRY_TIMELINE_PARTIAL_UNMATCHED_SELL,true,32.981159,event-level authoritative strict PnL; not attributed to this fill
2026-04-20__beijing__high,2026-04-20,2026-04-20T14:09:40+08:00,26°C,YES,0.005,0.5,5.0,0.025,15.78222,0.0015840610509801536,1.4182000000000001,false,true,true,true,true,false,false,false,false,false,false,ENTRY_TIMELINE_PARTIAL_UNMATCHED_SELL,true,32.981159,event-level authoritative strict PnL; not attributed to this fill
2026-04-20__beijing__high,2026-04-20,2026-04-20T14:09:40+08:00,26°C,YES,0.005,0.5,5.0,0.025,15.78222,0.0015840610509801536,1.4182000000000001,false,true,true,true,true,false,false,false,false,false,false,ENTRY_TIMELINE_PARTIAL_UNMATCHED_SELL,true,32.981159,event-level authoritative strict PnL; not attributed to this fill
2026-04-20__beijing__high,2026-04-20,2026-04-20T14:11:56+08:00,26°C,YES,0.005,0.5,20.0,0.1,15.78222,0.006336244203920614,1.4182000000000001,false,true,true,true,true,false,false,false,false,false,false,ENTRY_TIMELINE_PARTIAL_UNMATCHED_SELL,true,32.981159,event-level authoritative strict PnL; not attributed to this fill
2026-04-20__beijing__high,2026-04-20,2026-04-20T14:13:18+08:00,26°C,YES,0.005,0.5,28.7,0.1435,15.78222,0.00909251043262608,1.4182000000000001,false,true,true,true,true,false,false,false,false,false,false,ENTRY_TIMELINE_PARTIAL_UNMATCHED_SELL,true,32.981159,event-level authoritative strict PnL; not attributed to this fill
2026-04-20__beijing__high,2026-04-20,2026-04-20T14:13:28+08:00,26°C,YES,0.005,0.5,5.0,0.025,15.78222,0.0015840610509801536,1.4182000000000001,false,true,true,true,true,false,false,false,false,false,false,ENTRY_TIMELINE_PARTIAL_UNMATCHED_SELL,true,32.981159,event-level authoritative strict PnL; not attributed to this fill
2026-04-20__beijing__high,2026-04-20,2026-04-20T14:14:04+08:00,26°C,YES,0.005,0.5,199.94,0.9997,15.78222,0.06334343330659438,1.4182000000000001,false,true,true,false,true,false,false,false,false,false,false,ENTRY_TIMELINE_PARTIAL_UNMATCHED_SELL,true,32.981159,event-level authoritative strict PnL; not attributed to this fill
2026-04-20__beijing__high,2026-04-20,2026-04-20T17:09:24+08:00,25°C,YES,0.003,0.3,59.38,0.17814,15.78222,0.011287385424864183,9.29042,true,true,true,true,true,false,false,false,false,false,false,ENTRY_TIMELINE_PARTIAL_UNMATCHED_SELL,true,32.981159,event-level authoritative strict PnL; not attributed to this fill
2026-04-20__beijing__high,2026-04-20,2026-04-20T17:10:24+08:00,25°C,YES,0.005,0.5,360.14598,1.9997,15.78222,0.12670587534580052,9.29042,true,true,true,true,true,false,false,false,false,false,false,ENTRY_TIMELINE_PARTIAL_UNMATCHED_SELL,true,32.981159,event-level authoritative strict PnL; not attributed to this fill
2026-04-20__beijing__high,2026-04-20,2026-04-20T17:36:14+08:00,25°C,YES,0.002,0.2,268.07056,0.59558,15.78222,0.03773740322971039,9.29042,true,true,true,false,true,false,false,false,false,false,false,ENTRY_TIMELINE_PARTIAL_UNMATCHED_SELL,true,32.981159,event-level authoritative strict PnL; not attributed to this fill
2026-04-23__beijing__high,2026-04-23,2026-04-23T01:15:22+08:00,23°C,YES,0.0199153775,1.9915377500000002,225.65124,4.98223,13.975648000000001,0.3564936666979592,6.98223,false,true,false,true,true,false,false,false,false,false,false,ENTRY_TIMELINE_PARTIAL_RECONCILIATION,false,,strict PnL unavailable
2026-04-23__beijing__high,2026-04-23,2026-04-23T14:24:40+08:00,23°C,YES,0.005,0.5,270.0,1.35,13.975648000000001,0.09659659430460756,6.98223,false,true,false,true,true,false,false,false,false,false,false,ENTRY_TIMELINE_PARTIAL_RECONCILIATION,false,,strict PnL unavailable
2026-04-23__beijing__high,2026-04-23,2026-04-23T14:24:52+08:00,23°C,YES,0.005,0.5,130.0,0.65,13.975648000000001,0.04650947133184808,6.98223,false,true,false,false,true,false,false,false,false,false,false,ENTRY_TIMELINE_PARTIAL_RECONCILIATION,false,,strict PnL unavailable
2026-04-25__beijing__high,2026-04-25,2026-04-25T03:55:28+08:00,26°C,YES,0.07,7.000000000000001,45.35,3.5,23.5,0.14893617021276595,3.5,false,true,false,false,false,false,false,false,false,false,false,ENTRY_TIMELINE_PARTIAL_RECONCILIATION,false,,strict PnL unavailable
2026-04-27__beijing__high,2026-04-27,2026-04-27T02:39:28+08:00,24°C,YES,0.08,8.0,40.86,3.6,14.226280000000001,0.253052800872751,7.6,true,true,false,true,false,false,false,false,false,false,false,ENTRY_TIMELINE_PARTIAL_UNMATCHED_SELL,false,,strict PnL unavailable
2026-04-27__beijing__high,2026-04-27,2026-04-27T03:59:30+08:00,24°C,YES,0.08,8.0,50.0,4.0,14.226280000000001,0.2811697787475011,7.6,true,true,false,false,false,false,false,false,false,false,false,ENTRY_TIMELINE_PARTIAL_UNMATCHED_SELL,false,,strict PnL unavailable
2026-04-27__beijing__high,2026-04-27,2026-04-27T13:46:58+08:00,25°C,YES,0.007,0.7000000000000001,2.23,0.01561,14.226280000000001,0.001097265061562123,3.3038000000000003,false,true,false,true,true,false,false,false,false,false,false,ENTRY_TIMELINE_PARTIAL_UNMATCHED_SELL,false,,strict PnL unavailable
2026-04-27__beijing__high,2026-04-27,2026-04-27T13:47:00+08:00,25°C,YES,0.007,0.7000000000000001,5.0,0.035,14.226280000000001,0.002460235564040635,3.3038000000000003,false,true,false,true,true,false,false,false,false,false,false,ENTRY_TIMELINE_PARTIAL_UNMATCHED_SELL,false,,strict PnL unavailable
2026-04-27__beijing__high,2026-04-27,2026-04-27T13:47:00+08:00,25°C,YES,0.007,0.7000000000000001,5.0,0.035,14.226280000000001,0.002460235564040635,3.3038000000000003,false,true,false,true,true,false,false,false,false,false,false,ENTRY_TIMELINE_PARTIAL_UNMATCHED_SELL,false,,strict PnL unavailable
2026-04-27__beijing__high,2026-04-27,2026-04-27T13:47:00+08:00,25°C,YES,0.007,0.7000000000000001,2.77,0.01939,14.226280000000001,0.0013629705024785115,3.3038000000000003,false,true,false,true,true,false,false,false,false,false,false,ENTRY_TIMELINE_PARTIAL_UNMATCHED_SELL,false,,strict PnL unavailable
2026-04-27__beijing__high,2026-04-27,2026-04-27T13:47:00+08:00,25°C,YES,0.007,0.7000000000000001,5.0,0.035,14.226280000000001,0.002460235564040635,3.3038000000000003,false,true,false,true,true,false,false,false,false,false,false,ENTRY_TIMELINE_PARTIAL_UNMATCHED_SELL,false,,strict PnL unavailable
2026-04-27__beijing__high,2026-04-27,2026-04-27T13:47:00+08:00,25°C,YES,0.007,0.7000000000000001,2.23,0.01561,14.226280000000001,0.001097265061562123,3.3038000000000003,false,true,false,true,true,false,false,false,false,false,false,ENTRY_TIMELINE_PARTIAL_UNMATCHED_SELL,false,,strict PnL unavailable
2026-04-27__beijing__high,2026-04-27,2026-04-27T13:47:00+08:00,25°C,YES,0.007,0.7000000000000001,5.0,0.035,14.226280000000001,0.002460235564040635,3.3038000000000003,false,true,false,true,true,false,false,false,false,false,false,ENTRY_TIMELINE_PARTIAL_UNMATCHED_SELL,false,,strict PnL unavailable
2026-04-27__beijing__high,2026-04-27,2026-04-27T13:47:00+08:00,25°C,YES,0.007,0.7000000000000001,5.0,0.035,14.226280000000001,0.002460235564040635,3.3038000000000003,false,true,false,true,true,false,false,false,false,false,false,ENTRY_TIMELINE_PARTIAL_UNMATCHED_SELL,false,,strict PnL unavailable
2026-04-27__beijing__high,2026-04-27,2026-04-27T13:47:02+08:00,25°C,YES,0.007,0.7000000000000001,5.0,0.035,14.226280000000001,0.002460235564040635,3.3038000000000003,false,true,false,true,true,false,false,false,false,false,false,ENTRY_TIMELINE_PARTIAL_UNMATCHED_SELL,false,,strict PnL unavailable
2026-04-27__beijing__high,2026-04-27,2026-04-27T13:47:06+08:00,25°C,YES,0.007,0.7000000000000001,5.0,0.035,14.226280000000001,0.002460235564040635,3.3038000000000003,false,true,false,true,true,false,false,false,false,false,false,ENTRY_TIMELINE_PARTIAL_UNMATCHED_SELL,false,,strict PnL unavailable
2026-04-27__beijing__high,2026-04-27,2026-04-27T13:47:06+08:00,25°C,YES,0.007,0.7000000000000001,2.77,0.01939,14.226280000000001,0.0013629705024785115,3.3038000000000003,false,true,false,true,true,false,false,false,false,false,false,ENTRY_TIMELINE_PARTIAL_UNMATCHED_SELL,false,,strict PnL unavailable
2026-04-27__beijing__high,2026-04-27,2026-04-27T13:48:00+08:00,25°C,YES,0.007,0.7000000000000001,10.0,0.07,14.226280000000001,0.00492047112808127,3.3038000000000003,false,true,false,true,true,false,false,false,false,false,false,ENTRY_TIMELINE_PARTIAL_UNMATCHED_SELL,false,,strict PnL unavailable
2026-04-27__beijing__high,2026-04-27,2026-04-27T13:49:30+08:00,25°C,YES,0.044,4.3999999999999995,25.05188,1.2188,14.226280000000001,0.08567243158436359,3.3038000000000003,false,true,false,true,true,false,false,false,false,false,false,ENTRY_TIMELINE_PARTIAL_UNMATCHED_SELL,false,,strict PnL unavailable
2026-04-27__beijing__high,2026-04-27,2026-04-27T13:52:12+08:00,25°C,YES,0.017,1.7000000000000002,12.6,0.2142,14.226280000000001,0.015056641651928684,3.3038000000000003,false,true,false,true,true,false,false,false,false,false,false,ENTRY_TIMELINE_PARTIAL_UNMATCHED_SELL,false,,strict PnL unavailable
2026-04-27__beijing__high,2026-04-27,2026-04-27T13:52:12+08:00,25°C,YES,0.017,1.7000000000000002,5.0,0.085,14.226280000000001,0.005974857798384399,3.3038000000000003,false,true,false,true,true,false,false,false,false,false,false,ENTRY_TIMELINE_PARTIAL_UNMATCHED_SELL,false,,strict PnL unavailable
2026-04-27__beijing__high,2026-04-27,2026-04-27T13:52:12+08:00,25°C,YES,0.017,1.7000000000000002,5.0,0.085,14.226280000000001,0.005974857798384399,3.3038000000000003,false,true,false,true,true,false,false,false,false,false,false,ENTRY_TIMELINE_PARTIAL_UNMATCHED_SELL,false,,strict PnL unavailable
2026-04-27__beijing__high,2026-04-27,2026-04-27T13:53:12+08:00,25°C,YES,0.017,1.7000000000000002,77.4,1.3158,14.226280000000001,0.09249079871899049,3.3038000000000003,false,true,false,false,true,false,false,false,false,false,false,ENTRY_TIMELINE_PARTIAL_UNMATCHED_SELL,false,,strict PnL unavailable
2026-04-27__beijing__high,2026-04-27,2026-04-27T14:00:00+08:00,26°C,YES,0.01,1.0,34.54434,0.3834,14.226280000000001,0.02695012329294798,1.5624799999999999,false,true,false,true,true,false,false,false,false,false,false,ENTRY_TIMELINE_PARTIAL_UNMATCHED_SELL,false,,strict PnL unavailable
2026-04-27__beijing__high,2026-04-27,2026-04-27T14:00:08+08:00,26°C,YES,0.0116062605,1.16062605,91.54892,1.17908,14.226280000000001,0.08288041568140089,1.5624799999999999,false,true,false,false,true,false,false,false,false,false,false,ENTRY_TIMELINE_PARTIAL_UNMATCHED_SELL,false,,strict PnL unavailable
2026-04-27__beijing__high,2026-04-27,2026-04-27T15:32:30+08:00,27°C or higher,YES,0.0048219178,0.48219177999999996,328.67602,1.76,14.226280000000001,0.12371470264890048,1.76,false,true,false,false,false,false,false,false,false,false,false,ENTRY_TIMELINE_PARTIAL_UNMATCHED_SELL,false,,strict PnL unavailable
2026-04-28__beijing__high,2026-04-28,2026-04-28T16:09:52+08:00,22°C,YES,0.038,3.8,2.6391,0.11096,1.07712,0.10301544860368389,1.07712,true,false,true,true,false,false,false,false,false,false,false,ENTRY_TIMELINE_COMPLETE,false,,strict PnL unavailable
2026-04-28__beijing__high,2026-04-28,2026-04-28T17:06:06+08:00,22°C,YES,0.0080332585,0.8033258499999999,108.33962,0.96616,1.07712,0.896984551396316,1.07712,true,false,true,false,false,false,false,false,false,false,false,ENTRY_TIMELINE_COMPLETE,false,,strict PnL unavailable
2026-04-30__beijing__high,2026-04-30,2026-04-30T16:52:24+08:00,29°C,YES,0.004,0.4,77.42,0.3251,0.3251,1.0,0.3251,true,false,true,false,false,false,false,false,false,false,false,ENTRY_TIMELINE_COMPLETE,false,,strict PnL unavailable
2026-05-02__beijing__high,2026-05-02,2026-05-02T12:13:22+08:00,26°C,YES,0.0456175583,4.56175583,125.98,6.02113,7.902200000000001,0.7619561641061983,6.02113,true,true,false,false,false,false,false,false,false,false,false,ENTRY_TIMELINE_COMPLETE,false,,strict PnL unavailable
2026-05-02__beijing__high,2026-05-02,2026-05-02T13:24:22+08:00,25°C,YES,0.012873805,1.2873805,130.75,1.76632,7.902200000000001,0.22352256333679227,1.8810699999999998,false,true,false,true,true,false,false,false,false,false,false,ENTRY_TIMELINE_COMPLETE,false,,strict PnL unavailable
2026-05-02__beijing__high,2026-05-02,2026-05-02T13:25:02+08:00,25°C,YES,0.017,1.7000000000000002,6.59,0.11203,7.902200000000001,0.014177064614917365,1.8810699999999998,false,true,false,true,true,false,false,false,false,false,false,ENTRY_TIMELINE_COMPLETE,false,,strict PnL unavailable
2026-05-02__beijing__high,2026-05-02,2026-05-02T13:25:28+08:00,25°C,YES,0.017,1.7000000000000002,0.16,0.00272,7.902200000000001,0.00034420794209207565,1.8810699999999998,false,true,false,false,true,false,false,false,false,false,false,ENTRY_TIMELINE_COMPLETE,false,,strict PnL unavailable
2026-05-04__beijing__high,2026-05-04,2026-05-04T15:37:54+08:00,27°C,YES,0.0664333028,6.64333028,98.13,6.8234,15.644491,0.43615353161697623,15.644491,true,false,true,true,false,false,false,false,false,false,false,ENTRY_TIMELINE_COMPLETE,false,,strict PnL unavailable
2026-05-04__beijing__high,2026-05-04,2026-05-04T15:38:00+08:00,27°C,YES,0.07,7.000000000000001,11.73,0.8211,15.644491,0.052484929039877365,15.644491,true,false,true,true,false,false,false,false,false,false,false,ENTRY_TIMELINE_COMPLETE,false,,strict PnL unavailable
2026-05-04__beijing__high,2026-05-04,2026-05-04T16:09:34+08:00,27°C,YES,0.04,4.0,50.0,2.0,15.644491,0.12784052865638135,15.644491,true,false,true,true,false,false,false,false,false,false,false,ENTRY_TIMELINE_COMPLETE,false,,strict PnL unavailable
2026-05-04__beijing__high,2026-05-04,2026-05-04T16:12:28+08:00,27°C,YES,0.04,4.0,15.769775,0.630791,15.644491,0.04032032745584372,15.644491,true,false,true,true,false,false,false,false,false,false,false,ENTRY_TIMELINE_COMPLETE,false,,strict PnL unavailable
2026-05-04__beijing__high,2026-05-04,2026-05-04T16:12:32+08:00,27°C,YES,0.04,4.0,16.66,0.6664,15.644491,0.042596464148306264,15.644491,true,false,true,true,false,false,false,false,false,false,false,ENTRY_TIMELINE_COMPLETE,false,,strict PnL unavailable
2026-05-04__beijing__high,2026-05-04,2026-05-04T16:12:38+08:00,27°C,YES,0.04,4.0,16.66,0.6664,15.644491,0.042596464148306264,15.644491,true,false,true,true,false,false,false,false,false,false,false,ENTRY_TIMELINE_COMPLETE,false,,strict PnL unavailable
2026-05-04__beijing__high,2026-05-04,2026-05-04T16:12:42+08:00,27°C,YES,0.04,4.0,16.66,0.6664,15.644491,0.042596464148306264,15.644491,true,false,true,true,false,false,false,false,false,false,false,ENTRY_TIMELINE_COMPLETE,false,,strict PnL unavailable
2026-05-04__beijing__high,2026-05-04,2026-05-04T16:12:48+08:00,27°C,YES,0.04,4.0,16.66,0.6664,15.644491,0.042596464148306264,15.644491,true,false,true,true,false,false,false,false,false,false,false,ENTRY_TIMELINE_COMPLETE,false,,strict PnL unavailable
2026-05-04__beijing__high,2026-05-04,2026-05-04T16:12:52+08:00,27°C,YES,0.04,4.0,16.66,0.6664,15.644491,0.042596464148306264,15.644491,true,false,true,true,false,false,false,false,false,false,false,ENTRY_TIMELINE_COMPLETE,false,,strict PnL unavailable
2026-05-04__beijing__high,2026-05-04,2026-05-04T16:12:58+08:00,27°C,YES,0.04,4.0,16.66,0.6664,15.644491,0.042596464148306264,15.644491,true,false,true,true,false,false,false,false,false,false,false,ENTRY_TIMELINE_COMPLETE,false,,strict PnL unavailable
2026-05-04__beijing__high,2026-05-04,2026-05-04T16:13:04+08:00,27°C,YES,0.04,4.0,16.66,0.6664,15.644491,0.042596464148306264,15.644491,true,false,true,true,false,false,false,false,false,false,false,ENTRY_TIMELINE_COMPLETE,false,,strict PnL unavailable
2026-05-04__beijing__high,2026-05-04,2026-05-04T16:13:08+08:00,27°C,YES,0.04,4.0,11.66,0.4664,15.644491,0.029812411282668125,15.644491,true,false,true,true,false,false,false,false,false,false,false,ENTRY_TIMELINE_COMPLETE,false,,strict PnL unavailable
2026-05-04__beijing__high,2026-05-04,2026-05-04T16:13:10+08:00,27°C,YES,0.04,4.0,3.9,0.156,15.644491,0.009971561235197745,15.644491,true,false,true,true,false,false,false,false,false,false,false,ENTRY_TIMELINE_COMPLETE,false,,strict PnL unavailable
2026-05-04__beijing__high,2026-05-04,2026-05-04T16:13:12+08:00,27°C,YES,0.04,4.0,2.05,0.082,15.644491,0.0052414616749116355,15.644491,true,false,true,false,false,false,false,false,false,false,false,ENTRY_TIMELINE_COMPLETE,false,,strict PnL unavailable
2026-05-05__beijing__high,2026-05-05,2026-05-05T13:11:26+08:00,28°C or below,YES,0.035,3.5000000000000004,200.0,7.33775,66.04886,0.11109578575618109,7.33775,false,true,false,false,false,false,false,false,false,false,false,ENTRY_TIMELINE_COMPLETE,false,,strict PnL unavailable
2026-05-05__beijing__high,2026-05-05,2026-05-05T13:40:34+08:00,31°C,YES,0.04,4.0,5.0,0.2096,66.04886,0.003173408291982632,16.9864,false,true,false,true,true,false,false,false,false,false,false,ENTRY_TIMELINE_COMPLETE,false,,strict PnL unavailable
2026-05-05__beijing__high,2026-05-05,2026-05-05T13:40:44+08:00,31°C,YES,0.04,4.0,5.0,0.2,66.04886,0.003028061347311672,16.9864,false,true,false,true,true,false,false,false,false,false,false,ENTRY_TIMELINE_COMPLETE,false,,strict PnL unavailable
2026-05-05__beijing__high,2026-05-05,2026-05-05T13:40:44+08:00,31°C,YES,0.04,4.0,30.0,1.2,66.04886,0.01816836808387003,16.9864,false,true,false,true,true,false,false,false,false,false,false,ENTRY_TIMELINE_COMPLETE,false,,strict PnL unavailable
2026-05-05__beijing__high,2026-05-05,2026-05-05T13:40:44+08:00,31°C,YES,0.04,4.0,5.0,0.2,66.04886,0.003028061347311672,16.9864,false,true,false,true,true,false,false,false,false,false,false,ENTRY_TIMELINE_COMPLETE,false,,strict PnL unavailable
2026-05-05__beijing__high,2026-05-05,2026-05-05T13:40:44+08:00,31°C,YES,0.04,4.0,5.0,0.2,66.04886,0.003028061347311672,16.9864,false,true,false,true,true,false,false,false,false,false,false,ENTRY_TIMELINE_COMPLETE,false,,strict PnL unavailable
2026-05-05__beijing__high,2026-05-05,2026-05-05T13:40:44+08:00,31°C,YES,0.04,4.0,5.0,0.2,66.04886,0.003028061347311672,16.9864,false,true,false,true,true,false,false,false,false,false,false,ENTRY_TIMELINE_COMPLETE,false,,strict PnL unavailable
2026-05-05__beijing__high,2026-05-05,2026-05-05T13:40:44+08:00,31°C,YES,0.04,4.0,5.0,0.2,66.04886,0.003028061347311672,16.9864,false,true,false,true,true,false,false,false,false,false,false,ENTRY_TIMELINE_COMPLETE,false,,strict PnL unavailable
2026-05-05__beijing__high,2026-05-05,2026-05-05T14:32:06+08:00,32°C,YES,0.0121673333,1.2167333299999998,150.0,1.91524,66.04886,0.02899732107412603,2.92914,false,true,false,true,true,false,false,false,false,false,false,ENTRY_TIMELINE_COMPLETE,false,,strict PnL unavailable
2026-05-05__beijing__high,2026-05-05,2026-05-05T14:49:18+08:00,32°C,YES,0.01,1.0,10.16,0.1016,66.04886,0.001538255164434329,2.92914,false,true,false,true,true,false,false,false,false,false,false,ENTRY_TIMELINE_COMPLETE,false,,strict PnL unavailable
2026-05-05__beijing__high,2026-05-05,2026-05-05T14:50:24+08:00,32°C,YES,0.01,1.0,5.0,0.05,66.04886,0.000757015336827918,2.92914,false,true,false,true,true,false,false,false,false,false,false,ENTRY_TIMELINE_COMPLETE,false,,strict PnL unavailable
2026-05-05__beijing__high,2026-05-05,2026-05-05T14:53:38+08:00,32°C,YES,0.01,1.0,9.61,0.0961,66.04886,0.0014549834773832583,2.92914,false,true,false,true,true,false,false,false,false,false,false,ENTRY_TIMELINE_COMPLETE,false,,strict PnL unavailable
2026-05-05__beijing__high,2026-05-05,2026-05-05T15:11:10+08:00,31°C,YES,0.04,4.0,13.77,0.5508,66.04886,0.008339280950496344,16.9864,false,true,false,false,true,false,false,false,false,false,false,ENTRY_TIMELINE_COMPLETE,false,,strict PnL unavailable
2026-05-05__beijing__high,2026-05-05,2026-05-05T15:31:30+08:00,32°C,YES,0.0081111111,0.81111111,90.0,0.7662,66.04886,0.011600503021551014,2.92914,false,true,false,false,true,false,false,false,false,false,false,ENTRY_TIMELINE_COMPLETE,false,,strict PnL unavailable
2026-05-06__beijing__high,2026-05-06,2026-05-06T12:10:40+08:00,27°C,YES,0.022,2.1999999999999997,32.0,0.704,2.37979,0.29582442148256777,1.3639999999999999,true,true,true,false,false,false,false,false,false,false,false,ENTRY_TIMELINE_COMPLETE,true,17.361361,event-level authoritative strict PnL; not attributed to this fill
2026-05-06__beijing__high,2026-05-06,2026-05-06T12:10:40+08:00,27°C,YES,0.022,2.1999999999999997,30.0,0.66,2.37979,0.27733539513990735,1.3639999999999999,true,true,true,false,false,false,false,false,false,false,false,ENTRY_TIMELINE_COMPLETE,true,17.361361,event-level authoritative strict PnL; not attributed to this fill
2026-05-06__beijing__high,2026-05-06,2026-05-06T12:10:40+08:00,28°C,YES,0.005,0.5,10.0,0.05,2.37979,0.021010257207568737,0.35295,false,true,true,true,true,false,false,false,false,false,false,ENTRY_TIMELINE_COMPLETE,true,17.361361,event-level authoritative strict PnL; not attributed to this fill
2026-05-06__beijing__high,2026-05-06,2026-05-06T12:10:40+08:00,29°C,YES,0.002,0.2,30.0,0.06,2.37979,0.02521230864908248,0.66284,false,true,true,true,true,false,false,false,false,false,false,ENTRY_TIMELINE_COMPLETE,true,17.361361,event-level authoritative strict PnL; not attributed to this fill
2026-05-06__beijing__high,2026-05-06,2026-05-06T12:10:48+08:00,28°C,YES,0.005,0.5,0.61,0.00305,2.37979,0.001281625689661693,0.35295,false,true,true,true,true,false,false,false,false,false,false,ENTRY_TIMELINE_COMPLETE,true,17.361361,event-level authoritative strict PnL; not attributed to this fill
2026-05-06__beijing__high,2026-05-06,2026-05-06T12:10:48+08:00,29°C,YES,0.002,0.2,0.61,0.00122,2.37979,0.0005126502758646772,0.66284,false,true,true,true,true,false,false,false,false,false,false,ENTRY_TIMELINE_COMPLETE,true,17.361361,event-level authoritative strict PnL; not attributed to this fill
2026-05-06__beijing__high,2026-05-06,2026-05-06T12:23:12+08:00,29°C,YES,0.002,0.2,5.0,0.01,2.37979,0.0042020514415137475,0.66284,false,true,true,true,true,false,false,false,false,false,false,ENTRY_TIMELINE_COMPLETE,true,17.361361,event-level authoritative strict PnL; not attributed to this fill
2026-05-06__beijing__high,2026-05-06,2026-05-06T12:23:16+08:00,29°C,YES,0.002,0.2,4.06,0.00812,2.37979,0.003412065770509163,0.66284,false,true,true,true,true,false,false,false,false,false,false,ENTRY_TIMELINE_COMPLETE,true,17.361361,event-level authoritative strict PnL; not attributed to this fill
2026-05-06__beijing__high,2026-05-06,2026-05-06T12:45:30+08:00,29°C,YES,0.005,0.5,92.35,0.46175,2.37979,0.19402972531189727,0.66284,false,true,true,true,false,false,false,false,false,false,false,ENTRY_TIMELINE_COMPLETE,true,17.361361,event-level authoritative strict PnL; not attributed to this fill
2026-05-06__beijing__high,2026-05-06,2026-05-06T12:50:34+08:00,29°C,YES,0.005,0.5,5.0,0.025,2.37979,0.010505128603784369,0.66284,false,true,true,true,false,false,false,false,false,false,false,ENTRY_TIMELINE_COMPLETE,true,17.361361,event-level authoritative strict PnL; not attributed to this fill
2026-05-06__beijing__high,2026-05-06,2026-05-06T12:56:54+08:00,29°C,YES,0.005,0.5,19.35,0.09675,2.37979,0.040654847696645506,0.66284,false,true,true,false,false,false,false,false,false,false,false,ENTRY_TIMELINE_COMPLETE,true,17.361361,event-level authoritative strict PnL; not attributed to this fill
2026-05-06__beijing__high,2026-05-06,2026-05-06T13:10:14+08:00,28°C,YES,0.005,0.5,59.98,0.2999,2.37979,0.12601952273099729,0.35295,false,true,true,false,true,false,false,false,false,false,false,ENTRY_TIMELINE_COMPLETE,true,17.361361,event-level authoritative strict PnL; not attributed to this fill
2026-05-07__beijing__high,2026-05-07,2026-05-07T16:07:16+08:00,26°C,YES,0.008,0.8,488.7,4.10351,20.87014,0.19662110556038437,20.87014,true,false,true,false,false,false,false,false,false,false,false,ENTRY_TIMELINE_COMPLETE,false,,strict PnL unavailable
2026-05-08__beijing__high,2026-05-08,2026-05-08T16:15:07+08:00,29°C,YES,0.0112680519,1.12680519,154.0,1.82106,1.82106,1.0,1.82106,true,false,true,false,false,false,false,false,false,false,false,ENTRY_TIMELINE_COMPLETE,false,,strict PnL unavailable
2026-05-11__beijing__high,2026-05-11,2026-05-11T01:37:22+08:00,28°C or below,YES,0.01,1.0,265.72,2.78873,11.52155,0.24204469016755562,4.777200000000001,false,true,true,true,false,false,false,false,false,false,false,ENTRY_TIMELINE_COMPLETE,false,,strict PnL unavailable
2026-05-11__beijing__high,2026-05-11,2026-05-11T01:37:32+08:00,29°C,YES,0.0136863421,1.36863421,469.62,6.74435,11.52155,0.585368288120956,6.74435,true,true,true,false,false,false,false,false,false,false,false,ENTRY_TIMELINE_COMPLETE,false,,strict PnL unavailable
2026-05-11__beijing__high,2026-05-11,2026-05-11T01:37:41+08:00,28°C or below,YES,0.0149493,1.49493,100.0,1.56855,11.52155,0.13614053664654496,4.777200000000001,false,true,true,true,false,false,false,false,false,false,false,ENTRY_TIMELINE_COMPLETE,false,,strict PnL unavailable
2026-05-11__beijing__high,2026-05-11,2026-05-11T12:13:45+08:00,28°C or below,YES,0.004,0.4,100.0,0.41992,11.52155,0.03644648506494352,4.777200000000001,false,true,true,false,false,false,false,false,false,false,false,ENTRY_TIMELINE_COMPLETE,false,,strict PnL unavailable
2026-05-12__beijing__high,2026-05-12,2026-05-12T10:56:53+08:00,30°C,YES,0.012,1.2,148.73,1.87292,1.87292,1.0,1.87292,true,false,false,false,false,false,false,false,false,false,false,ENTRY_TIMELINE_COMPLETE,true,-0.134294,event-level authoritative strict PnL; not attributed to this fill
2026-05-14__beijing__high,2026-05-14,2026-05-14T12:23:25+08:00,35°C,YES,0.0331652138,3.31652138,313.17,10.88844,37.47944,0.2905176811606577,13.85844,false,true,false,true,false,false,false,false,false,false,false,ENTRY_TIMELINE_COMPLETE,true,20.815665000000003,event-level authoritative strict PnL; not attributed to this fill
2026-05-14__beijing__high,2026-05-14,2026-05-14T12:23:29+08:00,35°C,YES,0.099,9.9,20.0,1.98,37.47944,0.05282896436019322,13.85844,false,true,false,false,false,false,false,false,false,false,false,ENTRY_TIMELINE_COMPLETE,true,20.815665000000003,event-level authoritative strict PnL; not attributed to this fill
2026-05-14__beijing__high,2026-05-14,2026-05-14T12:23:29+08:00,35°C,YES,0.099,9.9,10.0,0.99,37.47944,0.02641448218009661,13.85844,false,true,false,false,false,false,false,false,false,false,false,ENTRY_TIMELINE_COMPLETE,true,20.815665000000003,event-level authoritative strict PnL; not attributed to this fill
2026-05-21__beijing__high,2026-05-21,2026-05-21T03:02:21+08:00,32°C or higher,YES,0.0235963695,2.35963695,566.31,14.01523,56.014663,0.25020645040745854,14.01523,false,true,false,false,false,false,false,false,false,false,false,ENTRY_TIMELINE_COMPLETE,true,19.264678,event-level authoritative strict PnL; not attributed to this fill
2026-05-21__beijing__high,2026-05-21,2026-05-21T03:03:03+08:00,31°C,YES,0.0424549937,4.24549937,480.71,21.38564,56.014663,0.3817864618769553,41.999432999999996,true,true,false,true,false,false,false,false,false,false,false,ENTRY_TIMELINE_COMPLETE,true,19.264678,event-level authoritative strict PnL; not attributed to this fill
2026-05-21__beijing__high,2026-05-21,2026-05-21T03:04:39+08:00,31°C,YES,0.0256961658,2.56961658,103.28,2.78318,56.014663,0.049686632944663085,41.999432999999996,true,true,false,true,false,false,false,false,false,false,false,ENTRY_TIMELINE_COMPLETE,true,19.264678,event-level authoritative strict PnL; not attributed to this fill
2026-05-21__beijing__high,2026-05-21,2026-05-21T03:05:45+08:00,31°C,YES,0.01,1.0,10.35,0.10862,56.014663,0.00193913511538934,41.999432999999996,true,true,false,true,false,false,false,false,false,false,false,ENTRY_TIMELINE_COMPLETE,true,19.264678,event-level authoritative strict PnL; not attributed to this fill
2026-05-21__beijing__high,2026-05-21,2026-05-21T03:05:56+08:00,31°C,YES,0.056,5.6000000000000005,6.0,0.35185,56.014663,0.006281390999353152,41.999432999999996,true,true,false,true,false,false,false,false,false,false,false,ENTRY_TIMELINE_COMPLETE,true,19.264678,event-level authoritative strict PnL; not attributed to this fill
2026-05-21__beijing__high,2026-05-21,2026-05-21T03:06:06+08:00,31°C,YES,0.006,0.6,8.84,0.05304,56.014663,0.0009468949228526109,41.999432999999996,true,true,false,true,false,false,false,false,false,false,false,ENTRY_TIMELINE_COMPLETE,true,19.264678,event-level authoritative strict PnL; not attributed to this fill
2026-05-21__beijing__high,2026-05-21,2026-05-21T03:06:22+08:00,31°C,YES,0.006,0.6,1.52,0.00912,56.014663,0.00016281451162171592,41.999432999999996,true,true,false,true,false,false,false,false,false,false,false,ENTRY_TIMELINE_COMPLETE,true,19.264678,event-level authoritative strict PnL; not attributed to this fill
2026-05-21__beijing__high,2026-05-21,2026-05-21T03:06:22+08:00,31°C,YES,0.006,0.6,1.69,0.01014,56.014663,0.0001810240293688815,41.999432999999996,true,true,false,true,false,false,false,false,false,false,false,ENTRY_TIMELINE_COMPLETE,true,19.264678,event-level authoritative strict PnL; not attributed to this fill
2026-05-21__beijing__high,2026-05-21,2026-05-21T03:06:22+08:00,31°C,YES,0.006,0.6,56.09,0.33654,56.014663,0.006008069708461872,41.999432999999996,true,true,false,true,false,false,false,false,false,false,false,ENTRY_TIMELINE_COMPLETE,true,19.264678,event-level authoritative strict PnL; not attributed to this fill
2026-05-21__beijing__high,2026-05-21,2026-05-21T03:06:22+08:00,31°C,YES,0.006,0.6,7.02,0.04212,56.014663,0.0007519459681476616,41.999432999999996,true,true,false,true,false,false,false,false,false,false,false,ENTRY_TIMELINE_COMPLETE,true,19.264678,event-level authoritative strict PnL; not attributed to this fill
2026-05-21__beijing__high,2026-05-21,2026-05-21T03:06:52+08:00,31°C,YES,0.006,0.6,1.16,0.00696,56.014663,0.00012425317992183582,41.999432999999996,true,true,false,true,false,false,false,false,false,false,false,ENTRY_TIMELINE_COMPLETE,true,19.264678,event-level authoritative strict PnL; not attributed to this fill
2026-05-21__beijing__high,2026-05-21,2026-05-21T03:06:52+08:00,31°C,YES,0.006,0.6,12.33,0.07398,56.014663,0.001320725610720893,41.999432999999996,true,true,false,true,false,false,false,false,false,false,false,ENTRY_TIMELINE_COMPLETE,true,19.264678,event-level authoritative strict PnL; not attributed to this fill
2026-05-21__beijing__high,2026-05-21,2026-05-21T03:06:52+08:00,31°C,YES,0.006,0.6,4.75,0.0285,56.014663,0.0005087953488178622,41.999432999999996,true,true,false,true,false,false,false,false,false,false,false,ENTRY_TIMELINE_COMPLETE,true,19.264678,event-level authoritative strict PnL; not attributed to this fill
2026-05-21__beijing__high,2026-05-21,2026-05-21T03:07:23+08:00,31°C,YES,0.006,0.6,91.94,0.55164,56.014663,0.009848135656908265,41.999432999999996,true,true,false,true,false,false,false,false,false,false,false,ENTRY_TIMELINE_COMPLETE,true,19.264678,event-level authoritative strict PnL; not attributed to this fill
2026-05-21__beijing__high,2026-05-21,2026-05-21T03:07:39+08:00,31°C,YES,0.006,0.6,8.69,0.05214,56.014663,0.0009308277013109943,41.999432999999996,true,true,false,true,false,false,false,false,false,false,false,ENTRY_TIMELINE_COMPLETE,true,19.264678,event-level authoritative strict PnL; not attributed to this fill
2026-05-21__beijing__high,2026-05-21,2026-05-21T03:07:39+08:00,31°C,YES,0.006,0.6,0.62,0.00372,56.014663,6.641118237201571e-05,41.999432999999996,true,true,false,true,false,false,false,false,false,false,false,ENTRY_TIMELINE_COMPLETE,true,19.264678,event-level authoritative strict PnL; not attributed to this fill
2026-05-21__beijing__high,2026-05-21,2026-05-21T03:07:51+08:00,31°C,YES,0.006,0.6,21.49,0.12894,56.014663,0.002301897272862286,41.999432999999996,true,true,false,true,false,false,false,false,false,false,false,ENTRY_TIMELINE_COMPLETE,true,19.264678,event-level authoritative strict PnL; not attributed to this fill
2026-05-21__beijing__high,2026-05-21,2026-05-21T03:08:00+08:00,31°C,YES,0.006,0.6,31.79,0.19074,56.014663,0.0034051798187199663,41.999432999999996,true,true,false,false,false,false,false,false,false,false,false,ENTRY_TIMELINE_COMPLETE,true,19.264678,event-level authoritative strict PnL; not attributed to this fill
2026-05-22__beijing__high,2026-05-22,2026-05-22T17:46:05+08:00,23°C,YES,0.0189693642,1.89693642,329.68,6.56057,6.56057,1.0,6.56057,true,false,true,false,false,false,false,false,false,false,false,ENTRY_TIMELINE_COMPLETE,false,,strict PnL unavailable
2026-05-23__beijing__high,2026-05-23,2026-05-23T15:52:19+08:00,27°C,YES,0.05,5.0,69.6223,3.481115,12.990265,0.26797875178066033,12.990265,true,false,true,true,false,false,false,false,false,false,false,ENTRY_TIMELINE_COMPLETE,false,,strict PnL unavailable
2026-05-23__beijing__high,2026-05-23,2026-05-23T16:01:16+08:00,27°C,YES,0.05,5.0,100.0,5.0,12.990265,0.3849036182094822,12.990265,true,false,true,true,false,false,false,false,false,false,false,ENTRY_TIMELINE_COMPLETE,false,,strict PnL unavailable
2026-05-23__beijing__high,2026-05-23,2026-05-23T16:02:02+08:00,27°C,YES,0.05,5.0,30.37,1.5185,12.990265,0.11689522885021975,12.990265,true,false,true,true,false,false,false,false,false,false,false,ENTRY_TIMELINE_COMPLETE,false,,strict PnL unavailable
2026-05-23__beijing__high,2026-05-23,2026-05-23T16:22:44+08:00,27°C,YES,0.01,1.0,284.96,2.99065,12.990265,0.2302224011596376,12.990265,true,false,true,false,false,false,false,false,false,false,false,ENTRY_TIMELINE_COMPLETE,false,,strict PnL unavailable
2026-06-03__beijing__high,2026-06-03,2026-06-03T11:39:47+08:00,31°C,YES,0.06,6.0,55.0,3.4551,3.4551,1.0,3.4551,true,false,true,false,false,false,false,false,false,false,false,ENTRY_TIMELINE_COMPLETE,false,,strict PnL unavailable
2026-06-12__beijing__high,2026-06-12,2026-06-12T02:48:58+08:00,31°C,YES,0.015,1.5,5.0,0.075,72.900985,0.001028792683665385,4.584934,false,true,false,true,true,false,false,false,false,false,false,ENTRY_TIMELINE_COMPLETE,false,,strict PnL unavailable
2026-06-12__beijing__high,2026-06-12,2026-06-12T03:18:21+08:00,31°C,YES,0.015,1.5,50.0,0.75,72.900985,0.010287926836653853,4.584934,false,true,false,true,true,false,false,false,false,false,false,ENTRY_TIMELINE_COMPLETE,false,,strict PnL unavailable
2026-06-12__beijing__high,2026-06-12,2026-06-12T03:18:21+08:00,31°C,YES,0.015,1.5,75.0,1.125,72.900985,0.015431890254980778,4.584934,false,true,false,true,true,false,false,false,false,false,false,ENTRY_TIMELINE_COMPLETE,false,,strict PnL unavailable
2026-06-12__beijing__high,2026-06-12,2026-06-12T04:18:21+08:00,31°C,YES,0.015,1.5,43.64,0.6546,72.900985,0.008979302543031482,4.584934,false,true,false,true,true,false,false,false,false,false,false,ENTRY_TIMELINE_COMPLETE,false,,strict PnL unavailable
2026-06-12__beijing__high,2026-06-12,2026-06-12T05:18:03+08:00,31°C,YES,0.015,1.5,10.94,0.1641,72.900985,0.002250998391859863,4.584934,false,true,false,true,true,false,false,false,false,false,false,ENTRY_TIMELINE_COMPLETE,false,,strict PnL unavailable
2026-06-12__beijing__high,2026-06-12,2026-06-12T05:18:06+08:00,31°C,YES,0.015,1.5,73.06,1.0959,72.900985,0.01503271869371861,4.584934,false,true,false,true,true,false,false,false,false,false,false,ENTRY_TIMELINE_COMPLETE,false,,strict PnL unavailable
2026-06-12__beijing__high,2026-06-12,2026-06-12T05:37:19+08:00,31°C,YES,0.015,1.5,8.0,0.12,72.900985,0.0016460682938646163,4.584934,false,true,false,true,true,false,false,false,false,false,false,ENTRY_TIMELINE_COMPLETE,false,,strict PnL unavailable
2026-06-12__beijing__high,2026-06-12,2026-06-12T05:37:21+08:00,31°C,YES,0.015,1.5,13.0,0.195,72.900985,0.0026748609775300016,4.584934,false,true,false,true,true,false,false,false,false,false,false,ENTRY_TIMELINE_COMPLETE,false,,strict PnL unavailable
2026-06-12__beijing__high,2026-06-12,2026-06-12T05:37:21+08:00,31°C,YES,0.015,1.5,15.0,0.225,72.900985,0.003086378050996156,4.584934,false,true,false,true,true,false,false,false,false,false,false,ENTRY_TIMELINE_COMPLETE,false,,strict PnL unavailable
2026-06-12__beijing__high,2026-06-12,2026-06-12T06:13:52+08:00,31°C,YES,0.015000001,1.5000001,10.152266,0.152284,72.900985,0.002088915533857327,4.584934,false,true,false,true,true,false,false,false,false,false,false,ENTRY_TIMELINE_COMPLETE,false,,strict PnL unavailable
2026-06-12__beijing__high,2026-06-12,2026-06-12T06:17:49+08:00,31°C,YES,0.015,1.5,1.87,0.02805,72.900985,0.00038476846369085406,4.584934,false,true,false,false,true,false,false,false,false,false,false,ENTRY_TIMELINE_COMPLETE,false,,strict PnL unavailable
2026-06-12__beijing__high,2026-06-12,2026-06-12T13:42:40+08:00,33°C,YES,0.0735686364,7.35686364,220.0,16.93481,72.900985,0.23229878169684534,16.93481,false,true,false,false,true,false,false,false,false,false,false,ENTRY_TIMELINE_COMPLETE,false,,strict PnL unavailable
2026-06-12__beijing__high,2026-06-12,2026-06-12T13:43:19+08:00,30°C,YES,0.0845545731,8.45545731,217.14,19.20056,72.900985,0.26337860867037666,19.20056,false,true,false,false,false,false,false,false,false,false,false,ENTRY_TIMELINE_COMPLETE,false,,strict PnL unavailable
2026-06-12__beijing__high,2026-06-12,2026-06-12T15:02:25+08:00,34°C,YES,0.04,4.0,9.21665,0.368666,72.900985,0.005057078446882439,7.999791,false,true,false,true,true,false,false,false,false,false,false,ENTRY_TIMELINE_COMPLETE,false,,strict PnL unavailable
2026-06-12__beijing__high,2026-06-12,2026-06-12T15:07:03+08:00,34°C,YES,0.04,4.0,66.5,2.66,72.900985,0.03648784718066567,7.999791,false,true,false,true,true,false,false,false,false,false,false,ENTRY_TIMELINE_COMPLETE,false,,strict PnL unavailable
2026-06-12__beijing__high,2026-06-12,2026-06-12T15:08:13+08:00,34°C,YES,0.04,4.0,31.008125,1.240325,72.900985,0.017013830471563584,7.999791,false,true,false,true,true,false,false,false,false,false,false,ENTRY_TIMELINE_COMPLETE,false,,strict PnL unavailable
2026-06-12__beijing__high,2026-06-12,2026-06-12T15:10:01+08:00,34°C,YES,0.04,4.0,93.27,3.7308,72.900985,0.05117626325625092,7.999791,false,true,false,false,true,false,false,false,false,false,false,ENTRY_TIMELINE_COMPLETE,false,,strict PnL unavailable
2026-06-15__beijing__high,2026-06-15,2026-06-15T03:46:31+08:00,26°C,YES,0.006,0.6,5.0,0.03,72.97331,0.0004111092123956005,3.10437,false,true,false,true,true,false,false,false,false,false,false,ENTRY_TIMELINE_COMPLETE,false,,strict PnL unavailable
2026-06-15__beijing__high,2026-06-15,2026-06-15T04:53:36+08:00,26°C,YES,0.0231899525,2.31899525,126.4,3.07437,72.97331,0.04213006097708875,3.10437,false,true,false,false,true,false,false,false,false,false,false,ENTRY_TIMELINE_COMPLETE,false,,strict PnL unavailable
2026-06-15__beijing__high,2026-06-15,2026-06-15T04:53:48+08:00,27°C,YES,0.059373959,5.937395899999999,200.53,12.46622,72.97331,0.17083259619167612,12.86782,false,true,false,false,true,false,false,false,false,false,false,ENTRY_TIMELINE_COMPLETE,false,,strict PnL unavailable
2026-06-15__beijing__high,2026-06-15,2026-06-15T04:53:48+08:00,27°C,YES,0.08,8.0,5.0,0.4,72.97331,0.005481456165274674,12.86782,false,true,false,false,true,false,false,false,false,false,false,ENTRY_TIMELINE_COMPLETE,false,,strict PnL unavailable
2026-06-15__beijing__high,2026-06-15,2026-06-15T04:53:48+08:00,27°C,YES,0.08,8.0,0.02,0.0016,72.97331,2.1925824661098697e-05,12.86782,false,true,false,false,true,false,false,false,false,false,false,ENTRY_TIMELINE_COMPLETE,false,,strict PnL unavailable
2026-06-16__beijing__high,2026-06-16,2026-06-16T04:07:25+08:00,23°C,YES,0.0104346206,1.04346206,297.8,3.26118,3.26118,1.0,3.26118,true,false,false,false,false,false,false,false,false,false,false,ENTRY_TIMELINE_COMPLETE,false,,strict PnL unavailable
2026-06-24__beijing__high,2026-06-24,2026-06-24T03:34:41+08:00,27°C or below,YES,0.02,2.0,267.0,5.60166,5.60166,1.0,5.60166,true,false,false,false,false,false,false,false,false,false,false,ENTRY_TIMELINE_COMPLETE,false,,strict PnL unavailable
2026-06-28__beijing__high,2026-06-28,2026-06-28T03:28:31+08:00,27°C or below,YES,0.006,0.6,5.0,0.03,16.96679,0.0017681600349859932,4.58898,false,true,true,true,false,false,false,false,false,false,false,ENTRY_TIMELINE_COMPLETE,false,,strict PnL unavailable
2026-06-28__beijing__high,2026-06-28,2026-06-28T03:34:20+08:00,28°C,YES,0.023,2.3,30.0,0.69,16.96679,0.04066768080467784,4.6000000000000005,false,true,true,true,false,false,false,false,false,false,false,ENTRY_TIMELINE_COMPLETE,false,,strict PnL unavailable
2026-06-28__beijing__high,2026-06-28,2026-06-28T03:34:22+08:00,28°C,YES,0.023,2.3,13.0,0.299,16.96679,0.017622661682027065,4.6000000000000005,false,true,true,true,false,false,false,false,false,false,false,ENTRY_TIMELINE_COMPLETE,false,,strict PnL unavailable
2026-06-28__beijing__high,2026-06-28,2026-06-28T03:34:55+08:00,28°C,YES,0.023,2.3,157.0,3.611,16.96679,0.21282752954448073,4.6000000000000005,false,true,true,false,false,false,false,false,false,false,false,ENTRY_TIMELINE_COMPLETE,false,,strict PnL unavailable
2026-06-28__beijing__high,2026-06-28,2026-06-28T04:07:01+08:00,27°C or below,YES,0.006,0.6,46.0,0.276,16.96679,0.016267072321871138,4.58898,false,true,true,true,false,false,false,false,false,false,false,ENTRY_TIMELINE_COMPLETE,false,,strict PnL unavailable
2026-06-28__beijing__high,2026-06-28,2026-06-28T04:31:46+08:00,27°C or below,YES,0.006,0.6,55.0,0.33,16.96679,0.019449760384845926,4.58898,false,true,true,true,false,false,false,false,false,false,false,ENTRY_TIMELINE_COMPLETE,false,,strict PnL unavailable
2026-06-28__beijing__high,2026-06-28,2026-06-28T04:33:35+08:00,27°C or below,YES,0.006,0.6,150.01,0.90006,16.96679,0.05304833736964977,4.58898,false,true,true,true,false,false,false,false,false,false,false,ENTRY_TIMELINE_COMPLETE,false,,strict PnL unavailable
2026-06-28__beijing__high,2026-06-28,2026-06-28T04:46:38+08:00,27°C or below,YES,0.006,0.6,66.0,0.396,16.96679,0.023339712461815112,4.58898,false,true,true,true,false,false,false,false,false,false,false,ENTRY_TIMELINE_COMPLETE,false,,strict PnL unavailable
2026-06-28__beijing__high,2026-06-28,2026-06-28T04:54:40+08:00,27°C or below,YES,0.006,0.6,130.0,0.78,16.96679,0.04597216090963583,4.58898,false,true,true,true,false,false,false,false,false,false,false,ENTRY_TIMELINE_COMPLETE,false,,strict PnL unavailable
2026-06-28__beijing__high,2026-06-28,2026-06-28T05:02:31+08:00,27°C or below,YES,0.006,0.6,102.0,0.612,16.96679,0.036070464713714265,4.58898,false,true,true,true,false,false,false,false,false,false,false,ENTRY_TIMELINE_COMPLETE,false,,strict PnL unavailable
2026-06-28__beijing__high,2026-06-28,2026-06-28T05:07:26+08:00,27°C or below,YES,0.006,0.6,1.72,0.01032,16.96679,0.0006082470520351816,4.58898,false,true,true,true,false,false,false,false,false,false,false,ENTRY_TIMELINE_COMPLETE,false,,strict PnL unavailable
2026-06-28__beijing__high,2026-06-28,2026-06-28T05:30:13+08:00,27°C or below,YES,0.006,0.6,5.0,0.03,16.96679,0.0017681600349859932,4.58898,false,true,true,true,false,false,false,false,false,false,false,ENTRY_TIMELINE_COMPLETE,false,,strict PnL unavailable
2026-06-28__beijing__high,2026-06-28,2026-06-28T05:31:20+08:00,27°C or below,YES,0.006,0.6,5.0,0.03,16.96679,0.0017681600349859932,4.58898,false,true,true,true,false,false,false,false,false,false,false,ENTRY_TIMELINE_COMPLETE,false,,strict PnL unavailable
2026-06-28__beijing__high,2026-06-28,2026-06-28T05:31:26+08:00,27°C or below,YES,0.006,0.6,5.0,0.03,16.96679,0.0017681600349859932,4.58898,false,true,true,true,false,false,false,false,false,false,false,ENTRY_TIMELINE_COMPLETE,false,,strict PnL unavailable
2026-06-28__beijing__high,2026-06-28,2026-06-28T05:31:43+08:00,27°C or below,YES,0.006,0.6,5.0,0.03,16.96679,0.0017681600349859932,4.58898,false,true,true,true,false,false,false,false,false,false,false,ENTRY_TIMELINE_COMPLETE,false,,strict PnL unavailable
2026-06-28__beijing__high,2026-06-28,2026-06-28T05:35:28+08:00,27°C or below,YES,0.006,0.6,14.0,0.084,16.96679,0.004950848097960782,4.58898,false,true,true,true,false,false,false,false,false,false,false,ENTRY_TIMELINE_COMPLETE,false,,strict PnL unavailable
2026-06-28__beijing__high,2026-06-28,2026-06-28T05:35:38+08:00,27°C or below,YES,0.006,0.6,1.1,0.0066,16.96679,0.00038899520769691853,4.58898,false,true,true,true,false,false,false,false,false,false,false,ENTRY_TIMELINE_COMPLETE,false,,strict PnL unavailable
2026-06-28__beijing__high,2026-06-28,2026-06-28T06:01:22+08:00,27°C or below,YES,0.006,0.6,5.0,0.03,16.96679,0.0017681600349859932,4.58898,false,true,true,true,false,false,false,false,false,false,false,ENTRY_TIMELINE_COMPLETE,false,,strict PnL unavailable
2026-06-28__beijing__high,2026-06-28,2026-06-28T06:02:32+08:00,27°C or below,YES,0.006,0.6,5.0,0.03,16.96679,0.0017681600349859932,4.58898,false,true,true,true,false,false,false,false,false,false,false,ENTRY_TIMELINE_COMPLETE,false,,strict PnL unavailable
2026-06-28__beijing__high,2026-06-28,2026-06-28T06:03:40+08:00,27°C or below,YES,0.006,0.6,10.0,0.06,16.96679,0.0035363200699719865,4.58898,false,true,true,true,false,false,false,false,false,false,false,ENTRY_TIMELINE_COMPLETE,false,,strict PnL unavailable
2026-06-28__beijing__high,2026-06-28,2026-06-28T06:03:40+08:00,27°C or below,YES,0.006,0.6,30.0,0.18,16.96679,0.010608960209915958,4.58898,false,true,true,true,false,false,false,false,false,false,false,ENTRY_TIMELINE_COMPLETE,false,,strict PnL unavailable
2026-06-28__beijing__high,2026-06-28,2026-06-28T06:03:40+08:00,27°C or below,YES,0.006,0.6,20.0,0.12,16.96679,0.007072640139943973,4.58898,false,true,true,true,false,false,false,false,false,false,false,ENTRY_TIMELINE_COMPLETE,false,,strict PnL unavailable
2026-06-28__beijing__high,2026-06-28,2026-06-28T06:03:41+08:00,27°C or below,YES,0.006,0.6,5.0,0.03,16.96679,0.0017681600349859932,4.58898,false,true,true,true,false,false,false,false,false,false,false,ENTRY_TIMELINE_COMPLETE,false,,strict PnL unavailable
2026-06-28__beijing__high,2026-06-28,2026-06-28T06:11:07+08:00,27°C or below,YES,0.006,0.6,5.0,0.03,16.96679,0.0017681600349859932,4.58898,false,true,true,true,false,false,false,false,false,false,false,ENTRY_TIMELINE_COMPLETE,false,,strict PnL unavailable
2026-06-28__beijing__high,2026-06-28,2026-06-28T06:14:07+08:00,27°C or below,YES,0.006,0.6,5.0,0.03,16.96679,0.0017681600349859932,4.58898,false,true,true,true,false,false,false,false,false,false,false,ENTRY_TIMELINE_COMPLETE,false,,strict PnL unavailable
2026-06-28__beijing__high,2026-06-28,2026-06-28T06:17:16+08:00,27°C or below,YES,0.006,0.6,10.0,0.06,16.96679,0.0035363200699719865,4.58898,false,true,true,true,false,false,false,false,false,false,false,ENTRY_TIMELINE_COMPLETE,false,,strict PnL unavailable
2026-06-28__beijing__high,2026-06-28,2026-06-28T06:17:17+08:00,27°C or below,YES,0.006,0.6,5.0,0.03,16.96679,0.0017681600349859932,4.58898,false,true,true,true,false,false,false,false,false,false,false,ENTRY_TIMELINE_COMPLETE,false,,strict PnL unavailable
2026-06-28__beijing__high,2026-06-28,2026-06-28T06:17:17+08:00,27°C or below,YES,0.006,0.6,30.0,0.18,16.96679,0.010608960209915958,4.58898,false,true,true,true,false,false,false,false,false,false,false,ENTRY_TIMELINE_COMPLETE,false,,strict PnL unavailable
2026-06-28__beijing__high,2026-06-28,2026-06-28T06:45:16+08:00,27°C or below,YES,0.006,0.6,5.0,0.03,16.96679,0.0017681600349859932,4.58898,false,true,true,true,false,false,false,false,false,false,false,ENTRY_TIMELINE_COMPLETE,false,,strict PnL unavailable
2026-06-28__beijing__high,2026-06-28,2026-06-28T06:45:16+08:00,27°C or below,YES,0.006,0.6,12.0,0.072,16.96679,0.004243584083966383,4.58898,false,true,true,true,false,false,false,false,false,false,false,ENTRY_TIMELINE_COMPLETE,false,,strict PnL unavailable
2026-06-28__beijing__high,2026-06-28,2026-06-28T06:49:22+08:00,27°C or below,YES,0.006,0.6,19.0,0.114,16.96679,0.0067190081329467745,4.58898,false,true,true,true,false,false,false,false,false,false,false,ENTRY_TIMELINE_COMPLETE,false,,strict PnL unavailable
2026-06-28__beijing__high,2026-06-28,2026-06-28T06:53:17+08:00,27°C or below,YES,0.006,0.6,8.0,0.048,16.96679,0.0028290560559775892,4.58898,false,true,true,false,false,false,false,false,false,false,false,ENTRY_TIMELINE_COMPLETE,false,,strict PnL unavailable
2026-06-28__beijing__high,2026-06-28,2026-06-28T16:18:11+08:00,35°C,YES,0.043639842,4.3639842,48.09,2.19899,16.96679,0.12960554117779496,7.77781,true,true,true,true,false,false,false,false,false,false,false,ENTRY_TIMELINE_COMPLETE,false,,strict PnL unavailable
2026-06-28__beijing__high,2026-06-28,2026-06-28T16:26:58+08:00,35°C,YES,0.013,1.3,27.77,0.37882,16.96679,0.022327146148446466,7.77781,true,true,true,true,false,false,false,false,false,false,false,ENTRY_TIMELINE_COMPLETE,false,,strict PnL unavailable
2026-06-28__beijing__high,2026-06-28,2026-06-28T16:44:05+08:00,35°C,YES,0.013,1.3,400.0,5.2,16.96679,0.3064810727309055,7.77781,true,true,true,false,false,false,false,false,false,false,false,ENTRY_TIMELINE_COMPLETE,false,,strict PnL unavailable
2026-06-29__beijing__high,2026-06-29,2026-06-29T15:37:50+08:00,29°C,YES,0.005,0.5,7.15,0.03575,73.926697,0.000483587140380423,0.999957,false,true,false,true,true,false,false,false,false,false,false,ENTRY_TIMELINE_COMPLETE,false,,strict PnL unavailable
2026-06-29__beijing__high,2026-06-29,2026-06-29T15:37:55+08:00,29°C,YES,0.005,0.5,8.0,0.04,73.926697,0.0005410765207053684,0.999957,false,true,false,true,true,false,false,false,false,false,false,ENTRY_TIMELINE_COMPLETE,false,,strict PnL unavailable
2026-06-29__beijing__high,2026-06-29,2026-06-29T15:49:32+08:00,29°C,YES,0.005,0.5,16.41,0.08205,73.926697,0.001109883213096887,0.999957,false,true,false,true,true,false,false,false,false,false,false,ENTRY_TIMELINE_COMPLETE,false,,strict PnL unavailable
2026-06-29__beijing__high,2026-06-29,2026-06-29T16:20:28+08:00,29°C,YES,0.005,0.5,5.0,0.025,73.926697,0.0003381728254408553,0.999957,false,true,false,true,true,false,false,false,false,false,false,ENTRY_TIMELINE_COMPLETE,false,,strict PnL unavailable
2026-06-29__beijing__high,2026-06-29,2026-06-29T16:24:19+08:00,29°C,YES,0.005,0.5,7.4614,0.037307,73.926697,0.0005046485439488794,0.999957,false,true,false,true,true,false,false,false,false,false,false,ENTRY_TIMELINE_COMPLETE,false,,strict PnL unavailable
2026-06-29__beijing__high,2026-06-29,2026-06-29T16:28:20+08:00,29°C,YES,0.005,0.5,5.0,0.025,73.926697,0.0003381728254408553,0.999957,false,true,false,true,true,false,false,false,false,false,false,ENTRY_TIMELINE_COMPLETE,false,,strict PnL unavailable
2026-06-29__beijing__high,2026-06-29,2026-06-29T16:28:44+08:00,29°C,YES,0.005,0.5,16.75,0.08375,73.926697,0.0011328789652268652,0.999957,false,true,false,true,true,false,false,false,false,false,false,ENTRY_TIMELINE_COMPLETE,false,,strict PnL unavailable
2026-06-29__beijing__high,2026-06-29,2026-06-29T16:34:01+08:00,29°C,YES,0.005,0.5,30.0,0.15,73.926697,0.0020290369526451313,0.999957,false,true,false,true,true,false,false,false,false,false,false,ENTRY_TIMELINE_COMPLETE,false,,strict PnL unavailable
2026-06-29__beijing__high,2026-06-29,2026-06-29T16:35:10+08:00,29°C,YES,0.005,0.5,19.65,0.09825,73.926697,0.0013290192039825612,0.999957,false,true,false,true,true,false,false,false,false,false,false,ENTRY_TIMELINE_COMPLETE,false,,strict PnL unavailable
2026-06-29__beijing__high,2026-06-29,2026-06-29T16:37:17+08:00,29°C,YES,0.005,0.5,84.57,0.42285,73.926697,0.005719855169506626,0.999957,false,true,false,false,true,false,false,false,false,false,false,ENTRY_TIMELINE_COMPLETE,false,,strict PnL unavailable
2026-07-04__beijing__high,2026-07-04,2026-07-04T03:18:40+08:00,31°C or below,YES,0.0166589477,1.66589477,171.44,2.99643,15.615026,0.19189401285659083,3.40137,false,true,true,true,false,false,false,false,false,false,false,ENTRY_TIMELINE_COMPLETE,false,,strict PnL unavailable
2026-07-04__beijing__high,2026-07-04,2026-07-04T05:07:16+08:00,32°C,YES,0.02,2.0,163.6,3.272,15.615026,0.2095417580476651,3.6728159999999996,false,true,true,true,false,false,false,false,false,false,false,ENTRY_TIMELINE_COMPLETE,false,,strict PnL unavailable
2026-07-04__beijing__high,2026-07-04,2026-07-04T06:29:46+08:00,32°C,YES,0.02,2.0,2.0408,0.040816,15.615026,0.0026138925417095045,3.6728159999999996,false,true,true,true,false,false,false,false,false,false,false,ENTRY_TIMELINE_COMPLETE,false,,strict PnL unavailable
2026-07-04__beijing__high,2026-07-04,2026-07-04T06:57:11+08:00,32°C,YES,0.02,2.0,18.0,0.36,15.615026,0.023054716655611075,3.6728159999999996,false,true,true,false,false,false,false,false,false,false,false,ENTRY_TIMELINE_COMPLETE,false,,strict PnL unavailable
2026-07-04__beijing__high,2026-07-04,2026-07-04T12:09:26+08:00,31°C or below,YES,0.009,0.8999999999999999,42.87,0.40494,15.615026,0.025932713784786527,3.40137,false,true,true,false,false,false,false,false,false,false,false,ENTRY_TIMELINE_COMPLETE,false,,strict PnL unavailable
2026-07-04__beijing__high,2026-07-04,2026-07-04T16:14:17+08:00,34°C,YES,0.088,8.799999999999999,77.58,7.13835,15.615026,0.4571462128849481,8.54084,true,true,true,true,false,false,false,false,false,false,false,ENTRY_TIMELINE_COMPLETE,false,,strict PnL unavailable
2026-07-04__beijing__high,2026-07-04,2026-07-04T16:14:19+08:00,34°C,YES,0.088,8.799999999999999,5.0,0.44,15.615026,0.02817798702352465,8.54084,true,true,true,true,false,false,false,false,false,false,false,ENTRY_TIMELINE_COMPLETE,false,,strict PnL unavailable
2026-07-04__beijing__high,2026-07-04,2026-07-04T17:21:47+08:00,34°C,YES,0.01,1.0,91.71,0.96249,15.615026,0.06163870620516418,8.54084,true,true,true,false,false,false,false,false,false,false,false,ENTRY_TIMELINE_COMPLETE,false,,strict PnL unavailable
2026-07-06__beijing__high,2026-07-06,2026-07-06T06:06:29+08:00,30°C,YES,0.0210000004,2.10000004,10.214476,0.214504,1.451551,0.1477757240358761,1.451551,true,false,false,true,false,false,false,false,false,false,false,ENTRY_TIMELINE_COMPLETE,false,,strict PnL unavailable
2026-07-06__beijing__high,2026-07-06,2026-07-06T06:53:14+08:00,30°C,YES,0.021,2.1,10.0,0.21,1.451551,0.1446728361593909,1.451551,true,false,false,true,false,false,false,false,false,false,false,ENTRY_TIMELINE_COMPLETE,false,,strict PnL unavailable
2026-07-06__beijing__high,2026-07-06,2026-07-06T07:01:08+08:00,30°C,YES,0.0210000117,2.10000117,1.021428,0.02145,1.451551,0.01477729683628064,1.451551,true,false,false,true,false,false,false,false,false,false,false,ENTRY_TIMELINE_COMPLETE,false,,strict PnL unavailable
2026-07-06__beijing__high,2026-07-06,2026-07-06T07:02:29+08:00,30°C,YES,0.0210000006,2.1000000599999997,20.735428,0.435444,1.451551,0.29998532604090383,1.451551,true,false,false,true,false,false,false,false,false,false,false,ENTRY_TIMELINE_COMPLETE,false,,strict PnL unavailable
2026-07-06__beijing__high,2026-07-06,2026-07-06T07:04:08+08:00,30°C,YES,0.0210000007,2.10000007,27.150142,0.570153,1.451551,0.3927888169275485,1.451551,true,false,false,false,false,false,false,false,false,false,false,ENTRY_TIMELINE_COMPLETE,false,,strict PnL unavailable
2026-07-10__beijing__high,2026-07-10,2026-07-10T14:13:20+08:00,29°C,YES,0.021,2.1,30.0,0.63,79.0534,0.007969296703241101,3.15,false,true,false,true,true,false,false,false,false,false,false,ENTRY_TIMELINE_COMPLETE,false,,strict PnL unavailable
2026-07-10__beijing__high,2026-07-10,2026-07-10T14:20:14+08:00,29°C,YES,0.021,2.1,86.85,1.82385,79.0534,0.023071113955882985,3.15,false,true,false,true,true,false,false,false,false,false,false,ENTRY_TIMELINE_COMPLETE,false,,strict PnL unavailable
2026-07-10__beijing__high,2026-07-10,2026-07-10T14:20:43+08:00,29°C,YES,0.021,2.1,33.15,0.69615,79.0534,0.008806072857081416,3.15,false,true,false,false,true,false,false,false,false,false,false,ENTRY_TIMELINE_COMPLETE,false,,strict PnL unavailable
2026-07-11__beijing__high,2026-07-11,2026-07-11T16:30:11+08:00,30°C,YES,0.02,2.0,47.04,0.98689,19.73207,0.05001451951062408,0.98689,false,true,true,false,true,false,false,false,false,false,false,ENTRY_TIMELINE_COMPLETE,false,,strict PnL unavailable
2026-07-11__beijing__high,2026-07-11,2026-07-11T16:30:29+08:00,31°C,YES,0.003857507,0.3857507,831.76,3.36832,19.73207,0.1707028203325855,18.74518,true,true,true,false,true,false,false,false,false,false,false,ENTRY_TIMELINE_COMPLETE,false,,strict PnL unavailable
2026-07-20__beijing__high,2026-07-20,2026-07-20T01:45:01+08:00,28°C,YES,0.03,3.0,350.0,10.5,45.86149,0.22895025870288993,10.5,false,true,false,false,true,false,false,false,false,false,false,ENTRY_TIMELINE_COMPLETE,false,,strict PnL unavailable
2026-07-23__beijing__high,2026-07-23,2026-07-23T16:42:39+08:00,29°C,YES,0.0572640845,5.72640845,56.8,3.40591,22.61898,0.15057752383175546,15.71593,true,true,false,true,false,false,false,false,false,false,false,ENTRY_TIMELINE_COMPLETE,false,,strict PnL unavailable
2026-07-23__beijing__high,2026-07-23,2026-07-23T16:42:43+08:00,30°C,YES,0.0156837651,1.56837651,194.95,3.20802,22.61898,0.14182867662467538,5.439,false,true,false,true,true,false,false,false,false,false,false,ENTRY_TIMELINE_COMPLETE,false,,strict PnL unavailable
2026-07-23__beijing__high,2026-07-23,2026-07-23T16:42:46+08:00,29°C,YES,0.06,6.0,20.0,1.2,22.61898,0.05305279017886748,15.71593,true,true,false,true,false,false,false,false,false,false,false,ENTRY_TIMELINE_COMPLETE,false,,strict PnL unavailable
2026-07-23__beijing__high,2026-07-23,2026-07-23T16:42:48+08:00,29°C,YES,0.06,6.0,13.0,0.78,22.61898,0.03448431361626386,15.71593,true,true,false,false,false,false,false,false,false,false,false,ENTRY_TIMELINE_COMPLETE,false,,strict PnL unavailable
2026-07-23__beijing__high,2026-07-23,2026-07-23T16:56:09+08:00,30°C,YES,0.04,4.0,53.22,2.23098,22.61898,0.09863309486104148,5.439,false,true,false,false,true,false,false,false,false,false,false,ENTRY_TIMELINE_COMPLETE,false,,strict PnL unavailable
2026-07-23__beijing__high,2026-07-23,2026-07-23T16:56:18+08:00,31°C,YES,0.0033612765,0.33612765,414.89,1.46405,22.61898,0.06472661455114245,1.46405,false,true,false,false,true,false,false,false,false,false,false,ENTRY_TIMELINE_COMPLETE,false,,strict PnL unavailable
