event_key,weather_date,city,weather_metric,station_status,condition_id,event_slug,slug,asset,outcome,temperature_bucket,bucket_kind,bucket_low,bucket_high,unit,timestamp_epoch,public_trade_time_utc,public_trade_time_cst,relative_phase,half_hour_bin,side,price,shares,trade_usd,trade_usd_source,transaction_hash,source_repository_trade,source_repository_activity,source_current_public_api,source_row_number,activity_match_status,previous_same_bucket_buy_price,price_change_vs_previous_buy,price_add_class,pretrade_average_cost,price_change_vs_average_cost,average_cost_add_class,outcome_previous_buy_price,outcome_price_add_class,outcome_pretrade_average_cost,outcome_average_cost_add_class,no_price,price_decimal,price_cents,implied_yes_equivalent_price,implied_yes_equivalent_note,price_band
2026-03-21__beijing__high,2026-03-21,Beijing,high,BEIJING_STATION_UNCONFIRMED,0x5f7fb991c75065263182f179c4c7486a3ab125b85400503b7e99a1100bd93c9f,highest-temperature-in-beijing-on-march-21-2026,highest-temperature-in-beijing-on-march-21-2026-15c,70433506698981736932746168478241153490339462094607780060941672831976623700586,No,15°C,exact,15.0,15.0,C,1774081311,2026-03-21T08:21:51+00:00,2026-03-21T16:21:51+08:00,D0_1600_1800,16:00—16:30,BUY,0.0426,25.0,1.065,activity_usdcSize,0xe63e790b9ceca132aefad5753b481c5612b19d54aacbb11dd28f71ae3b8bde42,True,True,True,weather_trades_normalized.csv:2984|api_trades:13270|activity.csv:3351|api_activity:3350,EXACT_SIZE_MATCH,,,,,,,,,,,0.0426,0.0426,4.26,0.9574,"descriptive binary complement only; excludes spread, fees, and depth",2—5美分
2026-03-23__beijing__high,2026-03-23,Beijing,high,BEIJING_STATION_UNCONFIRMED,0xe97839b1f93307ef4adbe8eb61cc485b124559da58c1f21a414e2073b5220c2b,highest-temperature-in-beijing-on-march-23-2026,highest-temperature-in-beijing-on-march-23-2026-18c,55388984947247115623316776348470316125607661448384262499475111567766645913459,No,18°C,exact,18.0,18.0,C,1774245587,2026-03-23T05:59:47+00:00,2026-03-23T13:59:47+08:00,D0_1300_1400,13:30—14:00,BUY,0.45,9.09,4.0905,activity_usdcSize,0xc4d6faf1229a2b460159813972469f44393c4dc654b1e50de6bffc7c03aeb355,True,True,True,weather_trades_normalized.csv:3199|api_trades:13111|activity.csv:3568|api_activity:3567,EXACT_SIZE_MATCH,,,,,,,,,,,0.45,0.45,45.0,0.55,"descriptive binary complement only; excludes spread, fees, and depth",40—50美分
2026-04-10__beijing__high,2026-04-10,Beijing,high,BEIJING_STATION_UNCONFIRMED,0x0c6c01255898b3c29554ffbb6c62c9b078c8a4f38ce103eeda88c2a8e71804cf,highest-temperature-in-beijing-on-april-10-2026,highest-temperature-in-beijing-on-april-10-2026-29c,40791284141529605921444406089162673339384550568540045038735751108147440150452,No,29°C,exact,29.0,29.0,C,1775805539,2026-04-10T07:18:59+00:00,2026-04-10T15:18:59+08:00,D0_1500_1600,15:00—15:30,BUY,0.074,50.0,3.7,activity_usdcSize,0x707bc75be55b1af30aa56e45628a908bc1ea6ed2d3b6c6510ea7a3b8cae4d74e,True,True,True,weather_trades_normalized.csv:5709|api_trades:11020|activity.csv:6223|api_activity:6222,EXACT_SIZE_MATCH,0.02,0.05399999999999999,PRICE_UP_ADD,0.02,0.05399999999999999,ABOVE_AVERAGE_COST_ADD,,,,,0.074,0.074,7.3999999999999995,0.926,"descriptive binary complement only; excludes spread, fees, and depth",5—10美分
2026-04-10__beijing__high,2026-04-10,Beijing,high,BEIJING_STATION_UNCONFIRMED,0x0c6c01255898b3c29554ffbb6c62c9b078c8a4f38ce103eeda88c2a8e71804cf,highest-temperature-in-beijing-on-april-10-2026,highest-temperature-in-beijing-on-april-10-2026-29c,40791284141529605921444406089162673339384550568540045038735751108147440150452,No,29°C,exact,29.0,29.0,C,1775805783,2026-04-10T07:23:03+00:00,2026-04-10T15:23:03+08:00,D0_1500_1600,15:00—15:30,BUY,0.055,90.55,5.5,activity_usdcSize,0xa23a0243a3d9e7c4ba0ba04195b84663608bd445eb49ad16f9b034f24da4a405,True,True,True,weather_trades_normalized.csv:5711|api_trades:11018|activity.csv:6225|api_activity:6224,NEAREST_SIZE_MATCH,0.074,-0.018999999999999996,PRICE_DOWN_ADD,0.038,0.017,ABOVE_AVERAGE_COST_ADD,0.074,PRICE_DOWN_ADD,0.07400000000000001,BELOW_AVERAGE_COST_ADD,0.055,0.055,5.5,0.945,"descriptive binary complement only; excludes spread, fees, and depth",5—10美分
2026-04-10__beijing__high,2026-04-10,Beijing,high,BEIJING_STATION_UNCONFIRMED,0x0c6c01255898b3c29554ffbb6c62c9b078c8a4f38ce103eeda88c2a8e71804cf,highest-temperature-in-beijing-on-april-10-2026,highest-temperature-in-beijing-on-april-10-2026-29c,40791284141529605921444406089162673339384550568540045038735751108147440150452,No,29°C,exact,29.0,29.0,C,1775810805,2026-04-10T08:46:45+00:00,2026-04-10T16:46:45+08:00,D0_1600_1800,16:30—17:00,BUY,0.02,28.413,0.63,activity_usdcSize,0x76148ad8fae84c7a76813b3d69def225979192cc562f0a90033f428baebbc462,True,True,True,weather_trades_normalized.csv:5719|api_trades:11011|activity.csv:6233|api_activity:6232,NEAREST_SIZE_MATCH,0.055,-0.035,PRICE_DOWN_ADD,0.04655996674288089,-0.02655996674288089,BELOW_AVERAGE_COST_ADD,0.055,PRICE_DOWN_ADD,0.0654571326929918,BELOW_AVERAGE_COST_ADD,0.02,0.02,2.0,0.98,"descriptive binary complement only; excludes spread, fees, and depth",2—5美分
2026-04-10__beijing__high,2026-04-10,Beijing,high,BEIJING_STATION_UNCONFIRMED,0x0c6c01255898b3c29554ffbb6c62c9b078c8a4f38ce103eeda88c2a8e71804cf,highest-temperature-in-beijing-on-april-10-2026,highest-temperature-in-beijing-on-april-10-2026-29c,40791284141529605921444406089162673339384550568540045038735751108147440150452,No,29°C,exact,29.0,29.0,C,1775810829,2026-04-10T08:47:09+00:00,2026-04-10T16:47:09+08:00,D0_1600_1800,16:30—17:00,BUY,0.02,50.0,1.0,activity_usdcSize,0xf63a7593e503b8821caaa451c2c07b8056fea381ea2184c89e3f709c2773c83f,True,True,True,weather_trades_normalized.csv:5720|api_trades:11010|activity.csv:6234|api_activity:6233,EXACT_SIZE_MATCH,0.02,0.0,PRICE_FLAT_ADD,0.043983744976074775,-0.023983744976074774,BELOW_AVERAGE_COST_ADD,0.02,PRICE_FLAT_ADD,0.05817841776010132,BELOW_AVERAGE_COST_ADD,0.02,0.02,2.0,0.98,"descriptive binary complement only; excludes spread, fees, and depth",2—5美分
2026-04-10__beijing__high,2026-04-10,Beijing,high,BEIJING_STATION_UNCONFIRMED,0x0c6c01255898b3c29554ffbb6c62c9b078c8a4f38ce103eeda88c2a8e71804cf,highest-temperature-in-beijing-on-april-10-2026,highest-temperature-in-beijing-on-april-10-2026-29c,40791284141529605921444406089162673339384550568540045038735751108147440150452,No,29°C,exact,29.0,29.0,C,1775811447,2026-04-10T08:57:27+00:00,2026-04-10T16:57:27+08:00,D0_1600_1800,16:30—17:00,BUY,0.02,28.82,0.5764,activity_usdcSize,0xb89a3e591ca6f1e365812010046a4c826d742c264558eabbbe9afb085fe0888b,True,True,True,weather_trades_normalized.csv:5726|api_trades:11004|activity.csv:6240|api_activity:6239,EXACT_SIZE_MATCH,0.02,0.0,PRICE_FLAT_ADD,0.04022410122804212,-0.020224101228042118,BELOW_AVERAGE_COST_ADD,0.02,PRICE_FLAT_ADD,0.04946041111968688,BELOW_AVERAGE_COST_ADD,0.02,0.02,2.0,0.98,"descriptive binary complement only; excludes spread, fees, and depth",2—5美分
2026-04-13__beijing__high,2026-04-13,Beijing,high,BEIJING_STATION_UNCONFIRMED,0xc5a0b55b4fa82c5d0ce0ab0632633943ef69c4586c32d7fb48832bed0f78a974,highest-temperature-in-beijing-on-april-13-2026,highest-temperature-in-beijing-on-april-13-2026-18c,2440889436754458537683147897033738641120655681463665020180781378180544596244,No,18°C,exact,18.0,18.0,C,1776068219,2026-04-13T08:16:59+00:00,2026-04-13T16:16:59+08:00,D0_1600_1800,16:00—16:30,BUY,0.058,66.00566,4.22646,activity_usdcSize,0xd9657f7f1cf48f5ae42482b19492924b76bbce9660ace6fcfe1f851a8ad24522,True,True,True,weather_trades_normalized.csv:6213|api_trades:10649|activity.csv:6755|api_activity:6754,NEAREST_SIZE_MATCH,,,,,,,,,,,0.058,0.058,5.800000000000001,0.942,"descriptive binary complement only; excludes spread, fees, and depth",5—10美分
2026-04-17__beijing__high,2026-04-17,Beijing,high,BEIJING_STATION_UNCONFIRMED,0xe8f115451f2286a7184c07d4c25abe402de2ff9e2671e1d0132ddffa18ae737f,highest-temperature-in-beijing-on-april-17-2026,highest-temperature-in-beijing-on-april-17-2026-22c,7328057259970162614349489064923128908712327544826427788548166345001982631804,No,22°C,exact,22.0,22.0,C,1776409798,2026-04-17T07:09:58+00:00,2026-04-17T15:09:58+08:00,D0_1500_1600,15:00—15:30,BUY,0.468,23.67,11.7,activity_usdcSize,0x2be74d33b2e16ef00ed9bfc45daf1aecd51872560e37c19b09d67b9e767ae71f,True,True,True,weather_trades_normalized.csv:6860|api_trades:10116|activity.csv:7431|api_activity:7430,NEAREST_SIZE_MATCH,,,,,,,,,,,0.468,0.468,46.800000000000004,0.532,"descriptive binary complement only; excludes spread, fees, and depth",40—50美分
2026-04-17__beijing__high,2026-04-17,Beijing,high,BEIJING_STATION_UNCONFIRMED,0xe8f115451f2286a7184c07d4c25abe402de2ff9e2671e1d0132ddffa18ae737f,highest-temperature-in-beijing-on-april-17-2026,highest-temperature-in-beijing-on-april-17-2026-22c,7328057259970162614349489064923128908712327544826427788548166345001982631804,No,22°C,exact,22.0,22.0,C,1776410894,2026-04-17T07:28:14+00:00,2026-04-17T15:28:14+08:00,D0_1500_1600,15:00—15:30,BUY,0.1,100.0,10.0,activity_usdcSize,0x884fa2a9dd6192d9a9f27851b17309feda6fbb199dce34a8adeb98cc945509fd,True,True,True,weather_trades_normalized.csv:6887|api_trades:10092|activity.csv:7458|api_activity:7457,EXACT_SIZE_MATCH,0.468,-0.368,PRICE_DOWN_ADD,0.494296577946768,-0.394296577946768,BELOW_AVERAGE_COST_ADD,0.468,PRICE_DOWN_ADD,0.494296577946768,BELOW_AVERAGE_COST_ADD,0.1,0.1,10.0,0.9,"descriptive binary complement only; excludes spread, fees, and depth",10—15美分
2026-04-17__beijing__high,2026-04-17,Beijing,high,BEIJING_STATION_UNCONFIRMED,0xe8f115451f2286a7184c07d4c25abe402de2ff9e2671e1d0132ddffa18ae737f,highest-temperature-in-beijing-on-april-17-2026,highest-temperature-in-beijing-on-april-17-2026-22c,7328057259970162614349489064923128908712327544826427788548166345001982631804,No,22°C,exact,22.0,22.0,C,1776411366,2026-04-17T07:36:06+00:00,2026-04-17T15:36:06+08:00,D0_1500_1600,15:30—16:00,BUY,0.1,22.64188,2.264188,activity_usdcSize,0x9abb57345dac650e418b68e796a31ffcb99fc4a528fd289d5e235bad00f3573c,True,True,True,weather_trades_normalized.csv:6896|api_trades:10083|activity.csv:7467|api_activity:7466,EXACT_SIZE_MATCH,0.1,0.0,PRICE_FLAT_ADD,0.17546696854532223,-0.07546696854532223,BELOW_AVERAGE_COST_ADD,0.1,PRICE_FLAT_ADD,0.17546696854532223,BELOW_AVERAGE_COST_ADD,0.1,0.1,10.0,0.9,"descriptive binary complement only; excludes spread, fees, and depth",10—15美分
2026-04-17__beijing__high,2026-04-17,Beijing,high,BEIJING_STATION_UNCONFIRMED,0xe8f115451f2286a7184c07d4c25abe402de2ff9e2671e1d0132ddffa18ae737f,highest-temperature-in-beijing-on-april-17-2026,highest-temperature-in-beijing-on-april-17-2026-22c,7328057259970162614349489064923128908712327544826427788548166345001982631804,No,22°C,exact,22.0,22.0,C,1776411382,2026-04-17T07:36:22+00:00,2026-04-17T15:36:22+08:00,D0_1500_1600,15:30—16:00,BUY,0.1,25.0,2.5,activity_usdcSize,0x23a31044a3f57f57ed2e4329b12f569fc114b7c501efef8035a1289713587707,True,True,True,weather_trades_normalized.csv:6898|api_trades:10081|activity.csv:7469|api_activity:7468,EXACT_SIZE_MATCH,0.1,0.0,PRICE_FLAT_ADD,0.16378839503668466,-0.06378839503668465,BELOW_AVERAGE_COST_ADD,0.1,PRICE_FLAT_ADD,0.16378839503668466,BELOW_AVERAGE_COST_ADD,0.1,0.1,10.0,0.9,"descriptive binary complement only; excludes spread, fees, and depth",10—15美分
2026-04-17__beijing__high,2026-04-17,Beijing,high,BEIJING_STATION_UNCONFIRMED,0xe8f115451f2286a7184c07d4c25abe402de2ff9e2671e1d0132ddffa18ae737f,highest-temperature-in-beijing-on-april-17-2026,highest-temperature-in-beijing-on-april-17-2026-22c,7328057259970162614349489064923128908712327544826427788548166345001982631804,No,22°C,exact,22.0,22.0,C,1776411382,2026-04-17T07:36:22+00:00,2026-04-17T15:36:22+08:00,D0_1500_1600,15:30—16:00,BUY,0.1,13.0,1.3,activity_usdcSize,0x40341f90ec42c4a038a8a97ff1c7ea067acc8303e6820e849032de7339b174df,True,True,True,weather_trades_normalized.csv:6899|api_trades:10080|activity.csv:7470|api_activity:7469,EXACT_SIZE_MATCH,0.1,0.0,PRICE_FLAT_ADD,0.154479584253001,-0.05447958425300101,BELOW_AVERAGE_COST_ADD,0.1,PRICE_FLAT_ADD,0.154479584253001,BELOW_AVERAGE_COST_ADD,0.1,0.1,10.0,0.9,"descriptive binary complement only; excludes spread, fees, and depth",10—15美分
2026-04-17__beijing__high,2026-04-17,Beijing,high,BEIJING_STATION_UNCONFIRMED,0xe8f115451f2286a7184c07d4c25abe402de2ff9e2671e1d0132ddffa18ae737f,highest-temperature-in-beijing-on-april-17-2026,highest-temperature-in-beijing-on-april-17-2026-22c,7328057259970162614349489064923128908712327544826427788548166345001982631804,No,22°C,exact,22.0,22.0,C,1776411414,2026-04-17T07:36:54+00:00,2026-04-17T15:36:54+08:00,D0_1500_1600,15:30—16:00,BUY,0.1,75.0,7.5,activity_usdcSize,0x483a2e39ac6709285fb27f55f129cf1ef25a0f78c619644d42fe9888c3c1cd35,True,True,True,weather_trades_normalized.csv:6901|api_trades:10078|activity.csv:7472|api_activity:7471,EXACT_SIZE_MATCH,0.1,0.0,PRICE_FLAT_ADD,0.15063699637809566,-0.050636996378095656,BELOW_AVERAGE_COST_ADD,0.1,PRICE_FLAT_ADD,0.15063699637809566,BELOW_AVERAGE_COST_ADD,0.1,0.1,10.0,0.9,"descriptive binary complement only; excludes spread, fees, and depth",10—15美分
2026-04-17__beijing__high,2026-04-17,Beijing,high,BEIJING_STATION_UNCONFIRMED,0xe8f115451f2286a7184c07d4c25abe402de2ff9e2671e1d0132ddffa18ae737f,highest-temperature-in-beijing-on-april-17-2026,highest-temperature-in-beijing-on-april-17-2026-22c,7328057259970162614349489064923128908712327544826427788548166345001982631804,No,22°C,exact,22.0,22.0,C,1776413678,2026-04-17T08:14:38+00:00,2026-04-17T16:14:38+08:00,D0_1600_1800,16:00—16:30,BUY,0.03,100.0,3.0,activity_usdcSize,0xd8c883519fbfae2b8a60b8d3f3906bf46409ba1d868270989e565f0c5310dcd5,True,True,True,weather_trades_normalized.csv:6914|api_trades:10074|activity.csv:7485|api_activity:7484,EXACT_SIZE_MATCH,0.1,-0.07,PRICE_DOWN_ADD,0.13599140926362496,-0.10599140926362496,BELOW_AVERAGE_COST_ADD,0.1,PRICE_DOWN_ADD,0.13599140926362496,BELOW_AVERAGE_COST_ADD,0.03,0.03,3.0,0.97,"descriptive binary complement only; excludes spread, fees, and depth",2—5美分
2026-04-17__beijing__high,2026-04-17,Beijing,high,BEIJING_STATION_UNCONFIRMED,0xe8f115451f2286a7184c07d4c25abe402de2ff9e2671e1d0132ddffa18ae737f,highest-temperature-in-beijing-on-april-17-2026,highest-temperature-in-beijing-on-april-17-2026-22c,7328057259970162614349489064923128908712327544826427788548166345001982631804,No,22°C,exact,22.0,22.0,C,1776413848,2026-04-17T08:17:28+00:00,2026-04-17T16:17:28+08:00,D0_1600_1800,16:00—16:30,BUY,0.0170000006,11.497529,0.195458,activity_usdcSize,0xf3465ef676d64d3fdfe0beebfaf3f54e72d8cf7c125d3fd995180cadbc386c27,True,True,True,weather_trades_normalized.csv:6917|api_trades:10071|activity.csv:7488|api_activity:7487,EXACT_SIZE_MATCH,0.03,-0.0129999994,PRICE_DOWN_ADD,0.10649296650030055,-0.08949296590030055,BELOW_AVERAGE_COST_ADD,0.03,PRICE_DOWN_ADD,0.10649296650030055,BELOW_AVERAGE_COST_ADD,0.0170000006,0.0170000006,1.7000000599999998,0.9829999994,"descriptive binary complement only; excludes spread, fees, and depth",1—2美分
2026-04-19__beijing__high,2026-04-19,Beijing,high,BEIJING_STATION_UNCONFIRMED,0xd4fd826f21b72bd6281a4c49577bde6308af9b7394cfb43c11f2f76b7f8daf6e,highest-temperature-in-beijing-on-april-19-2026,highest-temperature-in-beijing-on-april-19-2026-23c,77941911578243339983721626949024980984024399472524787721427670127195022908524,No,23°C,exact,23.0,23.0,C,1776578622,2026-04-19T06:03:42+00:00,2026-04-19T14:03:42+08:00,D0_1400_1500,14:00—14:30,BUY,0.002,3.006,0.006012,activity_usdcSize,0x6bb0e252c50f4f67f9e07bf90ed0d51ee67332574957b52adc6b0e060296a2cd,True,True,True,weather_trades_normalized.csv:7270|api_trades:9779|activity.csv:7851|api_activity:7850,EXACT_SIZE_MATCH,,,,,,,,,,,0.002,0.002,0.2,0.998,"descriptive binary complement only; excludes spread, fees, and depth",0—1美分
2026-04-19__beijing__high,2026-04-19,Beijing,high,BEIJING_STATION_UNCONFIRMED,0xd4fd826f21b72bd6281a4c49577bde6308af9b7394cfb43c11f2f76b7f8daf6e,highest-temperature-in-beijing-on-april-19-2026,highest-temperature-in-beijing-on-april-19-2026-23c,77941911578243339983721626949024980984024399472524787721427670127195022908524,No,23°C,exact,23.0,23.0,C,1776578730,2026-04-19T06:05:30+00:00,2026-04-19T14:05:30+08:00,D0_1400_1500,14:00—14:30,BUY,0.002,27.1,0.0542,activity_usdcSize,0x43c8cd491c113ead28b3c0e9cf8e3f174c6a1b7e475ebe682f97d274ee70197f,True,True,True,weather_trades_normalized.csv:7271|api_trades:9778|activity.csv:7852|api_activity:7851,EXACT_SIZE_MATCH,0.002,0.0,PRICE_FLAT_ADD,0.002,0.0,NEAR_AVERAGE_COST_ADD,0.002,PRICE_FLAT_ADD,0.002,NEAR_AVERAGE_COST_ADD,0.002,0.002,0.2,0.998,"descriptive binary complement only; excludes spread, fees, and depth",0—1美分
2026-04-19__beijing__high,2026-04-19,Beijing,high,BEIJING_STATION_UNCONFIRMED,0xd4fd826f21b72bd6281a4c49577bde6308af9b7394cfb43c11f2f76b7f8daf6e,highest-temperature-in-beijing-on-april-19-2026,highest-temperature-in-beijing-on-april-19-2026-23c,77941911578243339983721626949024980984024399472524787721427670127195022908524,No,23°C,exact,23.0,23.0,C,1776578824,2026-04-19T06:07:04+00:00,2026-04-19T14:07:04+08:00,D0_1400_1500,14:00—14:30,BUY,0.002,124.73,0.24946,activity_usdcSize,0xae8d3a57bbc42bb3f19314ead763f4dcd1cbdce72f7afa834b0998957cf69340,True,True,True,weather_trades_normalized.csv:7272|api_trades:9777|activity.csv:7853|api_activity:7852,EXACT_SIZE_MATCH,0.002,0.0,PRICE_FLAT_ADD,0.002,0.0,NEAR_AVERAGE_COST_ADD,0.002,PRICE_FLAT_ADD,0.002,NEAR_AVERAGE_COST_ADD,0.002,0.002,0.2,0.998,"descriptive binary complement only; excludes spread, fees, and depth",0—1美分
2026-04-19__beijing__high,2026-04-19,Beijing,high,BEIJING_STATION_UNCONFIRMED,0xd4fd826f21b72bd6281a4c49577bde6308af9b7394cfb43c11f2f76b7f8daf6e,highest-temperature-in-beijing-on-april-19-2026,highest-temperature-in-beijing-on-april-19-2026-23c,77941911578243339983721626949024980984024399472524787721427670127195022908524,No,23°C,exact,23.0,23.0,C,1776579028,2026-04-19T06:10:28+00:00,2026-04-19T14:10:28+08:00,D0_1400_1500,14:00—14:30,BUY,0.002,4.8,0.0096,activity_usdcSize,0x1f8d9b7f0e5c93dc4bfd5b97ed34ea7f2fae43f708e389049635779c0df5d7ce,True,True,True,weather_trades_normalized.csv:7273|api_trades:9776|activity.csv:7854|api_activity:7853,EXACT_SIZE_MATCH,0.002,0.0,PRICE_FLAT_ADD,0.002,0.0,NEAR_AVERAGE_COST_ADD,0.002,PRICE_FLAT_ADD,0.002,NEAR_AVERAGE_COST_ADD,0.002,0.002,0.2,0.998,"descriptive binary complement only; excludes spread, fees, and depth",0—1美分
2026-04-20__beijing__high,2026-04-20,Beijing,high,BEIJING_STATION_UNCONFIRMED,0x91d2337116cfecd9c9486dbe408a6d97132efabd0787ccbf3c543490dbbfaf11,highest-temperature-in-beijing-on-april-20-2026,highest-temperature-in-beijing-on-april-20-2026-23c,16654736073563645020026228732059786317697215575254571206354075947795116133605,No,23°C,exact,23.0,23.0,C,1776665482,2026-04-20T06:11:22+00:00,2026-04-20T14:11:22+08:00,D0_1400_1500,14:00—14:30,BUY,0.31,5.0,1.55,activity_usdcSize,0x784c76372b80bf0ce54f3e3dd098943a4664d994973b764472bfcb84506b662a,True,True,True,weather_trades_normalized.csv:7468|api_trades:9609|activity.csv:8050|api_activity:8049,EXACT_SIZE_MATCH,,,,,,,,,,,0.31,0.31,31.0,0.69,"descriptive binary complement only; excludes spread, fees, and depth",30—40美分
2026-04-20__beijing__high,2026-04-20,Beijing,high,BEIJING_STATION_UNCONFIRMED,0x91d2337116cfecd9c9486dbe408a6d97132efabd0787ccbf3c543490dbbfaf11,highest-temperature-in-beijing-on-april-20-2026,highest-temperature-in-beijing-on-april-20-2026-23c,16654736073563645020026228732059786317697215575254571206354075947795116133605,No,23°C,exact,23.0,23.0,C,1776665490,2026-04-20T06:11:30+00:00,2026-04-20T14:11:30+08:00,D0_1400_1500,14:00—14:30,BUY,0.31,45.0,13.95,activity_usdcSize,0xb161feabd329b84c42b3a0e362ff312e062b3555a47747a2dcb0fc427438e535,True,True,True,weather_trades_normalized.csv:7469|api_trades:9608|activity.csv:8051|api_activity:8050,EXACT_SIZE_MATCH,0.31,0.0,PRICE_FLAT_ADD,0.31,0.0,NEAR_AVERAGE_COST_ADD,0.31,PRICE_FLAT_ADD,0.31,NEAR_AVERAGE_COST_ADD,0.31,0.31,31.0,0.69,"descriptive binary complement only; excludes spread, fees, and depth",30—40美分
2026-04-20__beijing__high,2026-04-20,Beijing,high,BEIJING_STATION_UNCONFIRMED,0x0a06d3ef3de34d9deffd96e9690697a9074441bd84f456b4a94824220c587af9,highest-temperature-in-beijing-on-april-20-2026,highest-temperature-in-beijing-on-april-20-2026-24c,96371536502267686537301726698808525574282418782014503838910425283859268243999,No,24°C,exact,24.0,24.0,C,1776673740,2026-04-20T08:29:00+00:00,2026-04-20T16:29:00+08:00,D0_1600_1800,16:00—16:30,BUY,0.0140000003,29.545785,0.413641,activity_usdcSize,0x51f9c811c0fe4427d786cc4160a55d1c8503dd4cad82cb4031ee773fe06ab7a2,True,True,True,weather_trades_normalized.csv:7483|api_trades:9595|activity.csv:8066|api_activity:8064,EXACT_SIZE_MATCH,0.28,-0.26599999970000004,PRICE_DOWN_ADD,0.30172413793103453,-0.28772413763103455,BELOW_AVERAGE_COST_ADD,,,,,0.0140000003,0.0140000003,1.4000000300000002,0.9859999997,"descriptive binary complement only; excludes spread, fees, and depth",1—2美分
2026-04-20__beijing__high,2026-04-20,Beijing,high,BEIJING_STATION_UNCONFIRMED,0x0a06d3ef3de34d9deffd96e9690697a9074441bd84f456b4a94824220c587af9,highest-temperature-in-beijing-on-april-20-2026,highest-temperature-in-beijing-on-april-20-2026-24c,96371536502267686537301726698808525574282418782014503838910425283859268243999,No,24°C,exact,24.0,24.0,C,1776673740,2026-04-20T08:29:00+00:00,2026-04-20T16:29:00+08:00,D0_1600_1800,16:00—16:30,BUY,0.02,50.0,1.0,activity_usdcSize,0x51f9c811c0fe4427d786cc4160a55d1c8503dd4cad82cb4031ee773fe06ab7a2,True,True,True,weather_trades_normalized.csv:7484|api_trades:9596|activity.csv:8065|api_activity:8065,EXACT_SIZE_MATCH,0.0140000003,0.0059999997,PRICE_FLAT_ADD,0.11835861689783547,-0.09835861689783547,BELOW_AVERAGE_COST_ADD,0.0140000003,PRICE_FLAT_ADD,0.014000000338457753,NEAR_AVERAGE_COST_ADD,0.02,0.02,2.0,0.98,"descriptive binary complement only; excludes spread, fees, and depth",2—5美分
2026-04-20__beijing__high,2026-04-20,Beijing,high,BEIJING_STATION_UNCONFIRMED,0x0a06d3ef3de34d9deffd96e9690697a9074441bd84f456b4a94824220c587af9,highest-temperature-in-beijing-on-april-20-2026,highest-temperature-in-beijing-on-april-20-2026-24c,96371536502267686537301726698808525574282418782014503838910425283859268243999,No,24°C,exact,24.0,24.0,C,1776673900,2026-04-20T08:31:40+00:00,2026-04-20T16:31:40+08:00,D0_1600_1800,16:30—17:00,BUY,0.0140000002,79.732642,1.116257,activity_usdcSize,0x6db8d415580f5cfe680280a4ed853759f7440f3aa011178764603cf5ac240c6b,True,True,True,weather_trades_normalized.csv:7485|api_trades:9594|activity.csv:8067|api_activity:8066,EXACT_SIZE_MATCH,0.02,-0.005999999800000001,PRICE_FLAT_ADD,0.06732216600373522,-0.05332216580373522,BELOW_AVERAGE_COST_ADD,0.02,PRICE_FLAT_ADD,0.017771413029615584,NEAR_AVERAGE_COST_ADD,0.0140000002,0.0140000002,1.40000002,0.9859999998,"descriptive binary complement only; excludes spread, fees, and depth",1—2美分
2026-04-20__beijing__high,2026-04-20,Beijing,high,BEIJING_STATION_UNCONFIRMED,0x0a06d3ef3de34d9deffd96e9690697a9074441bd84f456b4a94824220c587af9,highest-temperature-in-beijing-on-april-20-2026,highest-temperature-in-beijing-on-april-20-2026-24c,96371536502267686537301726698808525574282418782014503838910425283859268243999,No,24°C,exact,24.0,24.0,C,1776673964,2026-04-20T08:32:44+00:00,2026-04-20T16:32:44+08:00,D0_1600_1800,16:30—17:00,BUY,0.014,20.0,0.28,activity_usdcSize,0x963749453a568fff0466e99af7e5d50ef3aa7b0066d3dbce6c2200c662bc4ad9,True,True,True,weather_trades_normalized.csv:7486|api_trades:9593|activity.csv:8068|api_activity:8067,EXACT_SIZE_MATCH,0.0140000002,-1.9999999920083944e-10,PRICE_FLAT_ADD,0.043178684095197525,-0.029178684095197527,BELOW_AVERAGE_COST_ADD,0.0140000002,PRICE_FLAT_ADD,0.015883494379311018,NEAR_AVERAGE_COST_ADD,0.014,0.014,1.4000000000000001,0.986,"descriptive binary complement only; excludes spread, fees, and depth",1—2美分
2026-04-20__beijing__high,2026-04-20,Beijing,high,BEIJING_STATION_UNCONFIRMED,0x0a06d3ef3de34d9deffd96e9690697a9074441bd84f456b4a94824220c587af9,highest-temperature-in-beijing-on-april-20-2026,highest-temperature-in-beijing-on-april-20-2026-24c,96371536502267686537301726698808525574282418782014503838910425283859268243999,No,24°C,exact,24.0,24.0,C,1776676140,2026-04-20T09:09:00+00:00,2026-04-20T17:09:00+08:00,D0_1600_1800,17:00—17:30,BUY,0.0076839945,138.27696,1.17957,activity_usdcSize,0x23a7663f773997ca555deac827b92fab48ca233d24cbecf8add3f1238e7c25cd,True,True,True,weather_trades_normalized.csv:7491|api_trades:9588|activity.csv:8073|api_activity:8072,NEAREST_SIZE_MATCH,0.014,-0.0063160055,PRICE_FLAT_ADD,0.0402026913784882,-0.0325186968784882,BELOW_AVERAGE_COST_ADD,0.014,PRICE_FLAT_ADD,0.015673374911974215,NEAR_AVERAGE_COST_ADD,0.0076839945,0.0076839945,0.76839945,0.9923160055,"descriptive binary complement only; excludes spread, fees, and depth",0—1美分
2026-04-20__beijing__high,2026-04-20,Beijing,high,BEIJING_STATION_UNCONFIRMED,0x0a06d3ef3de34d9deffd96e9690697a9074441bd84f456b4a94824220c587af9,highest-temperature-in-beijing-on-april-20-2026,highest-temperature-in-beijing-on-april-20-2026-24c,96371536502267686537301726698808525574282418782014503838910425283859268243999,No,24°C,exact,24.0,24.0,C,1776677990,2026-04-20T09:39:50+00:00,2026-04-20T17:39:50+08:00,D0_1600_1800,17:30—18:00,BUY,0.003,4.38448,0.01461,activity_usdcSize,0x58d58e2e23dd81133880cf32bc031312e6dcf0718adcaff7fb61cf7c0b3b118d,True,True,True,weather_trades_normalized.csv:7497|api_trades:9582|activity.csv:8079|api_activity:8078,NEAREST_SIZE_MATCH,0.0076839945,-0.0046839945,PRICE_FLAT_ADD,0.02710484718329741,-0.02410484718329741,BELOW_AVERAGE_COST_ADD,0.0076839945,PRICE_FLAT_ADD,0.012563061951772213,NEAR_AVERAGE_COST_ADD,0.003,0.003,0.3,0.997,"descriptive binary complement only; excludes spread, fees, and depth",0—1美分
2026-04-28__beijing__high,2026-04-28,Beijing,high,BEIJING_STATION_UNCONFIRMED,0x069f71e8b493779dcef9a75c4c086a1f05290eaefb4e77e084a831b1c804ff3d,highest-temperature-in-beijing-on-april-28-2026,highest-temperature-in-beijing-on-april-28-2026-21c,103837178602823233618845163724342869387234319905725653970853108798313920391883,No,21°C,exact,21.0,21.0,C,1777359048,2026-04-28T06:50:48+00:00,2026-04-28T14:50:48+08:00,D0_1400_1500,14:30—15:00,BUY,0.15,22.42,3.363,activity_usdcSize,0xcb097173b4c0b7bed9bc5a8cb58943c77b73063f28379937af4e70e197e62ce2,True,True,True,weather_trades_normalized.csv:8642|api_trades:8644|activity.csv:9611|api_activity:9610,EXACT_SIZE_MATCH,,,,,,,,,,,0.15,0.15,15.0,0.85,"descriptive binary complement only; excludes spread, fees, and depth",15—20美分
2026-04-28__beijing__high,2026-04-28,Beijing,high,BEIJING_STATION_UNCONFIRMED,0x069f71e8b493779dcef9a75c4c086a1f05290eaefb4e77e084a831b1c804ff3d,highest-temperature-in-beijing-on-april-28-2026,highest-temperature-in-beijing-on-april-28-2026-21c,103837178602823233618845163724342869387234319905725653970853108798313920391883,No,21°C,exact,21.0,21.0,C,1777359386,2026-04-28T06:56:26+00:00,2026-04-28T14:56:26+08:00,D0_1400_1500,14:30—15:00,BUY,0.15,8.0,1.2,activity_usdcSize,0xc43cffc560ad172e750027385704c912ac15e2cde9f892da5edd6dd558804666,True,True,True,weather_trades_normalized.csv:8643|api_trades:8643|activity.csv:9612|api_activity:9611,EXACT_SIZE_MATCH,0.15,0.0,PRICE_FLAT_ADD,0.15,0.0,NEAR_AVERAGE_COST_ADD,0.15,PRICE_FLAT_ADD,0.15,NEAR_AVERAGE_COST_ADD,0.15,0.15,15.0,0.85,"descriptive binary complement only; excludes spread, fees, and depth",15—20美分
2026-04-28__beijing__high,2026-04-28,Beijing,high,BEIJING_STATION_UNCONFIRMED,0x069f71e8b493779dcef9a75c4c086a1f05290eaefb4e77e084a831b1c804ff3d,highest-temperature-in-beijing-on-april-28-2026,highest-temperature-in-beijing-on-april-28-2026-21c,103837178602823233618845163724342869387234319905725653970853108798313920391883,No,21°C,exact,21.0,21.0,C,1777359396,2026-04-28T06:56:36+00:00,2026-04-28T14:56:36+08:00,D0_1400_1500,14:30—15:00,BUY,0.15,69.58,10.437,activity_usdcSize,0x2e4a658b2d511a2f4538cedc41bc3294a2cd9cdd765c126e874086b4f8a0d273,True,True,True,weather_trades_normalized.csv:8644|api_trades:8642|activity.csv:9613|api_activity:9612,EXACT_SIZE_MATCH,0.15,0.0,PRICE_FLAT_ADD,0.15,0.0,NEAR_AVERAGE_COST_ADD,0.15,PRICE_FLAT_ADD,0.15,NEAR_AVERAGE_COST_ADD,0.15,0.15,15.0,0.85,"descriptive binary complement only; excludes spread, fees, and depth",15—20美分
2026-04-28__beijing__high,2026-04-28,Beijing,high,BEIJING_STATION_UNCONFIRMED,0x069f71e8b493779dcef9a75c4c086a1f05290eaefb4e77e084a831b1c804ff3d,highest-temperature-in-beijing-on-april-28-2026,highest-temperature-in-beijing-on-april-28-2026-21c,103837178602823233618845163724342869387234319905725653970853108798313920391883,No,21°C,exact,21.0,21.0,C,1777363786,2026-04-28T08:09:46+00:00,2026-04-28T16:09:46+08:00,D0_1600_1800,16:00—16:30,BUY,0.0588380556,69.6987,4.527,activity_usdcSize,0xcc9c37c8dd18cbfc51c9c51aa52c1c554b3bb1710ac216039ca4c60895fd9473,True,True,True,weather_trades_normalized.csv:8666|api_trades:8622|activity.csv:9635|api_activity:9634,NEAREST_SIZE_MATCH,0.15,-0.0911619444,PRICE_DOWN_ADD,0.15,-0.0911619444,BELOW_AVERAGE_COST_ADD,0.15,PRICE_DOWN_ADD,0.15,BELOW_AVERAGE_COST_ADD,0.0588380556,0.0588380556,5.88380556,0.9411619444,"descriptive binary complement only; excludes spread, fees, and depth",5—10美分
2026-04-30__beijing__high,2026-04-30,Beijing,high,BEIJING_STATION_UNCONFIRMED,0xd4ea238559de5c9a8544765e05370ea71894e34a3156ce312d8e53b2d3d01f04,highest-temperature-in-beijing-on-april-30-2026,highest-temperature-in-beijing-on-april-30-2026-28c,57576466127913541905690645969644763956191510116524942620784737187691914310721,No,28°C,exact,28.0,28.0,C,1777538620,2026-04-30T08:43:40+00:00,2026-04-30T16:43:40+08:00,D0_1600_1800,16:30—17:00,BUY,0.004,35.83,0.15045,activity_usdcSize,0xb244b86784eae77bd0c8da8bba7558efbfbf70624bd34b75ab2f02e5eb45a4e3,True,True,True,weather_trades_normalized.csv:8790|api_trades:8509|activity.csv:9774|api_activity:9773,EXACT_SIZE_MATCH,,,,,,,,,,,0.004,0.004,0.4,0.996,"descriptive binary complement only; excludes spread, fees, and depth",0—1美分
2026-04-30__beijing__high,2026-04-30,Beijing,high,BEIJING_STATION_UNCONFIRMED,0xd4ea238559de5c9a8544765e05370ea71894e34a3156ce312d8e53b2d3d01f04,highest-temperature-in-beijing-on-april-30-2026,highest-temperature-in-beijing-on-april-30-2026-28c,57576466127913541905690645969644763956191510116524942620784737187691914310721,No,28°C,exact,28.0,28.0,C,1777538634,2026-04-30T08:43:54+00:00,2026-04-30T16:43:54+08:00,D0_1600_1800,16:30—17:00,BUY,0.0073,100.0,0.76623,activity_usdcSize,0x96726c2f3c13025e6d165097ffe73972904dfb5d739916880b29f050962516a3,True,True,True,weather_trades_normalized.csv:8791|api_trades:8508|activity.csv:9775|api_activity:9774,EXACT_SIZE_MATCH,0.004,0.0033,PRICE_FLAT_ADD,0.004198995255372593,0.0031010047446274067,NEAR_AVERAGE_COST_ADD,0.004,PRICE_FLAT_ADD,0.004198995255372593,NEAR_AVERAGE_COST_ADD,0.0073,0.0073,0.73,0.9927,"descriptive binary complement only; excludes spread, fees, and depth",0—1美分
2026-04-30__beijing__high,2026-04-30,Beijing,high,BEIJING_STATION_UNCONFIRMED,0xd4ea238559de5c9a8544765e05370ea71894e34a3156ce312d8e53b2d3d01f04,highest-temperature-in-beijing-on-april-30-2026,highest-temperature-in-beijing-on-april-30-2026-28c,57576466127913541905690645969644763956191510116524942620784737187691914310721,No,28°C,exact,28.0,28.0,C,1777539128,2026-04-30T08:52:08+00:00,2026-04-30T16:52:08+08:00,D0_1600_1800,16:30—17:00,BUY,0.007,137.34,1.00911,activity_usdcSize,0xfa95c8704d40a9bb0b2d8fd18a907315bf1c6bae6f7625672ef1963dd4e98e2f,True,True,True,weather_trades_normalized.csv:8793|api_trades:8506|activity.csv:9777|api_activity:9776,EXACT_SIZE_MATCH,0.0073,-0.0002999999999999999,PRICE_FLAT_ADD,0.00674873003018479,0.00025126996981521005,NEAR_AVERAGE_COST_ADD,0.0073,PRICE_FLAT_ADD,0.00674873003018479,NEAR_AVERAGE_COST_ADD,0.007,0.007,0.7000000000000001,0.993,"descriptive binary complement only; excludes spread, fees, and depth",0—1美分
2026-05-04__beijing__high,2026-05-04,Beijing,high,BEIJING_STATION_UNCONFIRMED,0x76ce847af306166d9f5a3a5ce0e74c03cdc45ad54d8cf9b050023ef60eda1310,highest-temperature-in-beijing-on-may-4-2026,highest-temperature-in-beijing-on-may-4-2026-26c,111448005831755640274080066228614617726447982875487417831896083461119832584448,No,26°C,exact,26.0,26.0,C,1777880280,2026-05-04T07:38:00+00:00,2026-05-04T15:38:00+08:00,D0_1500_1600,15:30—16:00,BUY,0.07,38.0,2.78369,activity_usdcSize,0xfba15acbcb102c32f952d420b84eb88fb152aca6144b66db1e0c657d85db3acf,True,True,True,weather_trades_normalized.csv:9410|api_trades:8028|activity.csv:10409|api_activity:10408,EXACT_SIZE_MATCH,,,,,,,,,,,0.07,0.07,7.000000000000001,0.9299999999999999,"descriptive binary complement only; excludes spread, fees, and depth",5—10美分
2026-05-06__beijing__high,2026-05-06,Beijing,high,BEIJING_STATION_UNCONFIRMED,0x24d62d1077bdb66197a9f611de5113dd34ea9617bdfa53eec9da6104d2dedc13,highest-temperature-in-beijing-on-may-6-2026,highest-temperature-in-beijing-on-may-6-2026-25c,95749054714414073507531390883840789669110001180396614377806362942946426286425,No,25°C,exact,25.0,25.0,C,1778041554,2026-05-06T04:25:54+00:00,2026-05-06T12:25:54+08:00,D0_1200_1300,12:00—12:30,BUY,0.5959037801,43.65,26.53675,activity_usdcSize,0x2b98337c15cd278e00fd52697cdd059300a1c89820f7a5282c02fcd9a593c1f5,True,True,True,weather_trades_normalized.csv:9753|api_trades:7736|activity.csv:10760|api_activity:10759,EXACT_SIZE_MATCH,,,,,,,,,,,0.5959037801,0.5959037801,59.59037801,0.4040962199,"descriptive binary complement only; excludes spread, fees, and depth",50—60美分
2026-05-07__beijing__high,2026-05-07,Beijing,high,BEIJING_STATION_UNCONFIRMED,0x64faeae756ff18a1c629a662ef9647dbffcc0d6f0e1040cb1fae594eeaaad9b3,highest-temperature-in-beijing-on-may-7-2026,highest-temperature-in-beijing-on-may-7-2026-25c,100030401845158145758047770584203597624656677725418378057264736264046574201968,No,25°C,exact,25.0,25.0,C,1778141239,2026-05-07T08:07:19+00:00,2026-05-07T16:07:19+08:00,D0_1600_1800,16:00—16:30,BUY,0.011,500.0,5.77197,activity_usdcSize,0xc8bc3d708f4a54782ba9274419a7f02165de8059954209528b5d9c2d42887f73,True,True,True,weather_trades_normalized.csv:9898|api_trades:7634|activity.csv:10911|api_activity:10910,EXACT_SIZE_MATCH,,,,,,,,,,,0.011,0.011,1.0999999999999999,0.989,"descriptive binary complement only; excludes spread, fees, and depth",1—2美分
2026-05-08__beijing__high,2026-05-08,Beijing,high,BEIJING_STATION_UNCONFIRMED,0x20b44cf8474f6a875912610846dc1ad2b8110c7f7b42586e58b6c5a4d6576e83,highest-temperature-in-beijing-on-may-8-2026,highest-temperature-in-beijing-on-may-8-2026-28c,93726896572183228056822167840366379991603031786039788651186967680768446936826,No,28°C,exact,28.0,28.0,C,1778228113,2026-05-08T08:15:13+00:00,2026-05-08T16:15:13+08:00,D0_1600_1800,16:00—16:30,BUY,0.013,238.3,3.25078,activity_usdcSize,0x72ebdc267b524341fff59c54d5b221f3c2af87adcfa762831ed49a595f4bfda5,True,True,True,weather_trades_normalized.csv:10000|api_trades:7559|activity.csv:11019|api_activity:11018,EXACT_SIZE_MATCH,,,,,,,,,,,0.013,0.013,1.3,0.987,"descriptive binary complement only; excludes spread, fees, and depth",1—2美分
2026-05-11__beijing__high,2026-05-11,Beijing,high,BEIJING_STATION_UNCONFIRMED,0xe9e90e908a3ab0e79e99fd18f13a1aed4828d0afdb797061329718f01d6d71a2,highest-temperature-in-beijing-on-may-11-2026,highest-temperature-in-beijing-on-may-11-2026-31c,3357625034042783658950174206318472232856727818284461075652512525237226075866,No,31°C,exact,31.0,31.0,C,1778477741,2026-05-11T05:35:41+00:00,2026-05-11T13:35:41+08:00,D0_1300_1400,13:30—14:00,BUY,0.445785124,121.0,55.43471,activity_usdcSize,0x0450dde1441dd10568d4cf024e5e7ee94b1b47fea10d12163e8f284674485fdb,True,True,True,weather_trades_normalized.csv:10306|api_trades:7369|activity.csv:11342|api_activity:11341,EXACT_SIZE_MATCH,,,,,,,,,,,0.445785124,0.445785124,44.5785124,0.5542148760000001,"descriptive binary complement only; excludes spread, fees, and depth",40—50美分
2026-05-22__beijing__high,2026-05-22,Beijing,high,BEIJING_STATION_UNCONFIRMED,0xdac726c506e79d51ae68d16f93c5e9380cc6d473cc1745a112bd10dad13b4e59,highest-temperature-in-beijing-on-may-22-2026,highest-temperature-in-beijing-on-may-22-2026-22c,71496942317030963530318563091360404926150414322727782786950232999003334486910,No,22°C,exact,22.0,22.0,C,1779443186,2026-05-22T09:46:26+00:00,2026-05-22T17:46:26+08:00,D0_1600_1800,17:30—18:00,BUY,0.0268,200.0,5.62081,activity_usdcSize,0x1b8d91219f6e8d232d5f6c80d62e55daacc4f9fb048d47757a2fa630e4e4cca0,True,True,True,weather_trades_normalized.csv:11162|api_trades:6789|activity.csv:12264|api_activity:12263,EXACT_SIZE_MATCH,,,,,,,,,,,0.0268,0.0268,2.68,0.9732,"descriptive binary complement only; excludes spread, fees, and depth",2—5美分
2026-05-23__beijing__high,2026-05-23,Beijing,high,BEIJING_STATION_UNCONFIRMED,0x4d4f272d16e9a4d1630e13b5a953331ef6bc50583ad6730f9c6bdf75d24316d6,highest-temperature-in-beijing-on-may-23-2026,highest-temperature-in-beijing-on-may-23-2026-26corbelow,107457675019326561368103369054745119325775767045027405321052757752314116539470,No,26°C or below,below,,26.0,C,1779521484,2026-05-23T07:31:24+00:00,2026-05-23T15:31:24+08:00,D0_1500_1600,15:30—16:00,BUY,0.07,77.27,5.4089,activity_usdcSize,0x5a5bc1126019595b9a5b48cf72f2056376a8ee6f6847f0cc8d8d67e7b25ed6fd,True,True,True,weather_trades_normalized.csv:11454|api_trades:6588|activity.csv:12564|api_activity:12563,EXACT_SIZE_MATCH,,,,,,,,,,,0.07,0.07,7.000000000000001,0.9299999999999999,"descriptive binary complement only; excludes spread, fees, and depth",5—10美分
2026-05-23__beijing__high,2026-05-23,Beijing,high,BEIJING_STATION_UNCONFIRMED,0x4d4f272d16e9a4d1630e13b5a953331ef6bc50583ad6730f9c6bdf75d24316d6,highest-temperature-in-beijing-on-may-23-2026,highest-temperature-in-beijing-on-may-23-2026-26corbelow,107457675019326561368103369054745119325775767045027405321052757752314116539470,No,26°C or below,below,,26.0,C,1779521661,2026-05-23T07:34:21+00:00,2026-05-23T15:34:21+08:00,D0_1500_1600,15:30—16:00,BUY,0.0700000112,5.376342,0.376344,activity_usdcSize,0x5169f83dd552198214269e86af27c61b1a3a15f106a220c6351fa7f2ac3c4d90,True,True,True,weather_trades_normalized.csv:11459|api_trades:6584|activity.csv:12569|api_activity:12568,EXACT_SIZE_MATCH,0.07,1.1199999996880372e-08,PRICE_FLAT_ADD,0.07,1.1199999996880372e-08,NEAR_AVERAGE_COST_ADD,0.07,PRICE_FLAT_ADD,0.07,NEAR_AVERAGE_COST_ADD,0.0700000112,0.0700000112,7.00000112,0.9299999888,"descriptive binary complement only; excludes spread, fees, and depth",5—10美分
2026-05-23__beijing__high,2026-05-23,Beijing,high,BEIJING_STATION_UNCONFIRMED,0x4d4f272d16e9a4d1630e13b5a953331ef6bc50583ad6730f9c6bdf75d24316d6,highest-temperature-in-beijing-on-may-23-2026,highest-temperature-in-beijing-on-may-23-2026-26corbelow,107457675019326561368103369054745119325775767045027405321052757752314116539470,No,26°C or below,below,,26.0,C,1779521981,2026-05-23T07:39:41+00:00,2026-05-23T15:39:41+08:00,D0_1500_1600,15:30—16:00,BUY,0.07,10.0,0.7,activity_usdcSize,0xeb072b74156dffce5e66029ad72be5cc795eadf96a0bcd20fd8585faee8a71c4,True,True,True,weather_trades_normalized.csv:11460|api_trades:6583|activity.csv:12570|api_activity:12569,EXACT_SIZE_MATCH,0.0700000112,-1.1199999996880372e-08,PRICE_FLAT_ADD,0.07000000072598496,-7.259849527097018e-10,NEAR_AVERAGE_COST_ADD,0.0700000112,PRICE_FLAT_ADD,0.07000000072598496,NEAR_AVERAGE_COST_ADD,0.07,0.07,7.000000000000001,0.9299999999999999,"descriptive binary complement only; excludes spread, fees, and depth",5—10美分
2026-05-23__beijing__high,2026-05-23,Beijing,high,BEIJING_STATION_UNCONFIRMED,0x4d4f272d16e9a4d1630e13b5a953331ef6bc50583ad6730f9c6bdf75d24316d6,highest-temperature-in-beijing-on-may-23-2026,highest-temperature-in-beijing-on-may-23-2026-26corbelow,107457675019326561368103369054745119325775767045027405321052757752314116539470,No,26°C or below,below,,26.0,C,1779522200,2026-05-23T07:43:20+00:00,2026-05-23T15:43:20+08:00,D0_1500_1600,15:30—16:00,BUY,0.07,7.35,0.5145,activity_usdcSize,0xadfc3ffbda1bda92b9fe73ec57b374c8e9c4b7c4cb15af4791548ca5e3dd26fa,True,True,True,weather_trades_normalized.csv:11461|api_trades:6582|activity.csv:12571|api_activity:12570,EXACT_SIZE_MATCH,0.07,0.0,PRICE_FLAT_ADD,0.07000000064762407,-6.476240654862409e-10,NEAR_AVERAGE_COST_ADD,0.07,PRICE_FLAT_ADD,0.07000000064762407,NEAR_AVERAGE_COST_ADD,0.07,0.07,7.000000000000001,0.9299999999999999,"descriptive binary complement only; excludes spread, fees, and depth",5—10美分
2026-05-23__beijing__high,2026-05-23,Beijing,high,BEIJING_STATION_UNCONFIRMED,0x4d4f272d16e9a4d1630e13b5a953331ef6bc50583ad6730f9c6bdf75d24316d6,highest-temperature-in-beijing-on-may-23-2026,highest-temperature-in-beijing-on-may-23-2026-26corbelow,107457675019326561368103369054745119325775767045027405321052757752314116539470,No,26°C or below,below,,26.0,C,1779524556,2026-05-23T08:22:36+00:00,2026-05-23T16:22:36+08:00,D0_1600_1800,16:00—16:30,BUY,0.01,382.0,4.00909,activity_usdcSize,0x7fb7ef186cd91e1bbf127ad82e28e3dc50285d98447686f442310d36852f1214,True,True,True,weather_trades_normalized.csv:11466|api_trades:6577|activity.csv:12576|api_activity:12575,EXACT_SIZE_MATCH,0.07,-0.060000000000000005,PRICE_DOWN_ADD,0.07000000060002197,-0.06000000060002197,BELOW_AVERAGE_COST_ADD,0.07,PRICE_DOWN_ADD,0.07000000060002197,BELOW_AVERAGE_COST_ADD,0.01,0.01,1.0,0.99,"descriptive binary complement only; excludes spread, fees, and depth",1—2美分
2026-06-03__beijing__high,2026-06-03,Beijing,high,BEIJING_STATION_UNCONFIRMED,0xa63bff1df8a4d388933f6ad3f3f6a0e693aa915f400dfb84af0367ce5fd37d26,highest-temperature-in-beijing-on-june-3-2026,highest-temperature-in-beijing-on-june-3-2026-30corbelow,94435827699085503233298726297677212718847527950681418148959051875865606423408,No,30°C or below,below,,30.0,C,1780457989,2026-06-03T03:39:49+00:00,2026-06-03T11:39:49+08:00,D0_1100_1200,11:30—12:00,BUY,0.061,44.0,2.81001,activity_usdcSize,0x03b13d0f8bd47ae7957c5dcf01db1d670589dd22875d3c91fcd02bd91ad0f2ad,True,True,True,weather_trades_normalized.csv:12752|api_trades:5487|activity.csv:13929|api_activity:13928,EXACT_SIZE_MATCH,,,,,,,,,,,0.061,0.061,6.1,0.9390000000000001,"descriptive binary complement only; excludes spread, fees, and depth",5—10美分
2026-06-28__beijing__high,2026-06-28,Beijing,high,BEIJING_STATION_UNCONFIRMED,0xba3a70a96f0b8a654d8dffa4add8efaeb52b360722fb8799943da6d4bf28e784,highest-temperature-in-beijing-on-june-28-2026,highest-temperature-in-beijing-on-june-28-2026-34c,22694531242443632058400783249069055387845753633903470961749072458797435226144,No,34°C,exact,34.0,34.0,C,1782634688,2026-06-28T08:18:08+00:00,2026-06-28T16:18:08+08:00,D0_1600_1800,16:00—16:30,BUY,0.0376906838,217.9,8.60796,activity_usdcSize,0x069452666ec19e5a6a1198bee7cf2664db7a83dce779a5af52c6153dfdf1a308,True,True,True,weather_trades_normalized.csv:15675|api_trades:2813|activity.csv:17057|api_activity:17056,EXACT_SIZE_MATCH,,,,,,,,,,,0.0376906838,0.0376906838,3.7690683799999998,0.9623093162,"descriptive binary complement only; excludes spread, fees, and depth",2—5美分
2026-06-28__beijing__high,2026-06-28,Beijing,high,BEIJING_STATION_UNCONFIRMED,0xba3a70a96f0b8a654d8dffa4add8efaeb52b360722fb8799943da6d4bf28e784,highest-temperature-in-beijing-on-june-28-2026,highest-temperature-in-beijing-on-june-28-2026-34c,22694531242443632058400783249069055387845753633903470961749072458797435226144,No,34°C,exact,34.0,34.0,C,1782635969,2026-06-28T08:39:29+00:00,2026-06-28T16:39:29+08:00,D0_1600_1800,16:30—17:00,BUY,0.015,300.0,4.5,activity_usdcSize,0xd6e2f4c52356de0355b3ceaf7a575ee11d8bf591360b1b60b86f14cb7fdc1a86,True,True,True,weather_trades_normalized.csv:15680|api_trades:2810|activity.csv:17062|api_activity:17061,EXACT_SIZE_MATCH,0.0376906838,-0.0226906838,PRICE_DOWN_ADD,0.03950417622762735,-0.02450417622762735,BELOW_AVERAGE_COST_ADD,0.0376906838,PRICE_DOWN_ADD,0.03950417622762735,BELOW_AVERAGE_COST_ADD,0.015,0.015,1.5,0.985,"descriptive binary complement only; excludes spread, fees, and depth",1—2美分
2026-06-28__beijing__high,2026-06-28,Beijing,high,BEIJING_STATION_UNCONFIRMED,0xba3a70a96f0b8a654d8dffa4add8efaeb52b360722fb8799943da6d4bf28e784,highest-temperature-in-beijing-on-june-28-2026,highest-temperature-in-beijing-on-june-28-2026-34c,22694531242443632058400783249069055387845753633903470961749072458797435226144,No,34°C,exact,34.0,34.0,C,1782636245,2026-06-28T08:44:05+00:00,2026-06-28T16:44:05+08:00,D0_1600_1800,16:30—17:00,BUY,0.014,407.0,5.97891,activity_usdcSize,0x3f398ec3605cd0be433e30bbe056c284e94c5484039ee18171f82b7c87481ed2,True,True,True,weather_trades_normalized.csv:15681|api_trades:2809|activity.csv:17063|api_activity:17062,EXACT_SIZE_MATCH,0.015,-0.0009999999999999992,PRICE_FLAT_ADD,0.02530982815215293,-0.011309828152152928,BELOW_AVERAGE_COST_ADD,0.015,PRICE_FLAT_ADD,0.02530982815215293,BELOW_AVERAGE_COST_ADD,0.014,0.014,1.4000000000000001,0.986,"descriptive binary complement only; excludes spread, fees, and depth",1—2美分
2026-06-28__beijing__high,2026-06-28,Beijing,high,BEIJING_STATION_UNCONFIRMED,0xba3a70a96f0b8a654d8dffa4add8efaeb52b360722fb8799943da6d4bf28e784,highest-temperature-in-beijing-on-june-28-2026,highest-temperature-in-beijing-on-june-28-2026-34c,22694531242443632058400783249069055387845753633903470961749072458797435226144,No,34°C,exact,34.0,34.0,C,1782637121,2026-06-28T08:58:41+00:00,2026-06-28T16:58:41+08:00,D0_1600_1800,16:30—17:00,BUY,0.1473636364,37.62,5.78016,activity_usdcSize,0x363c61c46887ff4ea2bc0751b7aeef8f9dea3165ad8507003626816411e833b0,True,True,True,weather_trades_normalized.csv:15685|api_trades:2805|activity.csv:17068|api_activity:17067,EXACT_SIZE_MATCH,0.014,0.13336363639999999,PRICE_UP_ADD,0.020636685047032113,0.12672695135296788,ABOVE_AVERAGE_COST_ADD,0.014,PRICE_UP_ADD,0.020636685047032113,ABOVE_AVERAGE_COST_ADD,0.1473636364,0.1473636364,14.73636364,0.8526363636000001,"descriptive binary complement only; excludes spread, fees, and depth",10—15美分
2026-07-04__beijing__high,2026-07-04,Beijing,high,BEIJING_STATION_UNCONFIRMED,0x2bf8cc193f1ec72cacee762a012675ab57d5853af6c8eb97145842a0f0791492,highest-temperature-in-beijing-on-july-4-2026,highest-temperature-in-beijing-on-july-4-2026-33c,2419621304041694976825342401077218961409308726056483965024656490864327257192,No,33°C,exact,33.0,33.0,C,1783156900,2026-07-04T09:21:40+00:00,2026-07-04T17:21:40+08:00,D0_1600_1800,17:00—17:30,BUY,0.01,147.82,1.55137,activity_usdcSize,0x1cdf4bdd01893331bbb0ff1700d5e8aec21b4d64b95eaf84c9aaa41e6cced519,True,True,True,weather_trades_normalized.csv:16320|api_trades:2266|activity.csv:17742|api_activity:17741,EXACT_SIZE_MATCH,,,,,,,,,,,0.01,0.01,1.0,0.99,"descriptive binary complement only; excludes spread, fees, and depth",1—2美分
2026-07-11__beijing__high,2026-07-11,Beijing,high,BEIJING_STATION_UNCONFIRMED,0x88fd3d0fb536e2a593c1eb75ec13c838ffb4193cf77b0d68f820f803b1d09bfd,highest-temperature-in-beijing-on-july-11-2026,highest-temperature-in-beijing-on-july-11-2026-29c,25469102222633137809107354488256430766906720630935639898601041459546508693292,No,29°C,exact,29.0,29.0,C,1783758610,2026-07-11T08:30:10+00:00,2026-07-11T16:30:10+08:00,D0_1600_1800,16:30—17:00,BUY,0.0158244076,180.19,2.99171,activity_usdcSize,0x5dc2f08ef40a0d3f952792d6a7eb7736cd59be372394f9b08e663a0f9e9df484,True,True,True,weather_trades_normalized.csv:17108|api_trades:1549|activity.csv:18582|api_activity:18581,EXACT_SIZE_MATCH,,,,,,,,,,,0.0158244076,0.0158244076,1.58244076,0.9841755924,"descriptive binary complement only; excludes spread, fees, and depth",1—2美分
