event_key,weather_date,yes_temperature_buckets,bucket_details,join_order,most_expensive_yes_bucket,cheapest_yes_bucket,dominant_yes_bucket_by_usd,earliest_yes_bucket,has_adjacent_yes_pair,weighted_price_gap,expensive_bucket_buy_usd,cheap_bucket_buy_usd,expensive_bucket_buy_usd_share,cheap_bucket_buy_usd_share,funding_share_gap,most_expensive_is_dominant,cheapest_is_small_add_on,expensive_funding_exceeds_cheapest,cheapest_funding_exceeds_expensive,allocation_pattern,has_yes_buy_at_or_above_50c,high_50c_with_cheaper_adjacent_yes
2026-03-24__beijing__high,2026-03-24,"[""22°C"", ""20°C""]","[{""asset"": ""104460800836125738614876610922175549526108177937566285721121866641041197881596"", ""bucket_kind"": ""exact"", ""bucket_low"": ""22.0"", ""buy_shares"": 99.99333, ""buy_usd"": 9.999333, ""buy_usd_share"": 0.3519570699, ""fill_count"": 7, ""first_buy_time_cst"": ""2026-03-24T13:01:29+08:00"", ""first_buy_timestamp"": 1774328489, ""first_price"": 0.1, ""maximum_price"": 0.1, ""minimum_price"": 0.1, ""temperature_bucket"": ""22°C"", ""unit"": ""C"", ""usd_weighted_average_price"": 0.1}, {""asset"": ""108842583082174366514959372750606744882230733243117111800963050138612046813062"", ""bucket_kind"": ""exact"", ""bucket_low"": ""20.0"", ""buy_shares"": 141.008626, ""buy_usd"": 18.411328, ""buy_usd_share"": 0.6480429301, ""fill_count"": 5, ""first_buy_time_cst"": ""2026-03-24T16:16:53+08:00"", ""first_buy_timestamp"": 1774340213, ""first_price"": 0.33, ""maximum_price"": 0.3300000059, ""minimum_price"": 0.05, ""temperature_bucket"": ""20°C"", ""unit"": ""C"", ""usd_weighted_average_price"": 0.1305688065}]","[""22°C"", ""20°C""]",20°C,22°C,20°C,22°C,false,0.0305688065,18.411328,9.999333,0.6480429301,0.3519570699,0.2960858602,true,false,true,false,EXPENSIVE_60_CHEAP_40,false,false
2026-04-01__beijing__high,2026-04-01,"[""19°C"", ""20°C""]","[{""asset"": ""21788854130404119294373390333252024478123245249350360413174309416496903980578"", ""bucket_kind"": ""exact"", ""bucket_low"": ""19.0"", ""buy_shares"": 90.3022, ""buy_usd"": 21.0, ""buy_usd_share"": 0.83504584, ""fill_count"": 1, ""first_buy_time_cst"": ""2026-04-01T02:36:25+08:00"", ""first_buy_timestamp"": 1774982185, ""first_price"": 0.21, ""maximum_price"": 0.21, ""minimum_price"": 0.21, ""temperature_bucket"": ""19°C"", ""unit"": ""C"", ""usd_weighted_average_price"": 0.2325524738}, {""asset"": ""79655901785225530162334722713224485130321212954811278069168302992325795269878"", ""bucket_kind"": ""exact"", ""bucket_low"": ""20.0"", ""buy_shares"": 120.92, ""buy_usd"": 4.14832, ""buy_usd_share"": 0.16495416, ""fill_count"": 1, ""first_buy_time_cst"": ""2026-04-01T02:37:47+08:00"", ""first_buy_timestamp"": 1774982267, ""first_price"": 0.0343063182, ""maximum_price"": 0.0343063182, ""minimum_price"": 0.0343063182, ""temperature_bucket"": ""20°C"", ""unit"": ""C"", ""usd_weighted_average_price"": 0.0343063182}]","[""19°C"", ""20°C""]",19°C,20°C,19°C,19°C,true,0.1982461556,21.0,4.14832,0.83504584,0.16495416,0.6700916801,true,true,true,false,EXPENSIVE_80_CHEAP_20,false,false
2026-04-03__beijing__high,2026-04-03,"[""22°C"", ""25°C""]","[{""asset"": ""112068224048996709807152953016654034317643575767253208480522510231784911312865"", ""bucket_kind"": ""exact"", ""bucket_low"": ""22.0"", ""buy_shares"": 71.539393, ""buy_usd"": 10.730909, ""buy_usd_share"": 0.68927018, ""fill_count"": 6, ""first_buy_time_cst"": ""2026-04-03T01:53:31+08:00"", ""first_buy_timestamp"": 1775152411, ""first_price"": 0.15, ""maximum_price"": 0.1500000209, ""minimum_price"": 0.15, ""temperature_bucket"": ""22°C"", ""unit"": ""C"", ""usd_weighted_average_price"": 0.1500000007}, {""asset"": ""26931255635868764004763764133078852808991634131985329606636531370023360540024"", ""bucket_kind"": ""exact"", ""bucket_low"": ""25.0"", ""buy_shares"": 60.06754, ""buy_usd"": 4.8376, ""buy_usd_share"": 0.31072982, ""fill_count"": 3, ""first_buy_time_cst"": ""2026-04-03T12:23:35+08:00"", ""first_buy_timestamp"": 1775190215, ""first_price"": 0.083, ""maximum_price"": 0.083, ""minimum_price"": 0.05, ""temperature_bucket"": ""25°C"", ""unit"": ""C"", ""usd_weighted_average_price"": 0.08053601}]","[""22°C"", ""25°C""]",22°C,25°C,22°C,22°C,false,0.0694639907,10.730909,4.8376,0.68927018,0.31072982,0.3785403599,true,false,true,false,EXPENSIVE_70_CHEAP_30,false,false
2026-04-05__beijing__high,2026-04-05,"[""20°C"", ""21°C""]","[{""asset"": ""50154875018612476846202703575007039237316003107042368831080496113341083426516"", ""bucket_kind"": ""exact"", ""bucket_low"": ""20.0"", ""buy_shares"": 28.1796, ""buy_usd"": 6.126, ""buy_usd_share"": 0.3411380401, ""fill_count"": 1, ""first_buy_time_cst"": ""2026-04-04T23:43:29+08:00"", ""first_buy_timestamp"": 1775317409, ""first_price"": 0.2, ""maximum_price"": 0.2, ""minimum_price"": 0.2, ""temperature_bucket"": ""20°C"", ""unit"": ""C"", ""usd_weighted_average_price"": 0.2173913043}, {""asset"": ""46378176533936676838978591057272071916665451734666991591155679041626452737921"", ""bucket_kind"": ""exact"", ""bucket_low"": ""21.0"", ""buy_shares"": 84.69416, ""buy_usd"": 11.83154, ""buy_usd_share"": 0.6588619599, ""fill_count"": 1, ""first_buy_time_cst"": ""2026-04-05T13:36:03+08:00"", ""first_buy_timestamp"": 1775367363, ""first_price"": 0.1275087833, ""maximum_price"": 0.1275087833, ""minimum_price"": 0.1275087833, ""temperature_bucket"": ""21°C"", ""unit"": ""C"", ""usd_weighted_average_price"": 0.1396972353}]","[""20°C"", ""21°C""]",20°C,21°C,21°C,20°C,true,0.077694069,6.126,11.83154,0.3411380401,0.6588619599,-0.3177239199,false,false,false,true,CHEAP_70_EXPENSIVE_30,false,false
2026-04-07__beijing__high,2026-04-07,"[""18°C"", ""15°C"", ""14°C"", ""17°C""]","[{""asset"": ""79999602433317350855831261890926022795980547251209496044400409650714977058101"", ""bucket_kind"": ""exact"", ""bucket_low"": ""18.0"", ""buy_shares"": 70.965, ""buy_usd"": 5.22, ""buy_usd_share"": 0.2430175517, ""fill_count"": 5, ""first_buy_time_cst"": ""2026-04-06T20:38:55+08:00"", ""first_buy_timestamp"": 1775479135, ""first_price"": 0.075, ""maximum_price"": 0.075, ""minimum_price"": 0.07, ""temperature_bucket"": ""18°C"", ""unit"": ""C"", ""usd_weighted_average_price"": 0.0735573874}, {""asset"": ""93062708670233253111350818491065170924150528320677483561723472850586264602718"", ""bucket_kind"": ""exact"", ""bucket_low"": ""15.0"", ""buy_shares"": 49.5328, ""buy_usd"": 10.768, ""buy_usd_share"": 0.5013051719, ""fill_count"": 1, ""first_buy_time_cst"": ""2026-04-07T02:53:37+08:00"", ""first_buy_timestamp"": 1775501617, ""first_price"": 0.2, ""maximum_price"": 0.2, ""minimum_price"": 0.2, ""temperature_bucket"": ""15°C"", ""unit"": ""C"", ""usd_weighted_average_price"": 0.2173913043}, {""asset"": ""52559858945223204285610082965251896120426680161575582384609878141717746069571"", ""bucket_kind"": ""exact"", ""bucket_low"": ""14.0"", ""buy_shares"": 70.3062, ""buy_usd"": 2.69193, ""buy_usd_share"": 0.1253230341, ""fill_count"": 2, ""first_buy_time_cst"": ""2026-04-07T13:14:41+08:00"", ""first_buy_timestamp"": 1775538881, ""first_price"": 0.0455832799, ""maximum_price"": 0.0455832799, ""minimum_price"": 0.02, ""temperature_bucket"": ""14°C"", ""unit"": ""C"", ""usd_weighted_average_price"": 0.0382886573}, {""asset"": ""71934444207950351021888368239253412740636607151350651195428632637998219265483"", ""bucket_kind"": ""exact"", ""bucket_low"": ""17.0"", ""buy_shares"": 90.28, ""buy_usd"": 2.8, ""buy_usd_share"": 0.1303542423, ""fill_count"": 1, ""first_buy_time_cst"": ""2026-04-07T15:01:59+08:00"", ""first_buy_timestamp"": 1775545319, ""first_price"": 0.028, ""maximum_price"": 0.028, ""minimum_price"": 0.028, ""temperature_bucket"": ""17°C"", ""unit"": ""C"", ""usd_weighted_average_price"": 0.0310146212}]","[""18°C"", ""15°C"", ""14°C"", ""17°C""]",15°C,17°C,15°C,18°C,true,0.1863766832,10.768,2.8,0.5013051719,0.1303542423,0.3709509295,true,true,true,false,APPROXIMATELY_EVEN,false,false
2026-04-08__beijing__high,2026-04-08,"[""21°C"", ""19°C"", ""18°C"", ""22°C""]","[{""asset"": ""49136435099649610693387938084484909811192020661178104186090756957030010312050"", ""bucket_kind"": ""exact"", ""bucket_low"": ""21.0"", ""buy_shares"": 46.15, ""buy_usd"": 11.5, ""buy_usd_share"": 0.3847015887, ""fill_count"": 1, ""first_buy_time_cst"": ""2026-04-08T03:35:05+08:00"", ""first_buy_timestamp"": 1775590505, ""first_price"": 0.23, ""maximum_price"": 0.23, ""minimum_price"": 0.23, ""temperature_bucket"": ""21°C"", ""unit"": ""C"", ""usd_weighted_average_price"": 0.2491874323}, {""asset"": ""68547951473763304109882389761203567487030040752343363060552513479230522078820"", ""bucket_kind"": ""exact"", ""bucket_low"": ""19.0"", ""buy_shares"": 198.30846, ""buy_usd"": 13.0745, ""buy_usd_share"": 0.437372254, ""fill_count"": 3, ""first_buy_time_cst"": ""2026-04-08T13:37:57+08:00"", ""first_buy_timestamp"": 1775626677, ""first_price"": 0.035, ""maximum_price"": 0.071, ""minimum_price"": 0.035, ""temperature_bucket"": ""19°C"", ""unit"": ""C"", ""usd_weighted_average_price"": 0.0659301172}, {""asset"": ""5666953703845550667969629495338409841707634833382633673759286536957005327153"", ""bucket_kind"": ""exact"", ""bucket_low"": ""18.0"", ""buy_shares"": 97.45028, ""buy_usd"": 1.9088, ""buy_usd_share"": 0.0638537733, ""fill_count"": 3, ""first_buy_time_cst"": ""2026-04-08T13:38:41+08:00"", ""first_buy_timestamp"": 1775626721, ""first_price"": 0.017, ""maximum_price"": 0.0184992867, ""minimum_price"": 0.017, ""temperature_bucket"": ""18°C"", ""unit"": ""C"", ""usd_weighted_average_price"": 0.0195874245}, {""asset"": ""819482920444969831184146893868464324970057544355584208537683213176556419354"", ""bucket_kind"": ""exact"", ""bucket_low"": ""22.0"", ""buy_shares"": 109.02908, ""buy_usd"": 3.41, ""buy_usd_share"": 0.1140723841, ""fill_count"": 2, ""first_buy_time_cst"": ""2026-04-08T14:40:25+08:00"", ""first_buy_timestamp"": 1775630425, ""first_price"": 0.031, ""maximum_price"": 0.031, ""minimum_price"": 0.031, ""temperature_bucket"": ""22°C"", ""unit"": ""C"", ""usd_weighted_average_price"": 0.0312760596}]","[""21°C"", ""19°C"", ""18°C"", ""22°C""]",21°C,18°C,19°C,21°C,true,0.2296000078,11.5,1.9088,0.3847015887,0.0638537733,0.3208478154,false,true,true,false,CHEAP_60_EXPENSIVE_40,false,false
2026-04-10__beijing__high,2026-04-10,"[""28°C"", ""29°C"", ""27°C"", ""30°C or higher""]","[{""asset"": ""7314915972641966087518601253963962888209003108027579895112387864197250308361"", ""bucket_kind"": ""exact"", ""bucket_low"": ""28.0"", ""buy_shares"": 153.05474, ""buy_usd"": 15.632444, ""buy_usd_share"": 0.4196004648, ""fill_count"": 4, ""first_buy_time_cst"": ""2026-04-10T02:17:37+08:00"", ""first_buy_timestamp"": 1775758657, ""first_price"": 0.0965712326, ""maximum_price"": 0.1, ""minimum_price"": 0.0965712326, ""temperature_bucket"": ""28°C"", ""unit"": ""C"", ""usd_weighted_average_price"": 0.1021362945}, {""asset"": ""72851948402381344429998061411888232089833527553420043400232683084922512966013"", ""bucket_kind"": ""exact"", ""bucket_low"": ""29.0"", ""buy_shares"": 100.0, ""buy_usd"": 2.0, ""buy_usd_share"": 0.0536832839, ""fill_count"": 1, ""first_buy_time_cst"": ""2026-04-10T03:17:35+08:00"", ""first_buy_timestamp"": 1775762255, ""first_price"": 0.02, ""maximum_price"": 0.02, ""minimum_price"": 0.02, ""temperature_bucket"": ""29°C"", ""unit"": ""C"", ""usd_weighted_average_price"": 0.02}, {""asset"": ""5662461823834211128638062890763829339450710958343943212540617379823987546346"", ""bucket_kind"": ""exact"", ""bucket_low"": ""27.0"", ""buy_shares"": 94.29037, ""buy_usd"": 9.916611, ""buy_usd_share"": 0.2661781219, ""fill_count"": 3, ""first_buy_time_cst"": ""2026-04-10T14:27:41+08:00"", ""first_buy_timestamp"": 1775802461, ""first_price"": 0.0986956522, ""maximum_price"": 0.1, ""minimum_price"": 0.0986956522, ""temperature_bucket"": ""27°C"", ""unit"": ""C"", ""usd_weighted_average_price"": 0.1051709841}, {""asset"": ""7481930545377259399054838205991077985864977698649883349267284590212568910181"", ""bucket_kind"": ""above"", ""bucket_low"": ""30.0"", ""buy_shares"": 85.95766, ""buy_usd"": 9.70649, ""buy_usd_share"": 0.2605381293, ""fill_count"": 3, ""first_buy_time_cst"": ""2026-04-10T14:28:35+08:00"", ""first_buy_timestamp"": 1775802515, ""first_price"": 0.0650077651, ""maximum_price"": 0.224, ""minimum_price"": 0.0650077651, ""temperature_bucket"": ""30°C or higher"", ""unit"": ""C"", ""usd_weighted_average_price"": 0.1129217571}]","[""28°C"", ""29°C"", ""27°C"", ""30°C or higher""]",30°C or higher,29°C,28°C,28°C,true,0.0929217571,9.70649,2.0,0.2605381293,0.0536832839,0.2068548454,false,true,true,false,CHEAP_70_EXPENSIVE_30,false,false
2026-04-12__beijing__high,2026-04-12,"[""28°C"", ""25°C"", ""24°C"", ""27°C""]","[{""asset"": ""12355713181172947592638013110236552574095728745534485211557343846492448080707"", ""bucket_kind"": ""exact"", ""bucket_low"": ""28.0"", ""buy_shares"": 596.22662, ""buy_usd"": 4.535984, ""buy_usd_share"": 0.2731358174, ""fill_count"": 11, ""first_buy_time_cst"": ""2026-04-12T13:14:15+08:00"", ""first_buy_timestamp"": 1775970855, ""first_price"": 0.035, ""maximum_price"": 0.035, ""minimum_price"": 0.002, ""temperature_bucket"": ""28°C"", ""unit"": ""C"", ""usd_weighted_average_price"": 0.0076078187}, {""asset"": ""49477685169144210452458870402737327173031478570655958087296690009894183521127"", ""bucket_kind"": ""exact"", ""bucket_low"": ""25.0"", ""buy_shares"": 25.84244, ""buy_usd"": 4.98432, ""buy_usd_share"": 0.3001325219, ""fill_count"": 1, ""first_buy_time_cst"": ""2026-04-12T13:17:51+08:00"", ""first_buy_timestamp"": 1775971071, ""first_price"": 0.177, ""maximum_price"": 0.177, ""minimum_price"": 0.177, ""temperature_bucket"": ""25°C"", ""unit"": ""C"", ""usd_weighted_average_price"": 0.1928734284}, {""asset"": ""101012057080355263453179390780222283811173366480159130386435335556779546171582"", ""bucket_kind"": ""exact"", ""bucket_low"": ""24.0"", ""buy_shares"": 95.54872, ""buy_usd"": 2.38716, ""buy_usd_share"": 0.1437436503, ""fill_count"": 1, ""first_buy_time_cst"": ""2026-04-12T13:20:13+08:00"", ""first_buy_timestamp"": 1775971213, ""first_price"": 0.0225416431, ""maximum_price"": 0.0225416431, ""minimum_price"": 0.0225416431, ""temperature_bucket"": ""24°C"", ""unit"": ""C"", ""usd_weighted_average_price"": 0.0249836942}, {""asset"": ""10956926699793678265867923869474856358247559887613039244361011186361177855267"", ""bucket_kind"": ""exact"", ""bucket_low"": ""27.0"", ""buy_shares"": 41.94196, ""buy_usd"": 4.6996, ""buy_usd_share"": 0.2829880104, ""fill_count"": 1, ""first_buy_time_cst"": ""2026-04-12T15:54:47+08:00"", ""first_buy_timestamp"": 1775980487, ""first_price"": 0.1019878472, ""maximum_price"": 0.1019878472, ""minimum_price"": 0.1019878472, ""temperature_bucket"": ""27°C"", ""unit"": ""C"", ""usd_weighted_average_price"": 0.1120500806}]","[""28°C"", ""25°C"", ""24°C"", ""27°C""]",25°C,28°C,25°C,28°C,true,0.1852656097,4.98432,4.535984,0.3001325219,0.2731358174,0.0269967045,true,false,true,false,CHEAP_70_EXPENSIVE_30,false,false
2026-04-17__beijing__high,2026-04-17,"[""23°C"", ""24°C""]","[{""asset"": ""27701208381100469664000365459050433484511931667472767504009623310903022070502"", ""bucket_kind"": ""exact"", ""bucket_low"": ""23.0"", ""buy_shares"": 266.20888, ""buy_usd"": 48.056088, ""buy_usd_share"": 0.9231598041, ""fill_count"": 26, ""first_buy_time_cst"": ""2026-04-17T15:11:24+08:00"", ""first_buy_timestamp"": 1776409884, ""first_price"": 0.3, ""maximum_price"": 0.3, ""minimum_price"": 0.1, ""temperature_bucket"": ""23°C"", ""unit"": ""C"", ""usd_weighted_average_price"": 0.1805202291}, {""asset"": ""42156238997149464554701415866645010189156008782184891643471277650262676155936"", ""bucket_kind"": ""exact"", ""bucket_low"": ""24.0"", ""buy_shares"": 600.0, ""buy_usd"": 4.0, ""buy_usd_share"": 0.0768401959, ""fill_count"": 7, ""first_buy_time_cst"": ""2026-04-17T15:28:16+08:00"", ""first_buy_timestamp"": 1776410896, ""first_price"": 0.03, ""maximum_price"": 0.03, ""minimum_price"": 0.002, ""temperature_bucket"": ""24°C"", ""unit"": ""C"", ""usd_weighted_average_price"": 0.0066666667}]","[""23°C"", ""24°C""]",23°C,24°C,23°C,23°C,true,0.1738535624,48.056088,4.0,0.9231598041,0.0768401959,0.8463196082,true,true,true,false,EXPENSIVE_80_CHEAP_20,false,false
2026-04-20__beijing__high,2026-04-20,"[""25°C"", ""26°C"", ""24°C""]","[{""asset"": ""34766905986732250775997663386127745415746373063658738522815120483776193653136"", ""bucket_kind"": ""exact"", ""bucket_low"": ""25.0"", ""buy_shares"": 817.39644, ""buy_usd"": 9.29042, ""buy_usd_share"": 0.5886636988, ""fill_count"": 6, ""first_buy_time_cst"": ""2026-04-20T14:08:10+08:00"", ""first_buy_timestamp"": 1776665290, ""first_price"": 0.049, ""maximum_price"": 0.049, ""minimum_price"": 0.002, ""temperature_bucket"": ""25°C"", ""unit"": ""C"", ""usd_weighted_average_price"": 0.011365868}, {""asset"": ""79270413354699908459082809248820915209211854253413428648539451034554953111700"", ""bucket_kind"": ""exact"", ""bucket_low"": ""26.0"", ""buy_shares"": 283.64, ""buy_usd"": 1.4182, ""buy_usd_share"": 0.0898606153, ""fill_count"": 10, ""first_buy_time_cst"": ""2026-04-20T14:09:40+08:00"", ""first_buy_timestamp"": 1776665380, ""first_price"": 0.005, ""maximum_price"": 0.005, ""minimum_price"": 0.005, ""temperature_bucket"": ""26°C"", ""unit"": ""C"", ""usd_weighted_average_price"": 0.005}, {""asset"": ""86977481214661899530641217151515216229266930262167926149165919447125010549209"", ""bucket_kind"": ""exact"", ""bucket_low"": ""24.0"", ""buy_shares"": 16.81536, ""buy_usd"": 5.0736, ""buy_usd_share"": 0.3214756859, ""fill_count"": 1, ""first_buy_time_cst"": ""2026-04-20T15:08:10+08:00"", ""first_buy_timestamp"": 1776668890, ""first_price"": 0.28, ""maximum_price"": 0.28, ""minimum_price"": 0.28, ""temperature_bucket"": ""24°C"", ""unit"": ""C"", ""usd_weighted_average_price"": 0.3017241379}]","[""25°C"", ""26°C"", ""24°C""]",24°C,26°C,25°C,25°C,true,0.2967241379,5.0736,1.4182,0.3214756859,0.0898606153,0.2316150706,false,true,true,false,CHEAP_70_EXPENSIVE_30,false,false
2026-04-23__beijing__high,2026-04-23,"[""23°C"", ""24°C""]","[{""asset"": ""8431357715887922335909644548709407739447460978954925257664327098581538020739"", ""bucket_kind"": ""exact"", ""bucket_low"": ""23.0"", ""buy_shares"": 625.65124, ""buy_usd"": 6.98223, ""buy_usd_share"": 0.4995997323, ""fill_count"": 3, ""first_buy_time_cst"": ""2026-04-23T01:15:22+08:00"", ""first_buy_timestamp"": 1776878122, ""first_price"": 0.0199153775, ""maximum_price"": 0.0199153775, ""minimum_price"": 0.005, ""temperature_bucket"": ""23°C"", ""unit"": ""C"", ""usd_weighted_average_price"": 0.0111599395}, {""asset"": ""21566447027654051954463647479102067340566578824637319845242246500457092132358"", ""bucket_kind"": ""exact"", ""bucket_low"": ""24.0"", ""buy_shares"": 49.952982, ""buy_usd"": 6.993418, ""buy_usd_share"": 0.5004002677, ""fill_count"": 15, ""first_buy_time_cst"": ""2026-04-23T01:23:30+08:00"", ""first_buy_timestamp"": 1776878610, ""first_price"": 0.1400000172, ""maximum_price"": 0.140000086, ""minimum_price"": 0.14, ""temperature_bucket"": ""24°C"", ""unit"": ""C"", ""usd_weighted_average_price"": 0.1400000104}]","[""23°C"", ""24°C""]",24°C,23°C,24°C,23°C,true,0.1288400709,6.993418,6.98223,0.5004002677,0.4995997323,0.0008005353,true,false,true,false,APPROXIMATELY_EVEN,false,false
2026-04-25__beijing__high,2026-04-25,"[""26°C"", ""29°C""]","[{""asset"": ""62999602185924412671900857682709527767295119553660714924742823893821142722330"", ""bucket_kind"": ""exact"", ""bucket_low"": ""26.0"", ""buy_shares"": 45.35, ""buy_usd"": 3.5, ""buy_usd_share"": 0.1489361702, ""fill_count"": 1, ""first_buy_time_cst"": ""2026-04-25T03:55:28+08:00"", ""first_buy_timestamp"": 1777060528, ""first_price"": 0.07, ""maximum_price"": 0.07, ""minimum_price"": 0.07, ""temperature_bucket"": ""26°C"", ""unit"": ""C"", ""usd_weighted_average_price"": 0.0771775083}, {""asset"": ""94196277704027725263040487567652472589554202532984189923983272920988633086842"", ""bucket_kind"": ""exact"", ""bucket_low"": ""29.0"", ""buy_shares"": 182.0, ""buy_usd"": 20.0, ""buy_usd_share"": 0.8510638298, ""fill_count"": 1, ""first_buy_time_cst"": ""2026-04-25T14:23:10+08:00"", ""first_buy_timestamp"": 1777098190, ""first_price"": 0.1, ""maximum_price"": 0.1, ""minimum_price"": 0.1, ""temperature_bucket"": ""29°C"", ""unit"": ""C"", ""usd_weighted_average_price"": 0.1098901099}]","[""26°C"", ""29°C""]",29°C,26°C,29°C,26°C,false,0.0327126016,20.0,3.5,0.8510638298,0.1489361702,0.7021276596,true,true,true,false,EXPENSIVE_80_CHEAP_20,false,false
2026-04-27__beijing__high,2026-04-27,"[""24°C"", ""25°C"", ""26°C"", ""27°C or higher""]","[{""asset"": ""74775188654117731706375919392152640207142390515105180636776647163013329515447"", ""bucket_kind"": ""exact"", ""bucket_low"": ""24.0"", ""buy_shares"": 90.86, ""buy_usd"": 7.6, ""buy_usd_share"": 0.5342225796, ""fill_count"": 2, ""first_buy_time_cst"": ""2026-04-27T02:39:28+08:00"", ""first_buy_timestamp"": 1777228768, ""first_price"": 0.08, ""maximum_price"": 0.08, ""minimum_price"": 0.08, ""temperature_bucket"": ""24°C"", ""unit"": ""C"", ""usd_weighted_average_price"": 0.0836451684}, {""asset"": ""18759015204797689806424865263975358352874068218247776603309874732213675257358"", ""bucket_kind"": ""exact"", ""bucket_low"": ""25.0"", ""buy_shares"": 180.05188, ""buy_usd"": 3.3038, ""buy_usd_share"": 0.2322321788, ""fill_count"": 17, ""first_buy_time_cst"": ""2026-04-27T13:46:58+08:00"", ""first_buy_timestamp"": 1777268818, ""first_price"": 0.007, ""maximum_price"": 0.044, ""minimum_price"": 0.007, ""temperature_bucket"": ""25°C"", ""unit"": ""C"", ""usd_weighted_average_price"": 0.0183491558}, {""asset"": ""41445565019217828765776585456366349309120936422786086330894323592050191092126"", ""bucket_kind"": ""exact"", ""bucket_low"": ""26.0"", ""buy_shares"": 126.09326, ""buy_usd"": 1.56248, ""buy_usd_share"": 0.109830539, ""fill_count"": 2, ""first_buy_time_cst"": ""2026-04-27T14:00:00+08:00"", ""first_buy_timestamp"": 1777269600, ""first_price"": 0.01, ""maximum_price"": 0.0116062605, ""minimum_price"": 0.01, ""temperature_bucket"": ""26°C"", ""unit"": ""C"", ""usd_weighted_average_price"": 0.0123914633}, {""asset"": ""27870013192276198246622626756571080848132517874120553202251810229028455297206"", ""bucket_kind"": ""above"", ""bucket_low"": ""27.0"", ""buy_shares"": 328.67602, ""buy_usd"": 1.76, ""buy_usd_share"": 0.1237147026, ""fill_count"": 1, ""first_buy_time_cst"": ""2026-04-27T15:32:30+08:00"", ""first_buy_timestamp"": 1777275150, ""first_price"": 0.0048219178, ""maximum_price"": 0.0048219178, ""minimum_price"": 0.0048219178, ""temperature_bucket"": ""27°C or higher"", ""unit"": ""C"", ""usd_weighted_average_price"": 0.0053548172}]","[""24°C"", ""25°C"", ""26°C"", ""27°C or higher""]",24°C,27°C or higher,24°C,24°C,true,0.0782903512,7.6,1.76,0.5342225796,0.1237147026,0.410507877,true,true,true,false,APPROXIMATELY_EVEN,false,false
2026-05-02__beijing__high,2026-05-02,"[""26°C"", ""25°C""]","[{""asset"": ""33301675211441607187539417759128642850791480671425557059188247493279455606759"", ""bucket_kind"": ""exact"", ""bucket_low"": ""26.0"", ""buy_shares"": 125.98, ""buy_usd"": 6.02113, ""buy_usd_share"": 0.7619561641, ""fill_count"": 1, ""first_buy_time_cst"": ""2026-05-02T12:13:22+08:00"", ""first_buy_timestamp"": 1777695202, ""first_price"": 0.0456175583, ""maximum_price"": 0.0456175583, ""minimum_price"": 0.0456175583, ""temperature_bucket"": ""26°C"", ""unit"": ""C"", ""usd_weighted_average_price"": 0.0477943324}, {""asset"": ""29863422689008728892940410795172328467337826368931772666076274433075638569610"", ""bucket_kind"": ""exact"", ""bucket_low"": ""25.0"", ""buy_shares"": 137.5, ""buy_usd"": 1.88107, ""buy_usd_share"": 0.2380438359, ""fill_count"": 3, ""first_buy_time_cst"": ""2026-05-02T13:24:22+08:00"", ""first_buy_timestamp"": 1777699462, ""first_price"": 0.012873805, ""maximum_price"": 0.017, ""minimum_price"": 0.012873805, ""temperature_bucket"": ""25°C"", ""unit"": ""C"", ""usd_weighted_average_price"": 0.0136805091}]","[""26°C"", ""25°C""]",26°C,25°C,26°C,26°C,true,0.0341138233,6.02113,1.88107,0.7619561641,0.2380438359,0.5239123282,true,false,true,false,EXPENSIVE_80_CHEAP_20,false,false
2026-05-05__beijing__high,2026-05-05,"[""28°C or below"", ""29°C"", ""31°C"", ""30°C"", ""32°C""]","[{""asset"": ""66190869002704856322962274194738014820370536615555082978251660593378232942211"", ""bucket_kind"": ""below"", ""bucket_low"": """", ""buy_shares"": 200.0, ""buy_usd"": 7.33775, ""buy_usd_share"": 0.1110957858, ""fill_count"": 1, ""first_buy_time_cst"": ""2026-05-05T13:11:26+08:00"", ""first_buy_timestamp"": 1777957886, ""first_price"": 0.035, ""maximum_price"": 0.035, ""minimum_price"": 0.035, ""temperature_bucket"": ""28°C or below"", ""unit"": ""C"", ""usd_weighted_average_price"": 0.03668875}, {""asset"": ""114568909488348714429527508395395101957456873722149399672863820148055315746514"", ""bucket_kind"": ""exact"", ""bucket_low"": ""29.0"", ""buy_shares"": 131.5, ""buy_usd"": 29.66757, ""buy_usd_share"": 0.4491761099, ""fill_count"": 1, ""first_buy_time_cst"": ""2026-05-05T13:12:26+08:00"", ""first_buy_timestamp"": 1777957946, ""first_price"": 0.2171102662, ""maximum_price"": 0.2171102662, ""minimum_price"": 0.2171102662, ""temperature_bucket"": ""29°C"", ""unit"": ""C"", ""usd_weighted_average_price"": 0.2256088973}, {""asset"": ""97330453251716628920627675634974144566478742357841376116445358421286248581493"", ""bucket_kind"": ""exact"", ""bucket_low"": ""31.0"", ""buy_shares"": 207.32, ""buy_usd"": 16.9864, ""buy_usd_share"": 0.2571793063, ""fill_count"": 16, ""first_buy_time_cst"": ""2026-05-05T13:40:34+08:00"", ""first_buy_timestamp"": 1777959634, ""first_price"": 0.04, ""maximum_price"": 0.12, ""minimum_price"": 0.04, ""temperature_bucket"": ""31°C"", ""unit"": ""C"", ""usd_weighted_average_price"": 0.0819332433}, {""asset"": ""109432169913985954432800249369363555360624717090138304021524096956655985463170"", ""bucket_kind"": ""exact"", ""bucket_low"": ""30.0"", ""buy_shares"": 26.08, ""buy_usd"": 9.128, ""buy_usd_share"": 0.1382007199, ""fill_count"": 4, ""first_buy_time_cst"": ""2026-05-05T14:31:38+08:00"", ""first_buy_timestamp"": 1777962698, ""first_price"": 0.35, ""maximum_price"": 0.35, ""minimum_price"": 0.35, ""temperature_bucket"": ""30°C"", ""unit"": ""C"", ""usd_weighted_average_price"": 0.35}, {""asset"": ""84479913872251581844208708196549894663815216287929663537737185244740695967649"", ""bucket_kind"": ""exact"", ""bucket_low"": ""32.0"", ""buy_shares"": 264.77, ""buy_usd"": 2.92914, ""buy_usd_share"": 0.0443480781, ""fill_count"": 5, ""first_buy_time_cst"": ""2026-05-05T14:32:06+08:00"", ""first_buy_timestamp"": 1777962726, ""first_price"": 0.0121673333, ""maximum_price"": 0.0121673333, ""minimum_price"": 0.0081111111, ""temperature_bucket"": ""32°C"", ""unit"": ""C"", ""usd_weighted_average_price"": 0.0110629603}]","[""28°C or below"", ""29°C"", ""31°C"", ""30°C"", ""32°C""]",30°C,32°C,29°C,28°C or below,true,0.3389370397,9.128,2.92914,0.1382007199,0.0443480781,0.0938526418,false,true,true,false,CHEAP_80_EXPENSIVE_20,false,false
2026-05-06__beijing__high,2026-05-06,"[""27°C"", ""28°C"", ""29°C""]","[{""asset"": ""15881884661923309778325867962692490642504531046438171254533338562380273211355"", ""bucket_kind"": ""exact"", ""bucket_low"": ""27.0"", ""buy_shares"": 62.0, ""buy_usd"": 1.364, ""buy_usd_share"": 0.5731598166, ""fill_count"": 2, ""first_buy_time_cst"": ""2026-05-06T12:10:40+08:00"", ""first_buy_timestamp"": 1778040640, ""first_price"": 0.022, ""maximum_price"": 0.022, ""minimum_price"": 0.022, ""temperature_bucket"": ""27°C"", ""unit"": ""C"", ""usd_weighted_average_price"": 0.022}, {""asset"": ""89743558045631051337960640190908398319635851610178667873778748920131770938639"", ""bucket_kind"": ""exact"", ""bucket_low"": ""28.0"", ""buy_shares"": 70.59, ""buy_usd"": 0.35295, ""buy_usd_share"": 0.1483114056, ""fill_count"": 3, ""first_buy_time_cst"": ""2026-05-06T12:10:40+08:00"", ""first_buy_timestamp"": 1778040640, ""first_price"": 0.005, ""maximum_price"": 0.005, ""minimum_price"": 0.005, ""temperature_bucket"": ""28°C"", ""unit"": ""C"", ""usd_weighted_average_price"": 0.005}, {""asset"": ""30877761833679887015916989793187360042617315518543129235609517713631073507045"", ""bucket_kind"": ""exact"", ""bucket_low"": ""29.0"", ""buy_shares"": 156.37, ""buy_usd"": 0.66284, ""buy_usd_share"": 0.2785287777, ""fill_count"": 7, ""first_buy_time_cst"": ""2026-05-06T12:10:40+08:00"", ""first_buy_timestamp"": 1778040640, ""first_price"": 0.002, ""maximum_price"": 0.005, ""minimum_price"": 0.002, ""temperature_bucket"": ""29°C"", ""unit"": ""C"", ""usd_weighted_average_price"": 0.0042389205}]","[""27°C"", ""28°C"", ""29°C""]",27°C,29°C,27°C,27°C,true,0.0177610795,1.364,0.66284,0.5731598166,0.2785287777,0.2946310389,true,false,true,false,EXPENSIVE_60_CHEAP_40,false,false
2026-05-11__beijing__high,2026-05-11,"[""28°C or below"", ""29°C""]","[{""asset"": ""66596906115778308186189121381271004022455770845915060597724065910953529679651"", ""bucket_kind"": ""below"", ""bucket_low"": """", ""buy_shares"": 465.72, ""buy_usd"": 4.7772, ""buy_usd_share"": 0.4146317119, ""fill_count"": 3, ""first_buy_time_cst"": ""2026-05-11T01:37:22+08:00"", ""first_buy_timestamp"": 1778434642, ""first_price"": 0.01, ""maximum_price"": 0.0149493, ""minimum_price"": 0.004, ""temperature_bucket"": ""28°C or below"", ""unit"": ""C"", ""usd_weighted_average_price"": 0.0102576656}, {""asset"": ""6494649081080394954876871540260325884293802621818408548101243789221620800100"", ""bucket_kind"": ""exact"", ""bucket_low"": ""29.0"", ""buy_shares"": 469.62, ""buy_usd"": 6.74435, ""buy_usd_share"": 0.5853682881, ""fill_count"": 1, ""first_buy_time_cst"": ""2026-05-11T01:37:32+08:00"", ""first_buy_timestamp"": 1778434652, ""first_price"": 0.0136863421, ""maximum_price"": 0.0136863421, ""minimum_price"": 0.0136863421, ""temperature_bucket"": ""29°C"", ""unit"": ""C"", ""usd_weighted_average_price"": 0.0143612921}]","[""28°C or below"", ""29°C""]",29°C,28°C or below,29°C,28°C or below,false,0.0041036266,6.74435,4.7772,0.5853682881,0.4146317119,0.1707365762,true,false,true,false,EXPENSIVE_60_CHEAP_40,false,false
2026-05-14__beijing__high,2026-05-14,"[""33°C or below"", ""35°C""]","[{""asset"": ""86412359706582730431639524880708729853203052007971743000161103995990167821283"", ""bucket_kind"": ""below"", ""bucket_low"": """", ""buy_shares"": 50.0, ""buy_usd"": 23.621, ""buy_usd_share"": 0.6302388723, ""fill_count"": 1, ""first_buy_time_cst"": ""2026-05-13T15:57:22+08:00"", ""first_buy_timestamp"": 1778659042, ""first_price"": 0.46, ""maximum_price"": 0.46, ""minimum_price"": 0.46, ""temperature_bucket"": ""33°C or below"", ""unit"": ""C"", ""usd_weighted_average_price"": 0.47242}, {""asset"": ""43650090924427097525912390328233260524805795481431339573222747234149372445154"", ""bucket_kind"": ""exact"", ""bucket_low"": ""35.0"", ""buy_shares"": 343.17, ""buy_usd"": 13.85844, ""buy_usd_share"": 0.3697611277, ""fill_count"": 3, ""first_buy_time_cst"": ""2026-05-14T12:23:25+08:00"", ""first_buy_timestamp"": 1778732605, ""first_price"": 0.0331652138, ""maximum_price"": 0.099, ""minimum_price"": 0.0331652138, ""temperature_bucket"": ""35°C"", ""unit"": ""C"", ""usd_weighted_average_price"": 0.0403836}]","[""33°C or below"", ""35°C""]",33°C or below,35°C,33°C or below,33°C or below,false,0.4320364,23.621,13.85844,0.6302388723,0.3697611277,0.2604777446,true,false,true,false,EXPENSIVE_60_CHEAP_40,false,false
2026-05-21__beijing__high,2026-05-21,"[""32°C or higher"", ""31°C""]","[{""asset"": ""66564008654561876372333424927252991303956690326490923725166660510845617571571"", ""bucket_kind"": ""above"", ""bucket_low"": ""32.0"", ""buy_shares"": 566.31, ""buy_usd"": 14.01523, ""buy_usd_share"": 0.2502064504, ""fill_count"": 1, ""first_buy_time_cst"": ""2026-05-21T03:02:21+08:00"", ""first_buy_timestamp"": 1779303741, ""first_price"": 0.0235963695, ""maximum_price"": 0.0235963695, ""minimum_price"": 0.0235963695, ""temperature_bucket"": ""32°C or higher"", ""unit"": ""C"", ""usd_weighted_average_price"": 0.0247483357}, {""asset"": ""2788435560877984847489194551625763322333664688550816569622165414682957885118"", ""bucket_kind"": ""exact"", ""bucket_low"": ""31.0"", ""buy_shares"": 926.100562, ""buy_usd"": 41.999433, ""buy_usd_share"": 0.7497935496, ""fill_count"": 20, ""first_buy_time_cst"": ""2026-05-21T03:03:03+08:00"", ""first_buy_timestamp"": 1779303783, ""first_price"": 0.0424549937, ""maximum_price"": 0.215, ""minimum_price"": 0.006, ""temperature_bucket"": ""31°C"", ""unit"": ""C"", ""usd_weighted_average_price"": 0.0453508342}]","[""32°C or higher"", ""31°C""]",31°C,32°C or higher,31°C,32°C or higher,false,0.0206024984,41.999433,14.01523,0.7497935496,0.2502064504,0.4995870992,true,false,true,false,EXPENSIVE_70_CHEAP_30,false,false
2026-06-12__beijing__high,2026-06-12,"[""32°C"", ""31°C"", ""33°C"", ""30°C"", ""34°C""]","[{""asset"": ""1714118038661427518313316937268610404668479943787391065898808357663921924129"", ""bucket_kind"": ""exact"", ""bucket_low"": ""32.0"", ""buy_shares"": 200.0, ""buy_usd"": 24.18089, ""buy_usd_share"": 0.3316949696, ""fill_count"": 1, ""first_buy_time_cst"": ""2026-06-12T02:48:57+08:00"", ""first_buy_timestamp"": 1781203737, ""first_price"": 0.1157855, ""maximum_price"": 0.1157855, ""minimum_price"": 0.1157855, ""temperature_bucket"": ""32°C"", ""unit"": ""C"", ""usd_weighted_average_price"": 0.12090445}, {""asset"": ""101056054893076357303904934578593151855646782736238147041176169594318997287977"", ""bucket_kind"": ""exact"", ""bucket_low"": ""31.0"", ""buy_shares"": 305.662266, ""buy_usd"": 4.584934, ""buy_usd_share"": 0.0628926207, ""fill_count"": 11, ""first_buy_time_cst"": ""2026-06-12T02:48:58+08:00"", ""first_buy_timestamp"": 1781203738, ""first_price"": 0.015, ""maximum_price"": 0.015000001, ""minimum_price"": 0.015, ""temperature_bucket"": ""31°C"", ""unit"": ""C"", ""usd_weighted_average_price"": 0.015}, {""asset"": ""89098707078170219839073393347160119695289108317850482273104362145412265516737"", ""bucket_kind"": ""exact"", ""bucket_low"": ""33.0"", ""buy_shares"": 220.0, ""buy_usd"": 16.93481, ""buy_usd_share"": 0.2322987817, ""fill_count"": 1, ""first_buy_time_cst"": ""2026-06-12T13:42:40+08:00"", ""first_buy_timestamp"": 1781242960, ""first_price"": 0.0735686364, ""maximum_price"": 0.0735686364, ""minimum_price"": 0.0735686364, ""temperature_bucket"": ""33°C"", ""unit"": ""C"", ""usd_weighted_average_price"": 0.0769764091}, {""asset"": ""8951594499615874553748685197765431559594838015834266080711310650141811792321"", ""bucket_kind"": ""exact"", ""bucket_low"": ""30.0"", ""buy_shares"": 217.14, ""buy_usd"": 19.20056, ""buy_usd_share"": 0.2633786087, ""fill_count"": 1, ""first_buy_time_cst"": ""2026-06-12T13:43:19+08:00"", ""first_buy_timestamp"": 1781242999, ""first_price"": 0.0845545731, ""maximum_price"": 0.0845545731, ""minimum_price"": 0.0845545731, ""temperature_bucket"": ""30°C"", ""unit"": ""C"", ""usd_weighted_average_price"": 0.0884247951}, {""asset"": ""35724377268088693225726919042925098838889556498629625171616930884099611978400"", ""bucket_kind"": ""exact"", ""bucket_low"": ""34.0"", ""buy_shares"": 199.994775, ""buy_usd"": 7.999791, ""buy_usd_share"": 0.1097350194, ""fill_count"": 4, ""first_buy_time_cst"": ""2026-06-12T15:02:25+08:00"", ""first_buy_timestamp"": 1781247745, ""first_price"": 0.04, ""maximum_price"": 0.04, ""minimum_price"": 0.04, ""temperature_bucket"": ""34°C"", ""unit"": ""C"", ""usd_weighted_average_price"": 0.04}]","[""32°C"", ""31°C"", ""33°C"", ""30°C"", ""34°C""]",32°C,31°C,32°C,32°C,true,0.10590445,24.18089,4.584934,0.3316949696,0.0628926207,0.2688023488,true,true,true,false,CHEAP_70_EXPENSIVE_30,false,false
2026-06-15__beijing__high,2026-06-15,"[""28°C"", ""26°C"", ""27°C"", ""25°C or below""]","[{""asset"": ""6625950344667103356659434812943537638945594145223162234577774499886339943740"", ""bucket_kind"": ""exact"", ""bucket_low"": ""28.0"", ""buy_shares"": 179.25, ""buy_usd"": 33.45112, ""buy_usd_share"": 0.4584021199, ""fill_count"": 1, ""first_buy_time_cst"": ""2026-06-15T03:23:39+08:00"", ""first_buy_timestamp"": 1781465019, ""first_price"": 0.1792608089, ""maximum_price"": 0.1792608089, ""minimum_price"": 0.1792608089, ""temperature_bucket"": ""28°C"", ""unit"": ""C"", ""usd_weighted_average_price"": 0.1866171269}, {""asset"": ""70671096548077349837863924889083524316633252190932384849282874192399975717597"", ""bucket_kind"": ""exact"", ""bucket_low"": ""26.0"", ""buy_shares"": 131.4, ""buy_usd"": 3.10437, ""buy_usd_share"": 0.0425411702, ""fill_count"": 2, ""first_buy_time_cst"": ""2026-06-15T03:46:31+08:00"", ""first_buy_timestamp"": 1781466391, ""first_price"": 0.006, ""maximum_price"": 0.0231899525, ""minimum_price"": 0.006, ""temperature_bucket"": ""26°C"", ""unit"": ""C"", ""usd_weighted_average_price"": 0.0236253425}, {""asset"": ""57079491115667866115697137550893969205882093455592713984158009390260732469616"", ""bucket_kind"": ""exact"", ""bucket_low"": ""27.0"", ""buy_shares"": 205.55, ""buy_usd"": 12.86782, ""buy_usd_share"": 0.1763359782, ""fill_count"": 3, ""first_buy_time_cst"": ""2026-06-15T04:53:48+08:00"", ""first_buy_timestamp"": 1781470428, ""first_price"": 0.059373959, ""maximum_price"": 0.08, ""minimum_price"": 0.059373959, ""temperature_bucket"": ""27°C"", ""unit"": ""C"", ""usd_weighted_average_price"": 0.0626018973}, {""asset"": ""87626864494023941074792277184142557841858420528961451158643328396165259628400"", ""bucket_kind"": ""below"", ""bucket_low"": """", ""buy_shares"": 150.0, ""buy_usd"": 23.55, ""buy_usd_share"": 0.3227207317, ""fill_count"": 1, ""first_buy_time_cst"": ""2026-06-15T13:39:30+08:00"", ""first_buy_timestamp"": 1781501970, ""first_price"": 0.157, ""maximum_price"": 0.157, ""minimum_price"": 0.157, ""temperature_bucket"": ""25°C or below"", ""unit"": ""C"", ""usd_weighted_average_price"": 0.157}]","[""28°C"", ""26°C"", ""27°C"", ""25°C or below""]",28°C,26°C,28°C,28°C,true,0.1629917845,33.45112,3.10437,0.4584021199,0.0425411702,0.4158609497,true,true,true,false,APPROXIMATELY_EVEN,false,false
2026-06-28__beijing__high,2026-06-28,"[""27°C or below"", ""28°C"", ""35°C""]","[{""asset"": ""43293199251797360437328165210268099210815959800091984684253133844021944914859"", ""bucket_kind"": ""below"", ""bucket_low"": """", ""buy_shares"": 764.83, ""buy_usd"": 4.58898, ""buy_usd_share"": 0.2704683679, ""fill_count"": 29, ""first_buy_time_cst"": ""2026-06-28T03:28:31+08:00"", ""first_buy_timestamp"": 1782588511, ""first_price"": 0.006, ""maximum_price"": 0.006, ""minimum_price"": 0.006, ""temperature_bucket"": ""27°C or below"", ""unit"": ""C"", ""usd_weighted_average_price"": 0.006}, {""asset"": ""31981304089168379291121302205733187643582935393994115799574360734055295603212"", ""bucket_kind"": ""exact"", ""bucket_low"": ""28.0"", ""buy_shares"": 200.0, ""buy_usd"": 4.6, ""buy_usd_share"": 0.271117872, ""fill_count"": 3, ""first_buy_time_cst"": ""2026-06-28T03:34:20+08:00"", ""first_buy_timestamp"": 1782588860, ""first_price"": 0.023, ""maximum_price"": 0.023, ""minimum_price"": 0.023, ""temperature_bucket"": ""28°C"", ""unit"": ""C"", ""usd_weighted_average_price"": 0.023}, {""asset"": ""11992227012042487761934079605302479062020809322296514242724634681118992898346"", ""bucket_kind"": ""exact"", ""bucket_low"": ""35.0"", ""buy_shares"": 475.86, ""buy_usd"": 7.77781, ""buy_usd_share"": 0.4584137601, ""fill_count"": 3, ""first_buy_time_cst"": ""2026-06-28T16:18:11+08:00"", ""first_buy_timestamp"": 1782634691, ""first_price"": 0.043639842, ""maximum_price"": 0.043639842, ""minimum_price"": 0.013, ""temperature_bucket"": ""35°C"", ""unit"": ""C"", ""usd_weighted_average_price"": 0.0163447443}]","[""27°C or below"", ""28°C"", ""35°C""]",28°C,27°C or below,35°C,27°C or below,false,0.017,4.6,4.58898,0.271117872,0.2704683679,0.0006495041,false,false,true,false,CHEAP_70_EXPENSIVE_30,false,false
2026-06-29__beijing__high,2026-06-29,"[""27°C"", ""28°C"", ""29°C""]","[{""asset"": ""108767903896108640893988051095372301802837883381508141096829997523760298855796"", ""bucket_kind"": ""exact"", ""bucket_low"": ""27.0"", ""buy_shares"": 198.79, ""buy_usd"": 25.79803, ""buy_usd_share"": 0.3489677078, ""fill_count"": 2, ""first_buy_time_cst"": ""2026-06-29T02:49:16+08:00"", ""first_buy_timestamp"": 1782672556, ""first_price"": 0.14, ""maximum_price"": 0.14, ""minimum_price"": 0.1049532605, ""temperature_bucket"": ""27°C"", ""unit"": ""C"", ""usd_weighted_average_price"": 0.1297752905}, {""asset"": ""104051924962414143041962982924243749501852800133149234608521616627851005731481"", ""bucket_kind"": ""exact"", ""bucket_low"": ""28.0"", ""buy_shares"": 202.84, ""buy_usd"": 47.12871, ""buy_usd_share"": 0.6375059608, ""fill_count"": 3, ""first_buy_time_cst"": ""2026-06-29T15:26:49+08:00"", ""first_buy_timestamp"": 1782718009, ""first_price"": 0.2425925926, ""maximum_price"": 0.2754431072, ""minimum_price"": 0.1025, ""temperature_bucket"": ""28°C"", ""unit"": ""C"", ""usd_weighted_average_price"": 0.2323442615}, {""asset"": ""1800446057071802619948908345413005568923057470305768033859465736379668663382"", ""bucket_kind"": ""exact"", ""bucket_low"": ""29.0"", ""buy_shares"": 199.9914, ""buy_usd"": 0.999957, ""buy_usd_share"": 0.0135263314, ""fill_count"": 10, ""first_buy_time_cst"": ""2026-06-29T15:37:50+08:00"", ""first_buy_timestamp"": 1782718670, ""first_price"": 0.005, ""maximum_price"": 0.005, ""minimum_price"": 0.005, ""temperature_bucket"": ""29°C"", ""unit"": ""C"", ""usd_weighted_average_price"": 0.005}]","[""27°C"", ""28°C"", ""29°C""]",28°C,29°C,28°C,27°C,true,0.2273442615,47.12871,0.999957,0.6375059608,0.0135263314,0.6239796294,true,true,true,false,EXPENSIVE_60_CHEAP_40,false,false
2026-06-30__beijing__high,2026-06-30,"[""25°C"", ""26°C""]","[{""asset"": ""70707695627148214856626015782807251188887892976313758443790433310903318968016"", ""bucket_kind"": ""exact"", ""bucket_low"": ""25.0"", ""buy_shares"": 97.7, ""buy_usd"": 11.10055, ""buy_usd_share"": 0.2891715567, ""fill_count"": 1, ""first_buy_time_cst"": ""2026-06-30T04:16:23+08:00"", ""first_buy_timestamp"": 1782764183, ""first_price"": 0.1087717503, ""maximum_price"": 0.1087717503, ""minimum_price"": 0.1087717503, ""temperature_bucket"": ""25°C"", ""unit"": ""C"", ""usd_weighted_average_price"": 0.1136187308}, {""asset"": ""27163779202359312548075864842095860998129848410911739395007504191800306740378"", ""bucket_kind"": ""exact"", ""bucket_low"": ""26.0"", ""buy_shares"": 125.0, ""buy_usd"": 27.28687, ""buy_usd_share"": 0.7108284433, ""fill_count"": 1, ""first_buy_time_cst"": ""2026-06-30T04:16:28+08:00"", ""first_buy_timestamp"": 1782764188, ""first_price"": 0.21, ""maximum_price"": 0.21, ""minimum_price"": 0.21, ""temperature_bucket"": ""26°C"", ""unit"": ""C"", ""usd_weighted_average_price"": 0.21829496}]","[""25°C"", ""26°C""]",26°C,25°C,26°C,25°C,true,0.1046762292,27.28687,11.10055,0.7108284433,0.2891715567,0.4216568866,true,false,true,false,EXPENSIVE_70_CHEAP_30,false,false
2026-07-04__beijing__high,2026-07-04,"[""31°C or below"", ""32°C"", ""34°C""]","[{""asset"": ""115489102057861059701227042748315790067424140413439340170433069523044891063344"", ""bucket_kind"": ""below"", ""bucket_low"": """", ""buy_shares"": 214.31, ""buy_usd"": 3.40137, ""buy_usd_share"": 0.2178267266, ""fill_count"": 2, ""first_buy_time_cst"": ""2026-07-04T03:18:40+08:00"", ""first_buy_timestamp"": 1783106320, ""first_price"": 0.0166589477, ""maximum_price"": 0.0166589477, ""minimum_price"": 0.009, ""temperature_bucket"": ""31°C or below"", ""unit"": ""C"", ""usd_weighted_average_price"": 0.0158712613}, {""asset"": ""78568089220700911817525056594904068142433722710968789686334654152672244949291"", ""bucket_kind"": ""exact"", ""bucket_low"": ""32.0"", ""buy_shares"": 183.6408, ""buy_usd"": 3.672816, ""buy_usd_share"": 0.2352103672, ""fill_count"": 3, ""first_buy_time_cst"": ""2026-07-04T05:07:16+08:00"", ""first_buy_timestamp"": 1783112836, ""first_price"": 0.02, ""maximum_price"": 0.02, ""minimum_price"": 0.02, ""temperature_bucket"": ""32°C"", ""unit"": ""C"", ""usd_weighted_average_price"": 0.02}, {""asset"": ""96257504628610993681879628275371301882451987827136137387580611093608261334501"", ""bucket_kind"": ""exact"", ""bucket_low"": ""34.0"", ""buy_shares"": 174.29, ""buy_usd"": 8.54084, ""buy_usd_share"": 0.5469629061, ""fill_count"": 3, ""first_buy_time_cst"": ""2026-07-04T16:14:17+08:00"", ""first_buy_timestamp"": 1783152857, ""first_price"": 0.088, ""maximum_price"": 0.088, ""minimum_price"": 0.01, ""temperature_bucket"": ""34°C"", ""unit"": ""C"", ""usd_weighted_average_price"": 0.0490036147}]","[""31°C or below"", ""32°C"", ""34°C""]",34°C,31°C or below,34°C,31°C or below,false,0.0331323534,8.54084,3.40137,0.5469629061,0.2178267266,0.3291361795,true,false,true,false,APPROXIMATELY_EVEN,false,false
2026-07-10__beijing__high,2026-07-10,"[""27°C or below"", ""28°C"", ""29°C""]","[{""asset"": ""86018233340433213187213926201442374837800177722482607054761432623861433614833"", ""bucket_kind"": ""below"", ""bucket_low"": """", ""buy_shares"": 201.0, ""buy_usd"": 37.67269, ""buy_usd_share"": 0.4765473718, ""fill_count"": 2, ""first_buy_time_cst"": ""2026-07-10T03:39:37+08:00"", ""first_buy_timestamp"": 1783625977, ""first_price"": 0.17, ""maximum_price"": 0.19, ""minimum_price"": 0.17, ""temperature_bucket"": ""27°C or below"", ""unit"": ""C"", ""usd_weighted_average_price"": 0.1874263184}, {""asset"": ""81755458896310429985883739427482770215059110582980582603837744445062004118329"", ""bucket_kind"": ""exact"", ""bucket_low"": ""28.0"", ""buy_shares"": 150.0, ""buy_usd"": 38.23071, ""buy_usd_share"": 0.4836061447, ""fill_count"": 2, ""first_buy_time_cst"": ""2026-07-10T03:40:43+08:00"", ""first_buy_timestamp"": 1783626043, ""first_price"": 0.2535, ""maximum_price"": 0.2535, ""minimum_price"": 0.22984, ""temperature_bucket"": ""28°C"", ""unit"": ""C"", ""usd_weighted_average_price"": 0.2548714}, {""asset"": ""8558793652850238734125671499189742012274438869252557156443757137990042642891"", ""bucket_kind"": ""exact"", ""bucket_low"": ""29.0"", ""buy_shares"": 150.0, ""buy_usd"": 3.15, ""buy_usd_share"": 0.0398464835, ""fill_count"": 3, ""first_buy_time_cst"": ""2026-07-10T14:13:20+08:00"", ""first_buy_timestamp"": 1783664000, ""first_price"": 0.021, ""maximum_price"": 0.021, ""minimum_price"": 0.021, ""temperature_bucket"": ""29°C"", ""unit"": ""C"", ""usd_weighted_average_price"": 0.021}]","[""27°C or below"", ""28°C"", ""29°C""]",28°C,29°C,28°C,27°C or below,true,0.2338714,38.23071,3.15,0.4836061447,0.0398464835,0.4437596612,true,true,true,false,APPROXIMATELY_EVEN,false,false
2026-07-11__beijing__high,2026-07-11,"[""31°C"", ""30°C""]","[{""asset"": ""93259836843395281567682854796156737561070980574616860161120890180048878052961"", ""bucket_kind"": ""exact"", ""bucket_low"": ""31.0"", ""buy_shares"": 954.5, ""buy_usd"": 18.74518, ""buy_usd_share"": 0.9499854805, ""fill_count"": 2, ""first_buy_time_cst"": ""2026-07-11T04:35:10+08:00"", ""first_buy_timestamp"": 1783715710, ""first_price"": 0.12, ""maximum_price"": 0.12, ""minimum_price"": 0.003857507, ""temperature_bucket"": ""31°C"", ""unit"": ""C"", ""usd_weighted_average_price"": 0.0196387428}, {""asset"": ""114356146596098984869412731385222489782272520922910115122768167023464848688717"", ""bucket_kind"": ""exact"", ""bucket_low"": ""30.0"", ""buy_shares"": 47.04, ""buy_usd"": 0.98689, ""buy_usd_share"": 0.0500145195, ""fill_count"": 1, ""first_buy_time_cst"": ""2026-07-11T16:30:11+08:00"", ""first_buy_timestamp"": 1783758611, ""first_price"": 0.02, ""maximum_price"": 0.02, ""minimum_price"": 0.02, ""temperature_bucket"": ""30°C"", ""unit"": ""C"", ""usd_weighted_average_price"": 0.0209798044}]","[""31°C"", ""30°C""]",30°C,31°C,31°C,31°C,true,0.0013410616,0.98689,18.74518,0.0500145195,0.9499854805,-0.899970961,false,false,false,true,CHEAP_80_EXPENSIVE_20,false,false
2026-07-20__beijing__high,2026-07-20,"[""28°C"", ""29°C"", ""30°C""]","[{""asset"": ""114583290071836550072554321592438867918105976769142127970637399566227091670233"", ""bucket_kind"": ""exact"", ""bucket_low"": ""28.0"", ""buy_shares"": 350.0, ""buy_usd"": 10.5, ""buy_usd_share"": 0.2289502587, ""fill_count"": 1, ""first_buy_time_cst"": ""2026-07-20T01:45:01+08:00"", ""first_buy_timestamp"": 1784483101, ""first_price"": 0.03, ""maximum_price"": 0.03, ""minimum_price"": 0.03, ""temperature_bucket"": ""28°C"", ""unit"": ""C"", ""usd_weighted_average_price"": 0.03}, {""asset"": ""59361174321054472153161843604288135509095289754016143305819781030846796967390"", ""bucket_kind"": ""exact"", ""bucket_low"": ""29.0"", ""buy_shares"": 150.91, ""buy_usd"": 21.893, ""buy_usd_share"": 0.4773721918, ""fill_count"": 1, ""first_buy_time_cst"": ""2026-07-20T01:58:00+08:00"", ""first_buy_timestamp"": 1784483880, ""first_price"": 0.1390862103, ""maximum_price"": 0.1390862103, ""minimum_price"": 0.1390862103, ""temperature_bucket"": ""29°C"", ""unit"": ""C"", ""usd_weighted_average_price"": 0.1450732225}, {""asset"": ""100847548602377340804279691332109960606289297755739344911151928652116854830882"", ""bucket_kind"": ""exact"", ""bucket_low"": ""30.0"", ""buy_shares"": 65.0, ""buy_usd"": 13.46849, ""buy_usd_share"": 0.2936775495, ""fill_count"": 1, ""first_buy_time_cst"": ""2026-07-20T01:59:00+08:00"", ""first_buy_timestamp"": 1784483940, ""first_price"": 0.1992307692, ""maximum_price"": 0.1992307692, ""minimum_price"": 0.1992307692, ""temperature_bucket"": ""30°C"", ""unit"": ""C"", ""usd_weighted_average_price"": 0.2072075385}]","[""28°C"", ""29°C"", ""30°C""]",30°C,28°C,29°C,28°C,true,0.1772075385,13.46849,10.5,0.2936775495,0.2289502587,0.0647272908,false,false,true,false,CHEAP_70_EXPENSIVE_30,false,false
2026-07-23__beijing__high,2026-07-23,"[""29°C"", ""30°C"", ""31°C""]","[{""asset"": ""94710814429215941413624355290242169238239329625502746000387469199654984607890"", ""bucket_kind"": ""exact"", ""bucket_low"": ""29.0"", ""buy_shares"": 146.58, ""buy_usd"": 15.71593, ""buy_usd_share"": 0.694811614, ""fill_count"": 5, ""first_buy_time_cst"": ""2026-07-23T16:31:46+08:00"", ""first_buy_timestamp"": 1784795506, ""first_price"": 0.1444901867, ""maximum_price"": 0.269, ""minimum_price"": 0.0572640845, ""temperature_bucket"": ""29°C"", ""unit"": ""C"", ""usd_weighted_average_price"": 0.1072174239}, {""asset"": ""50171425805410371171948756485032085270928330599151012106662453197819213304003"", ""bucket_kind"": ""exact"", ""bucket_low"": ""30.0"", ""buy_shares"": 248.17, ""buy_usd"": 5.439, ""buy_usd_share"": 0.2404617715, ""fill_count"": 2, ""first_buy_time_cst"": ""2026-07-23T16:42:43+08:00"", ""first_buy_timestamp"": 1784796163, ""first_price"": 0.0156837651, ""maximum_price"": 0.04, ""minimum_price"": 0.0156837651, ""temperature_bucket"": ""30°C"", ""unit"": ""C"", ""usd_weighted_average_price"": 0.0219164283}, {""asset"": ""40304020160429257281337766165738733936943902124421353172279283374284357001201"", ""bucket_kind"": ""exact"", ""bucket_low"": ""31.0"", ""buy_shares"": 414.89, ""buy_usd"": 1.46405, ""buy_usd_share"": 0.0647266146, ""fill_count"": 1, ""first_buy_time_cst"": ""2026-07-23T16:56:18+08:00"", ""first_buy_timestamp"": 1784796978, ""first_price"": 0.0033612765, ""maximum_price"": 0.0033612765, ""minimum_price"": 0.0033612765, ""temperature_bucket"": ""31°C"", ""unit"": ""C"", ""usd_weighted_average_price"": 0.0035287667}]","[""29°C"", ""30°C"", ""31°C""]",29°C,31°C,29°C,29°C,true,0.1036886573,15.71593,1.46405,0.694811614,0.0647266146,0.6300849994,true,true,true,false,EXPENSIVE_70_CHEAP_30,false,false
