city_a,city_a_total_pnl_on_overlap,city_b,city_b_total_pnl_on_overlap,overlap_days,pearson_corr,same_sign_rate
Buenos Aires,2490.14163,Seoul,1250.134468,60,-0.09580975826284155,0.5666666666666667
London,2788.664397,Seoul,1928.9218199999998,56,-0.040104295075031195,0.5
Buenos Aires,3137.984859,London,1614.03848,54,0.02612663704221787,0.5185185185185185
Buenos Aires,1755.72535,Sao Paulo,676.535543,46,0.016404510529471197,0.45652173913043476
London,915.6983670000001,Sao Paulo,1132.75934,42,0.0016298242174280064,0.47619047619047616
Sao Paulo,884.4428439999999,Seoul,691.6566339999999,39,-0.02397391597675465,0.48717948717948717
Buenos Aires,1820.350011,Paris,410.874428,32,-0.20705894416989173,0.5
Ankara,258.399244,Buenos Aires,1397.63061,30,0.233551012825359,0.6
Ankara,187.49720200000002,Seoul,1363.6684989999999,30,-0.007670170459007847,0.5333333333333333
Ankara,208.477013,London,1035.559475,29,0.3259289655483595,0.6206896551724138
Paris,460.06168,Seoul,273.12187499999993,29,0.35235148951900336,0.4827586206896552
Busan,1371.899206,Seoul,443.12626,28,-0.35499319564664633,0.5
London,264.3428,Paris,130.970099,26,-0.18841319022343492,0.5384615384615384
Moscow,650.280536,Seoul,600.502896,26,-0.015649696254423594,0.5769230769230769
Paris,902.859781,Sao Paulo,524.433486,25,0.594778320792262,0.48
Seoul,854.175085,Taipei,1485.803661,23,-0.04656955447253217,0.5652173913043478
London,1993.368998,Moscow,566.214939,22,-0.1950885473675954,0.5
Beijing,438.234127,Buenos Aires,1588.923487,21,0.3858018872971088,0.7619047619047619
Beijing,387.471839,Seoul,532.114568,21,-0.05637896726673935,0.6190476190476191
Hong Kong,629.053835,Seoul,608.019773,21,0.18729430125175758,0.47619047619047616
London,945.877922,Munich,219.54178100000001,21,-0.14311051128237892,0.5238095238095238
Seoul,1034.657115,Shenzhen,488.482895,21,0.22889502629892652,0.42857142857142855
Beijing,336.80164,London,661.027441,20,0.25040143596623043,0.45
Buenos Aires,1825.548737,Munich,150.738851,20,-0.31451960121196315,0.45
Buenos Aires,526.741758,Taipei,656.523722,20,-0.10470181024992105,0.7
Busan,1155.812434,London,1597.085598,20,0.13953978775387335,0.6
London,1687.259823,Shenzhen,407.991633,20,-0.08952204207522936,0.7
Ankara,33.339501,Sao Paulo,189.37833999999998,19,0.023946200002070823,0.3684210526315789
London,870.0349600000001,Warsaw,946.145535,19,-0.07992942391360969,0.5263157894736842
Munich,262.278236,Seoul,87.03572799999998,19,0.49206026321163104,0.7894736842105263
Buenos Aires,1128.347548,Moscow,467.636123,18,-0.1264313385287484,0.6666666666666666
Buenos Aires,1419.69919,Tokyo,700.694564,18,0.7819152195197051,0.7222222222222222
London,1770.233503,Taipei,1091.265148,18,0.22634622456989603,0.7222222222222222
London,1255.562241,Tokyo,488.515864,18,0.02520734624201865,0.6111111111111112
Munich,217.895658,Sao Paulo,134.53815899999998,18,0.056535717592478225,0.6111111111111112
Beijing,133.612358,Sao Paulo,1011.014279,17,0.7845051031554333,0.7058823529411765
Buenos Aires,813.635096,Busan,915.597152,17,-0.2332841148737483,0.5882352941176471
Buenos Aires,643.861177,Hong Kong,1323.356061,17,0.49263210785265993,0.7647058823529411
London,1065.9623179999999,Milan,256.149995,17,0.7011001457621806,0.7058823529411765
Ankara,48.892362999999996,Paris,220.64489,16,0.27558257494486366,0.4375
Buenos Aires,1111.14611,Milan,245.23093,16,-0.4159526071727873,0.4375
Busan,381.961922,Moscow,197.016391,16,0.1048444783782312,0.5625
Hong Kong,410.287702,London,1376.673092,16,0.23865217303569297,0.75
Hong Kong,1487.568622,Shenzhen,658.2878880000001,16,0.7800925985605194,0.5625
Seoul,182.405235,Tokyo,398.696041,16,-0.3490260613793529,0.4375
Beijing,576.856624,Taipei,310.23368500000004,15,-0.19874660290159954,0.5333333333333333
Buenos Aires,1876.140555,Warsaw,408.557034,15,0.028306783865034556,0.6666666666666666
Busan,795.86296,Shenzhen,530.233472,15,-0.664784260576005,0.7333333333333333
Seoul,85.954009,Toronto,125.529004,15,0.06307236056402707,0.6
Seoul,594.590302,Warsaw,370.417243,15,0.16301795346338246,0.6666666666666666
Ankara,94.911995,Moscow,265.2283,14,-0.1301317710668052,0.5
Beijing,115.98829,Busan,568.824489,14,0.011294375181025265,0.42857142857142855
Beijing,844.480211,Moscow,286.707851,14,0.2453541886562833,0.5714285714285714
Beijing,389.979851,Munich,154.238118,14,0.38274979237124973,0.6428571428571429
Hong Kong,548.392846,Taipei,694.882017,14,-0.24039731750070945,0.7857142857142857
Milan,179.153474,Seoul,349.920532,14,-0.33654045454739495,0.5714285714285714
Moscow,466.91202899999996,Taipei,1214.023628,14,0.1031836924201731,0.5714285714285714
Sao Paulo,582.50417,Shenzhen,651.804793,14,-0.0011838626711784747,0.5714285714285714
Sao Paulo,90.451898,Taipei,497.388499,14,-0.011896151438774826,0.5714285714285714
Ankara,253.349866,Beijing,517.194065,13,0.3269338318105229,0.6923076923076923
Beijing,369.974292,Milan,77.15051,13,-0.28093581219284897,0.46153846153846156
Buenos Aires,735.436905,Shenzhen,564.8783530000001,13,0.2086967361918156,0.6153846153846154
Buenos Aires,534.142405,Toronto,349.438089,13,0.016830825242397894,0.46153846153846156
Hong Kong,397.190651,Sao Paulo,125.011419,13,-0.34270224787038567,0.6153846153846154
Moscow,495.49604999999997,Sao Paulo,102.134422,13,-0.2131306573031051,0.46153846153846156
Qingdao,1459.438931,Seoul,436.318556,13,0.024792193159464595,0.6153846153846154
Qingdao,1755.80154,Shenzhen,635.641794,13,0.2624811802520776,0.5384615384615384
Ankara,71.36588499999999,Munich,81.234487,12,-0.2857980421715732,0.4166666666666667
Beijing,192.141376,Paris,707.652597,12,0.05752060012320068,0.3333333333333333
Buenos Aires,468.616274,Istanbul,390.157329,12,0.034588061119872726,0.5
Istanbul,98.51323600000002,London,994.25176,12,0.29402565810798575,0.4166666666666667
London,883.83242,Qingdao,1401.976306,12,-0.2715317868008885,0.5
London,411.33510800000005,Toronto,77.089799,12,-0.09121778037986937,0.4166666666666667
Moscow,670.842625,Munich,309.260257,12,0.6831422963334358,0.5833333333333334
Moscow,641.509926,Shenzhen,271.576967,12,-0.2791816693840219,0.5
Sao Paulo,270.335638,Tokyo,-52.133292000000004,12,-0.34414266726816634,0.3333333333333333
Istanbul,114.12928300000002,Seoul,362.374159,11,0.020750985376949135,0.5454545454545454
Moscow,289.34877,Paris,92.331764,11,0.17853248983488268,0.36363636363636365
Shenzhen,156.891529,Taipei,507.90510300000005,11,-0.16352196285534817,0.5454545454545454
Beijing,33.062464,Hong Kong,128.312723,10,0.6414843966916188,0.7
Buenos Aires,26.406868999999997,Wellington,149.153547,10,-0.12552445319681702,0.4
Busan,859.175559,Hong Kong,199.19898700000002,10,-0.21053204024131444,0.6
Busan,908.624405,Munich,33.27244,10,-0.28662299283986964,0.5
Busan,532.176493,Qingdao,951.782374,10,-0.12840119704003877,0.7
Busan,327.943573,Sao Paulo,345.72423599999996,10,-0.02215423640776501,0.4
Busan,461.158682,Taipei,784.012296,10,-0.17062265185797937,0.6
London,473.284575,Wellington,225.253999,10,0.7544976992641612,0.4
Milan,197.350487,Moscow,228.129805,10,-0.1049635110265189,0.7
Moscow,868.868456,Tokyo,369.20613000000003,10,-0.11900211192126786,0.7
Munich,182.624,Paris,65.30279200000001,10,0.39920541290823774,0.7
Shenzhen,368.65134000000006,Warsaw,77.64411799999999,10,0.10238483412269238,0.6
Ankara,43.708422000000006,Taipei,357.207467,9,0.15958158369131833,0.8888888888888888
Ankara,140.99736,Warsaw,224.184973,9,0.8266152035794894,0.6666666666666666
Beijing,322.42776799999996,Istanbul,112.087226,9,0.10187156382444533,0.6666666666666666
Beijing,267.749076,Warsaw,443.543378,9,0.6243416194442435,0.5555555555555556
Buenos Aires,465.19849,Shanghai,706.4897179999999,9,-0.362207671958177,0.4444444444444444
Busan,219.822779,Milan,209.013883,9,0.4815799241847348,0.6666666666666666
Hong Kong,289.92661000000004,Moscow,396.662471,9,-0.490953492952443,0.5555555555555556
Hong Kong,197.86835,Warsaw,165.168672,9,-0.11659537055144634,0.7777777777777778
Istanbul,242.07363,Moscow,166.753791,9,-0.6189009941773999,0.1111111111111111
Istanbul,183.95709000000002,Sao Paulo,-41.201367,9,-0.5151053545856523,0.4444444444444444
London,412.86530799999997,Madrid,126.689127,9,0.3599587397712104,0.6666666666666666
Madrid,110.63776999999999,Munich,-15.617833999999998,9,0.16213140798580605,0.5555555555555556
Miami,52.603718,New York City,-4.542921000000001,9,-0.10031755077381377,0.5555555555555556
Milan,119.078113,Munich,138.674867,9,-0.3953930057196231,0.6666666666666666
Milan,43.232744,Paris,76.871803,9,-0.4754669666197667,0.4444444444444444
Paris,153.618399,Taipei,136.29275900000002,9,-0.30128871331196516,0.4444444444444444
Qingdao,1616.067842,Sao Paulo,1270.061212,9,-0.17266803368607542,0.7777777777777778
Sao Paulo,157.556829,Warsaw,304.52405799999997,9,0.23955212233082757,0.6666666666666666
Sao Paulo,50.326239,Wellington,198.806092,9,-0.3333702789774061,0.2222222222222222
Seoul,568.1326369999999,Shanghai,444.355257,9,-0.2844243566691813,0.4444444444444444
Taipei,474.357265,Tokyo,234.560857,9,0.04513937593080581,0.6666666666666666
Amsterdam,-32.577855,Buenos Aires,653.395113,8,-0.4708258712831729,0.5
Ankara,26.142467,Busan,848.442669,8,0.10430191774108252,0.875
Ankara,320.035667,Istanbul,202.91383000000002,8,0.04831143865654626,0.75
Ankara,-21.867477,Shenzhen,588.234656,8,0.09630192482347735,0.625
Ankara,-1.9450030000000054,Tokyo,443.681645,8,-0.18565714875778452,0.5
Beijing,253.416385,Qingdao,696.155207,8,0.03575428864805414,0.625
Beijing,289.546405,Shenzhen,242.22521,8,-0.018231823481977303,0.625
Beijing,263.788275,Tokyo,83.77186499999999,8,-0.05852028967502171,0.5
Buenos Aires,598.695066,Chongqing,196.04496999999998,8,0.38595365415364385,0.625
Buenos Aires,428.12953899999997,Madrid,148.188844,8,-0.12916199823728924,0.375
Buenos Aires,442.484405,Qingdao,1280.050506,8,-0.25963712464351024,0.75
Hong Kong,412.251873,Munich,43.503303,8,-0.1899714061978818,0.25
Hong Kong,11.400954999999996,Tokyo,284.786796,8,0.7467435954782399,0.625
Madrid,202.606844,Sao Paulo,798.00564,8,-0.32463387975696967,0.5
Milan,24.668058000000002,Sao Paulo,248.79414599999998,8,-0.3408182498614724,0.375
Milan,82.869537,Taipei,116.42385900000001,8,0.4424428275207355,0.375
Moscow,660.112927,Shanghai,302.69135600000004,8,0.2188898880020166,0.75
Moscow,388.84009,Warsaw,275.34396300000003,8,-0.20358535976153447,0.625
Munich,168.664169,Taipei,276.235114,8,-0.6508683414156113,0.375
Munich,174.977721,Tokyo,134.096063,8,-0.22274622085140597,0.375
Sao Paulo,330.631641,Toronto,127.514664,8,0.23693602905418493,0.5
Seoul,365.19961,Wellington,153.677186,8,-0.07175630693733794,0.625
Shenzhen,271.994842,Tokyo,100.42768699999999,8,-0.3543886918838975,0.0
Amsterdam,-31.092855,London,691.7937720000001,7,-0.34468882114852506,0.2857142857142857
Amsterdam,-21.314738000000002,Seoul,114.01516599999998,7,0.30863817314215886,0.42857142857142855
Ankara,17.99016,Milan,57.404411999999994,7,0.5936797105699315,0.7142857142857143
Beijing,163.679075,Chongqing,215.974942,7,0.12101463152178153,0.42857142857142855
Buenos Aires,933.589375,Wuhan,200.60144000000003,7,-0.5992937669807697,0.2857142857142857
Busan,614.422865,Paris,0.8686430000000067,7,-0.12671815289924476,0.2857142857142857
Busan,757.13211,Tokyo,125.99451799999999,7,0.8509363207491445,0.5714285714285714
Busan,260.959222,Warsaw,237.507179,7,-0.3121760746587717,0.5714285714285714
Chicago,18.328759999999996,New York City,-1.709832999999997,7,0.24068310034029933,0.2857142857142857
Chongqing,252.327669,London,547.6441,7,0.34967446208916686,0.5714285714285714
Chongqing,196.04496999999998,Seoul,206.69097999999997,7,0.7300470793866519,0.8571428571428571
Dallas,69.274315,Miami,-14.305780999999985,7,-0.1583664389169811,0.42857142857142855
Dallas,69.42485599999999,New York City,247.293094,7,-0.3572735206258662,0.2857142857142857
London,34.229074999999995,Wuhan,204.28095100000002,7,0.9126552459194853,0.5714285714285714
Munich,99.985103,Shenzhen,513.9025310000001,7,-0.21050974455816504,0.7142857142857143
Munich,145.415547,Warsaw,61.381889,7,0.5822849625808265,0.5714285714285714
Paris,529.7117470000001,Shenzhen,217.273051,7,0.33156660020943624,0.7142857142857143
Paris,-8.507758999999995,Toronto,72.78195099999999,7,0.25257425778591475,0.5714285714285714
Paris,69.65495200000001,Warsaw,235.803071,7,-0.04880047584018465,0.42857142857142855
Taipei,280.670408,Warsaw,16.443915999999998,7,-0.11543770613207059,0.5714285714285714
Ankara,10.201163,Qingdao,1071.581465,6,0.12054849760407788,0.8333333333333334
Ankara,93.686484,Tel Aviv,-41.755063,6,-0.36498017786367737,0.16666666666666666
Ankara,-40.576331999999994,Toronto,78.494484,6,0.03691879102257467,0.5
Ankara,-22.572092000000005,Wuhan,187.69344900000002,6,-0.5773376399247483,0.5
Busan,172.835998,Istanbul,266.571705,6,0.5752430528261252,0.5
Chicago,21.026486000000013,Dallas,2.746032000000005,6,0.5170245158181268,0.5
Chongqing,124.672421,Moscow,70.777596,6,-0.4516109686428373,0.6666666666666666
Chongqing,133.680283,Sao Paulo,69.60050899999999,6,0.7442046205589542,0.8333333333333334
Hong Kong,16.339419999999997,Paris,38.026616,6,-0.4419381720378873,0.16666666666666666
Hong Kong,943.525476,Qingdao,888.358402,6,-0.14750009695628938,0.6666666666666666
Istanbul,69.720974,Paris,231.27488400000001,6,0.3487423762609366,0.16666666666666666
Istanbul,356.127882,Taipei,141.518055,6,-0.5898922309990564,0.5
Istanbul,-37.15224899999998,Warsaw,413.891028,6,0.06623221327027617,0.5
London,482.753915,Panama City,9.267394000000001,6,0.3167975205287643,0.8333333333333334
London,-9.606018000000004,Shanghai,484.822296,6,-0.1602812059699668,0.5
London,140.317621,Tel Aviv,-14.555720000000003,6,-0.1795288651224451,0.16666666666666666
Milan,12.192277000000011,Tokyo,51.335975,6,-0.60348564857102,0.16666666666666666
Moscow,123.872256,Qingdao,772.8961929999999,6,-0.31342074336496983,0.6666666666666666
Munich,-37.975842,Wuhan,-4.628741,6,0.4443562299095826,0.6666666666666666
Paris,19.110253,Tokyo,306.332906,6,-0.34108397085511283,0.0
Sao Paulo,237.70657499999996,Wuhan,189.990148,6,-0.37415120571449956,0.6666666666666666
Seoul,39.220428999999996,Wuhan,196.659105,6,0.632262557254315,0.6666666666666666
Shanghai,-8.640668000000002,Taipei,323.980074,6,0.21200528713963185,0.3333333333333333
Taipei,207.45177200000003,Wellington,137.816524,6,0.6779065764993768,0.6666666666666666
Tokyo,425.435524,Warsaw,61.681983,6,0.01784480340729844,0.5
Amsterdam,-7.588507999999998,Beijing,-50.19489599999999,5,0.4288781653637914,0.6
Amsterdam,-19.999538,Milan,52.081921,5,-0.32048847649244266,0.4
Amsterdam,-33.42965,Munich,37.256494,5,0.8576861818033759,0.8
Ankara,19.200090999999993,Chongqing,86.528956,5,0.22205684144983312,0.4
Ankara,12.775662000000006,Hong Kong,206.345947,5,-0.003519933736548376,0.8
Ankara,-86.78990999999999,Madrid,16.162660000000002,5,-0.4700206922542055,0.6
Ankara,118.328285,Panama City,10.94471,5,-0.2629434382839504,1.0
Beijing,-78.61973799999998,Wellington,125.487019,5,-0.426543531086067,0.2
Beijing,-10.686909999999992,Wuhan,-4.071598,5,0.7670012132983265,0.8
Buenos Aires,85.93458999999999,Tel Aviv,-6.959354000000002,5,-0.41815799602773246,0.2
Busan,290.595236,Panama City,9.267394000000001,5,0.897667990189882,0.6
Busan,-54.652553000000005,Shanghai,174.86755399999998,5,0.8067179015645082,0.8
Chicago,-10.791651999999988,Miami,4.7782440000000035,5,0.06608691271170147,0.4
Chongqing,153.610255,Munich,67.387192,5,0.7611991148306922,0.6
Chongqing,133.680283,Paris,102.29321700000001,5,0.04302261695511837,0.6
Helsinki,-16.433052,London,191.992679,5,0.35793157730356256,0.2
Helsinki,-19.148614,Sao Paulo,206.55122099999997,5,-0.9220416623497922,0.4
Helsinki,-1.220672999999999,Seoul,75.067715,5,0.3420893626532459,0.4
Hong Kong,111.67728,Toronto,47.525845,5,-0.24395086911886138,0.4
Istanbul,98.25729200000002,Munich,78.578158,5,-0.762678340743149,0.4
Istanbul,231.67386400000004,Shenzhen,370.66998800000005,5,-0.3482881976028208,0.2
Madrid,27.320937,Moscow,149.90634699999998,5,-0.07629734407039132,0.2
Milan,119.779719,Shenzhen,80.228882,5,-0.4939272088131949,0.6
Milan,-2.4850640000000004,Warsaw,66.463962,5,-0.8016102226806194,0.6
Moscow,229.197346,Toronto,47.403158999999995,5,0.928088017184247,0.2
Munich,182.344681,Shanghai,389.488155,5,-0.35005575156135343,0.4
Panama City,9.267394000000001,Seoul,125.85708,5,0.703687330723312,0.8
Qingdao,770.64116,Warsaw,86.339531,5,-0.07358167353862467,0.4
Sao Paulo,231.270655,Shanghai,456.335957,5,0.01831953958554045,0.6
Shanghai,297.323046,Shenzhen,285.098097,5,0.24923288907163632,1.0
