buy_usd_for_closed_positions,closed_positions_with_authoritative_pnl,entry_price_bin,exit_mode,gross_loss_pnl,gross_positive_pnl,items_with_pnl,leave_top1_out_pnl,level,mean_realized_pnl,median_realized_pnl,outcome_filter,positions,realized_pnl_sum,roi_on_buy_usd,top10_cutoff_id,top10_pnl,top10_share_of_gross_positive_pnl,top10_share_of_total_net_pnl,top1_id,top1_pnl,top1_share_of_gross_positive_pnl,top1_share_of_total_net_pnl,top5_cutoff_id,top5_pnl,top5_share_of_gross_positive_pnl,top5_share_of_total_net_pnl,total_net_pnl,win_rate
169.6814002946966,87,0-1c,hold_to_resolution,-164.262346,823.01571,87,250.41695900000002,bin,7.571877747126437,-1.2,all_outcomes,87,658.753364,3.8822956603133916,,823.01571,1.0,1.2493533315755485,,408.336405,0.49614654986355,0.6198623450217402,,823.01571,1.0,1.2493533315755485,658.753364,0.034482758620689655
204.8280035854192,62,0-1c,mixed_sell_and_resolution,-66.071121,1760.414026,62,909.9401379999999,bin,27.328111370967743,-0.08297550000000001,all_outcomes,62,1694.342905,8.272027629725004,,1729.216434,0.9822782643518884,1.0205823324765537,,784.402767,0.44557857152633257,0.4629539656259841,,1677.042734,0.9526410885344765,0.9897894511500906,1694.342905,0.45161290322580644
0,0,0-1c,no_public_exit_yet,0,0,0,0,bin,nan,nan,all_outcomes,261,nan,nan,,0,nan,nan,,0,nan,nan,,0,nan,nan,0,nan
0,0,0-1c,pre_resolution_sell,0,0,0,0,bin,nan,nan,all_outcomes,11,nan,nan,,0,nan,nan,,0,nan,nan,,0,nan,nan,0,nan
4.565904,3,0-1c,transform_affected,0,515.604405,3,197.30821000000003,bin,171.868135,148.38051,all_outcomes,3,515.604405,112.9249333757346,,515.604405,1.0,1.0,,318.296195,0.617326368652727,0.617326368652727,,515.604405,1.0,1.0,515.604405,1.0
213.67495651969304,71,1-2c,hold_to_resolution,-217.92373800000001,86.210661,71,-184.183077,bin,-1.8551137605633803,-2.399998,all_outcomes,71,-131.713077,-0.6164179422114957,,86.210661,1.0,nan,,52.47,0.6086254227884879,nan,,86.210661,1.0,nan,-131.713077,0.028169014084507043
552.7908486004609,86,1-2c,mixed_sell_and_resolution,-112.76698400000001,610.654125,86,325.293145,bin,5.789385360465117,-0.1241075,all_outcomes,86,497.887141,0.9006790583826334,,517.146124,0.8468723993307995,1.0386814227845262,,172.593996,0.2826378942416871,0.34665284918455047,,410.658138,0.672488928163713,0.824801655200812,497.887141,0.4418604651162791
0,0,1-2c,no_public_exit_yet,0,0,0,0,bin,nan,nan,all_outcomes,209,nan,nan,,0,nan,nan,,0,nan,nan,,0,nan,nan,0,nan
0,0,1-2c,pre_resolution_sell,0,0,0,0,bin,nan,nan,all_outcomes,21,nan,nan,,0,nan,nan,,0,nan,nan,,0,nan,nan,0,nan
55.055157999824,36,1-2c,transform_affected,0,2614.865598,36,1643.062135,bin,72.6351555,47.855627500000004,all_outcomes,36,2614.865598,47.49537905255597,,1647.770156,0.6301548183816063,0.6301548183816063,,971.803463,0.37164566459679277,0.37164566459679277,,1402.770156,0.536459754211811,0.536459754211811,2614.865598,1.0
410.88426611073,90,2-5c,hold_to_resolution,-389.225513,747.193458,90,161.662972,bin,3.9774216111111107,-3.3642345000000002,all_outcomes,90,357.967945,0.8712135618829719,,747.193458,1.0,2.087319460964584,,196.304973,0.2627230885096962,0.54838701549101,,653.367663,0.8744290464598795,1.8252127659084112,357.967945,0.1
1584.239039984897,178,2-5c,mixed_sell_and_resolution,-345.08879,5825.633913,178,4745.1338319999995,bin,30.78957934269663,0.0305,all_outcomes,178,5480.545123,3.459418045304733,,4276.2369,0.7340380401277028,0.7802575846066983,,735.411291,0.12623712749249782,0.1341857925617156,,2948.328028,0.5060956579198629,0.5379625496790204,5480.545123,0.5056179775280899
0,0,2-5c,no_public_exit_yet,0,0,0,0,bin,nan,nan,all_outcomes,299,nan,nan,,0,nan,nan,,0,nan,nan,,0,nan,nan,0,nan
0,0,2-5c,pre_resolution_sell,0,0,0,0,bin,nan,nan,all_outcomes,48,nan,nan,,0,nan,nan,,0,nan,nan,,0,nan,nan,0,nan
80.82523398917232,14,2-5c,transform_affected,0,1040.183767,14,741.0419979999999,bin,74.2988405,44.575243,all_outcomes,16,1040.183767,12.869542290955165,,1004.110867,0.9653206470390919,0.9653206470390919,,299.141769,0.2875855002647816,0.2875855002647816,,794.721813,0.764020587719862,0.764020587719862,1040.183767,1.0
653.197496655348,73,5-10c,hold_to_resolution,-518.351906,1684.423084,73,839.5352679999999,bin,15.973577780821918,-6.38485,all_outcomes,73,1166.071178,1.7851739848526451,,1680.4027839999999,0.9976132480977088,1.441080798242661,,326.53591,0.19385623071881386,0.28003085588656923,,1150.321021,0.6829169179208422,0.986492971186361,1166.071178,0.1643835616438356
3206.1529721774295,240,5-10c,mixed_sell_and_resolution,-1026.312245,6542.165671,240,5063.409377999999,bin,22.982722608333333,0.028752,all_outcomes,240,5515.853426,1.7203962112431455,,2744.034607,0.41943826325947536,0.4974814221976029,,452.444048,0.06915814590351728,0.08202611872667263,,1766.1639810000001,0.269966257325005,0.32019777260121857,5515.853426,0.5125
0,0,5-10c,no_public_exit_yet,0,0,0,0,bin,nan,nan,all_outcomes,235,nan,nan,,0,nan,nan,,0,nan,nan,,0,nan,nan,0,nan
0,0,5-10c,pre_resolution_sell,0,0,0,0,bin,nan,nan,all_outcomes,53,nan,nan,,0,nan,nan,,0,nan,nan,,0,nan,nan,0,nan
59.11774599698425,3,5-10c,transform_affected,0,357.40710600000006,3,175.21404500000003,bin,119.13570200000001,138.705713,all_outcomes,3,357.40710600000006,6.045682222360648,,357.40710600000006,1.0,1.0,,182.19306100000003,0.5097633984926981,0.5097633984926981,,357.40710600000006,1.0,1.0,357.40710600000006,1.0
1660.024112664103,102,10-20c,hold_to_resolution,-1003.903258,3716.632119,102,2404.229956,bin,26.595380990196077,-9.827145999999999,all_outcomes,102,2712.728861,1.6341502754718757,,1808.593769,0.48662168089066127,0.6667064279816353,,308.498905,0.08300496124512989,0.11372272011227737,,1045.19524,0.2812210642685887,0.3852929258896545,2712.728861,0.3333333333333333
6471.973869886268,347,10-20c,mixed_sell_and_resolution,-1155.054856,9198.861671,347,7610.732517,bin,23.18099946685879,0.600889,all_outcomes,347,8043.806815,1.2428676284413605,,2348.142071,0.2552644180314906,0.29191925228999926,,433.074298,0.04707911842671734,0.05383947028568711,,1460.973504,0.15882111898756043,0.1816271247682867,8043.806815,0.553314121037464
0,0,10-20c,no_public_exit_yet,0,0,0,0,bin,nan,nan,all_outcomes,243,nan,nan,,0,nan,nan,,0,nan,nan,,0,nan,nan,0,nan
0,0,10-20c,pre_resolution_sell,0,0,0,0,bin,nan,nan,all_outcomes,62,nan,nan,,0,nan,nan,,0,nan,nan,,0,nan,nan,0,nan
168.97866001383662,7,10-20c,transform_affected,-1.621683,248.854578,7,162.23289499999998,bin,35.318985,35.041481,all_outcomes,8,247.23289499999998,1.4631012873445417,,248.854578,1.0,1.0065593334576293,,85.0,0.3415649440051691,0.3438053823703355,,248.751347,0.9995851754031224,1.0061417878878942,247.23289499999998,0.8571428571428571
7158.158871850305,124,>=20c,hold_to_resolution,-500.330172,3552.907541,124,2767.1513640000003,bin,24.617559427419355,11.059481,all_outcomes,124,3052.577369,0.42644727836432367,,1436.7019109999999,0.4043735713414108,0.47065208750815446,,285.426005,0.08033589439247385,0.09350328279918528,,968.027559,0.27246066716600775,0.3171181077441841,3052.577369,0.7983870967741935
19874.711948771626,466,>=20c,mixed_sell_and_resolution,-1851.797587,8425.271422,466,6323.357014,bin,14.106167027896996,3.094999,all_outcomes,466,6573.473835,0.3307456154304807,,1641.203884,0.1947953723739394,0.24967071067683044,,250.116821,0.029686500110476795,0.038049413031549705,,983.275689,0.1167055207779394,0.149582353817949,6573.473835,0.6223175965665236
0,0,>=20c,no_public_exit_yet,0,0,0,0,bin,nan,nan,all_outcomes,122,nan,nan,,0,nan,nan,,0,nan,nan,,0,nan,nan,0,nan
0,0,>=20c,pre_resolution_sell,0,0,0,0,bin,nan,nan,all_outcomes,17,nan,nan,,0,nan,nan,,0,nan,nan,,0,nan,nan,0,nan
8417.30506737257,81,>=20c,transform_affected,-3090.504106,592.649214,81,-2898.6306609999997,bin,-30.837714716049383,-34.375809,all_outcomes,81,-2497.854892,-0.29675233011124497,,589.8491260000001,0.9952753029383079,nan,,400.775769,0.6762444959557476,nan,,536.481012,0.9052252147254175,nan,-2497.854892,0.16049382716049382
152.51380905277077,78,0-1c,hold_to_resolution,-148.874307,575.41571,78,18.20499799999999,bin,5.468479525641026,-1.2,yes_only,78,426.541403,2.796739558530165,,575.41571,1.0,1.3490266266133137,,408.336405,0.7096372203671673,0.9573195055111684,,575.41571,1.0,1.3490266266133137,426.541403,0.02564102564102564
187.59199829985542,58,0-1c,mixed_sell_and_resolution,-65.218216,1743.456434,58,893.8354509999999,bin,28.935141689655172,-0.141845,yes_only,58,1678.238218,8.946214301302069,,1718.714264,0.9858085527590533,1.02411817676768,,784.402767,0.4499124564875706,0.46739655823998166,,1674.638958,0.9605281355714106,0.9978553342657819,1678.238218,0.4482758620689655
0,0,0-1c,no_public_exit_yet,0,0,0,0,bin,nan,nan,yes_only,247,nan,nan,,0,nan,nan,,0,nan,nan,,0,nan,nan,0,nan
0,0,0-1c,pre_resolution_sell,0,0,0,0,bin,nan,nan,yes_only,11,nan,nan,,0,nan,nan,,0,nan,nan,,0,nan,nan,0,nan
4.565904,3,0-1c,transform_affected,0,515.604405,3,197.30821000000003,bin,171.868135,148.38051,yes_only,3,515.604405,112.9249333757346,,515.604405,1.0,1.0,,318.296195,0.617326368652727,0.617326368652727,,515.604405,1.0,1.0,515.604405,1.0
193.5401582576797,63,1-2c,hold_to_resolution,-197.506068,86.210661,63,-163.76540699999998,bin,-1.766593761904762,-2.22,yes_only,63,-111.295407,-0.5750507181657932,,86.210661,1.0,nan,,52.47,0.6086254227884879,nan,,86.210661,1.0,nan,-111.295407,0.031746031746031744
510.36847776839886,80,1-2c,mixed_sell_and_resolution,-97.912462,585.974749,80,315.468291,bin,6.1007785875,-0.10121,yes_only,80,488.062287,0.9562939489015205,,504.047108,0.8601857142482432,1.0327516004120185,,172.593996,0.2945416953453058,0.3536310847963551,,410.658138,0.7008120037609334,0.8414051831872025,488.062287,0.4625
0,0,1-2c,no_public_exit_yet,0,0,0,0,bin,nan,nan,yes_only,196,nan,nan,,0,nan,nan,,0,nan,nan,,0,nan,nan,0,nan
0,0,1-2c,pre_resolution_sell,0,0,0,0,bin,nan,nan,yes_only,18,nan,nan,,0,nan,nan,,0,nan,nan,,0,nan,nan,0,nan
55.055157999824,36,1-2c,transform_affected,0,2614.865598,36,1643.062135,bin,72.6351555,47.855627500000004,yes_only,36,2614.865598,47.49537905255597,,1647.770156,0.6301548183816063,0.6301548183816063,,971.803463,0.37164566459679277,0.37164566459679277,,1402.770156,0.536459754211811,0.536459754211811,2614.865598,1.0
365.96361031115856,83,2-5c,hold_to_resolution,-342.1809,747.193458,83,208.70758499999997,bin,4.879669373493976,-3.33352,yes_only,83,405.01255799999996,1.106701722763201,,747.193458,1.0,1.8448649140405173,,196.304973,0.2627230885096962,0.4846886080999,,653.367663,0.8744290464598795,1.613203467631737,405.01255799999996,0.10843373493975904
1434.8075664967319,162,2-5c,mixed_sell_and_resolution,-293.800093,5767.651696,162,4738.440312,bin,33.78920742592592,0.0574725,yes_only,162,5473.851603,3.8150423309831827,,4276.2369,0.7414173263905082,0.781211697017209,,735.411291,0.1275061896525452,0.1343498772595425,,2948.328028,0.5111834388412764,0.5386203795484954,5473.851603,0.5185185185185185
0,0,2-5c,no_public_exit_yet,0,0,0,0,bin,nan,nan,yes_only,274,nan,nan,,0,nan,nan,,0,nan,nan,,0,nan,nan,0,nan
0,0,2-5c,pre_resolution_sell,0,0,0,0,bin,nan,nan,yes_only,44,nan,nan,,0,nan,nan,,0,nan,nan,,0,nan,nan,0,nan
80.82523398917232,14,2-5c,transform_affected,0,1040.183767,14,741.0419979999999,bin,74.2988405,44.575243,yes_only,16,1040.183767,12.869542290955165,,1004.110867,0.9653206470390919,0.9653206470390919,,299.141769,0.2875855002647816,0.2875855002647816,,794.721813,0.764020587719862,0.764020587719862,1040.183767,1.0
597.9073130677351,66,5-10c,hold_to_resolution,-491.790548,1297.887178,66,575.602144,bin,12.213585303030303,-6.7036495,yes_only,66,806.09663,1.3481966391481146,,1297.887178,1.0,1.6100888276880652,,230.494486,0.1775920818904954,0.28593902693775064,,999.195838,0.7698634017940811,1.2395484620745778,806.09663,0.15151515151515152
2952.804367216184,222,5-10c,mixed_sell_and_resolution,-915.223525,6321.895127,222,4954.227554,bin,24.354376585585587,0.0859235,yes_only,222,5406.671602,1.8310293976899152,,2744.034607,0.43405253517739983,0.5075275158167448,,452.444048,0.07156778765083745,0.08368254654723895,,1766.1639810000001,0.2793725529322594,0.32666381667173433,5406.671602,0.5315315315315315
0,0,5-10c,no_public_exit_yet,0,0,0,0,bin,nan,nan,yes_only,215,nan,nan,,0,nan,nan,,0,nan,nan,,0,nan,nan,0,nan
0,0,5-10c,pre_resolution_sell,0,0,0,0,bin,nan,nan,yes_only,50,nan,nan,,0,nan,nan,,0,nan,nan,,0,nan,nan,0,nan
35.79809600161425,2,5-10c,transform_affected,0,218.70139300000002,2,36.508331999999996,bin,109.35069650000001,109.35069650000001,yes_only,2,218.70139300000002,6.109302377147045,,218.70139300000002,1.0,1.0,,182.19306100000003,0.8330676750650601,0.8330676750650601,,218.70139300000002,1.0,1.0,218.70139300000002,1.0
1523.5741004271736,93,10-20c,hold_to_resolution,-876.502857,3662.267706,93,2477.265944,bin,29.954460741935485,-8.159369,yes_only,93,2785.764849,1.8284406700133184,,1808.593769,0.4938453204927996,0.6492270048023713,,308.498905,0.08423712567341192,0.11074118661190702,,1045.19524,0.28539564114541005,0.3751914812103367,2785.764849,0.3548387096774194
5810.694435642922,311,10-20c,mixed_sell_and_resolution,-947.698082,8909.934854,311,7529.162474000001,bin,25.602047498392285,1.37066,yes_only,311,7962.236772,1.370272840912004,,2348.142071,0.26354200221181556,0.2949098523743323,,433.074298,0.048605776035003996,0.05439103488142289,,1460.973504,0.16397128912161632,0.18348782456930432,7962.236772,0.5755627009646302
0,0,10-20c,no_public_exit_yet,0,0,0,0,bin,nan,nan,yes_only,226,nan,nan,,0,nan,nan,,0,nan,nan,,0,nan,nan,0,nan
0,0,10-20c,pre_resolution_sell,0,0,0,0,bin,nan,nan,yes_only,57,nan,nan,,0,nan,nan,,0,nan,nan,,0,nan,nan,0,nan
136.317949990151,5,10-20c,transform_affected,0,219.856497,5,134.856497,bin,43.9712994,49.345844,yes_only,6,219.856497,1.6128213270217509,,219.856497,1.0,1.0,,85.0,0.3866158205913742,0.3866158205913742,,219.856497,1.0,1.0,219.856497,1.0
2701.3942163399183,57,>=20c,hold_to_resolution,-446.370299,2114.9196859999997,57,1383.123382,bin,29.272796263157893,10.849962,yes_only,57,1668.549387,0.6176623081916176,,1310.899119,0.6198339954361747,0.785651973632591,,285.426005,0.1349583186961739,0.1710623654437865,,910.027554,0.43028941478206095,0.5454004305118,1668.549387,0.6491228070175439
11666.557169729722,308,>=20c,mixed_sell_and_resolution,-1064.47306,6709.7264,308,5395.136519000001,bin,18.32874461038961,4.791335999999999,yes_only,308,5645.25334,0.4838833991785756,,1548.150684,0.23073231182720058,0.27423936372003455,,250.116821,0.03727675408642594,0.044305685845446925,,918.040166,0.13682229516839914,0.16262160627852354,5645.25334,0.6461038961038961
0,0,>=20c,no_public_exit_yet,0,0,0,0,bin,nan,nan,yes_only,107,nan,nan,,0,nan,nan,,0,nan,nan,,0,nan,nan,0,nan
0,0,>=20c,pre_resolution_sell,0,0,0,0,bin,nan,nan,yes_only,14,nan,nan,,0,nan,nan,,0,nan,nan,,0,nan,nan,0,nan
1079.0013174927083,11,>=20c,transform_affected,-1.071265,567.507329,11,165.66029499999996,bin,51.49418763636364,16.0236,yes_only,11,566.436064,0.5249632737393093,,567.507329,1.0,1.0018912372782818,,400.775769,0.7062036885165937,0.7075392872583763,,536.481012,0.9453287818244193,0.9471166228568384,566.436064,0.9090909090909091
