wallet,canonical_city,weather_date,category,yes_bucket_count,no_bucket_count,adjacent_yes,non_adjacent_yes,same_bucket_both_sides,cross_bucket_yes_no,main_yes_bucket,main_yes_usd_share,yes_buy_usd,no_buy_usd,all_buy_usd
0x7c63520c2ca9b336af0c205b9ccf68217bb393d4,beijing,2026-05-01,MULTI_YES_ONLY,4,0,True,True,False,False,26°C,95.29255133614501,89.73501999999999,0,89.73501999999999
0x7c63520c2ca9b336af0c205b9ccf68217bb393d4,beijing,2026-05-02,MULTI_YES_PLUS_NO,2,1,True,False,True,True,24°C,99.7061204709766,151.29669,1.134726,152.431416
0x7c63520c2ca9b336af0c205b9ccf68217bb393d4,beijing,2026-05-03,NO_BUY,0,0,False,False,False,False,,,0,0,0
0x7c63520c2ca9b336af0c205b9ccf68217bb393d4,beijing,2026-05-04,SINGLE_YES_PLUS_NO,1,1,False,False,True,False,26°C,100.0,111.46023,2.394749,113.854979
0x7c63520c2ca9b336af0c205b9ccf68217bb393d4,beijing,2026-05-05,MULTI_YES_PLUS_NO,3,2,True,False,True,True,31°C,55.081292887391996,46.545585,119.75189,166.297475
0x7c63520c2ca9b336af0c205b9ccf68217bb393d4,beijing,2026-05-06,MULTI_YES_PLUS_NO,2,1,True,False,True,True,26°C,79.49926159814132,554.993863,16.565642,571.559505
0x7c63520c2ca9b336af0c205b9ccf68217bb393d4,beijing,2026-05-07,SINGLE_YES_PLUS_NO,1,1,False,False,True,False,25°C,100.0,30.30478,0.12232,30.4271
0x7c63520c2ca9b336af0c205b9ccf68217bb393d4,beijing,2026-05-08,NO_BUY,0,0,False,False,False,False,,,0,0,0
0x7c63520c2ca9b336af0c205b9ccf68217bb393d4,beijing,2026-05-09,NO_BUY,0,0,False,False,False,False,,,0,0,0
0x7c63520c2ca9b336af0c205b9ccf68217bb393d4,beijing,2026-05-10,NO_BUY,0,0,False,False,False,False,,,0,0,0
0x7c63520c2ca9b336af0c205b9ccf68217bb393d4,beijing,2026-05-11,NO_BUY,0,0,False,False,False,False,,,0,0,0
0x7c63520c2ca9b336af0c205b9ccf68217bb393d4,beijing,2026-05-12,NO_BUY,0,0,False,False,False,False,,,0,0,0
0x7c63520c2ca9b336af0c205b9ccf68217bb393d4,beijing,2026-05-13,NO_BUY,0,0,False,False,False,False,,,0,0,0
0x7c63520c2ca9b336af0c205b9ccf68217bb393d4,beijing,2026-05-14,MULTI_YES_ONLY,3,0,True,True,False,False,36°C,53.230562973972596,3.735448,0,3.735448
0x7c63520c2ca9b336af0c205b9ccf68217bb393d4,beijing,2026-05-15,MULTI_YES_ONLY,5,0,True,True,False,False,33°C,35.25730924277901,28.313227,0,28.313227
0x7c63520c2ca9b336af0c205b9ccf68217bb393d4,beijing,2026-05-16,MULTI_YES_ONLY,7,0,True,True,False,False,25°C or below,73.58853020530529,70.418209,0,70.418209
0x7c63520c2ca9b336af0c205b9ccf68217bb393d4,beijing,2026-05-17,MULTI_YES_ONLY,4,0,True,True,False,False,21°C,55.00642460290638,24.603077,0,24.603077
0x7c63520c2ca9b336af0c205b9ccf68217bb393d4,beijing,2026-05-18,MULTI_YES_ONLY,8,0,True,True,False,False,28°C,37.80785865315245,38.042702,0,38.042702
0x7c63520c2ca9b336af0c205b9ccf68217bb393d4,beijing,2026-05-19,MULTI_YES_ONLY,7,0,True,True,False,False,22°C,24.886818644538362,14.58765,0,14.58765
0x7c63520c2ca9b336af0c205b9ccf68217bb393d4,beijing,2026-05-20,NO_BUY,0,0,False,False,False,False,,,0,0,0
0x7c63520c2ca9b336af0c205b9ccf68217bb393d4,beijing,2026-05-21,MULTI_YES_ONLY,5,0,True,True,False,False,28°C,44.29654394747159,18.883191,0,18.883191
0x7c63520c2ca9b336af0c205b9ccf68217bb393d4,beijing,2026-05-22,MULTI_YES_ONLY,4,0,True,True,False,False,20°C,54.930365306709064,14.636167,0,14.636167
0x7c63520c2ca9b336af0c205b9ccf68217bb393d4,beijing,2026-05-23,MULTI_YES_ONLY,5,0,True,True,False,False,27°C,43.90498384211055,28.141361,0,28.141361
0x7c63520c2ca9b336af0c205b9ccf68217bb393d4,beijing,2026-05-24,MULTI_YES_ONLY,4,0,True,True,False,False,30°C,45.511935571580594,31.22473,0,31.22473
0x7c63520c2ca9b336af0c205b9ccf68217bb393d4,beijing,2026-05-25,MULTI_YES_ONLY,8,0,True,True,False,False,22°C,54.25057595551335,74.998848,0,74.998848
0x7c63520c2ca9b336af0c205b9ccf68217bb393d4,beijing,2026-05-26,MULTI_YES_PLUS_NO,7,3,True,True,True,True,27°C,24.740810181146514,40.849309,111.506552,152.355861
0x7c63520c2ca9b336af0c205b9ccf68217bb393d4,beijing,2026-05-27,MULTI_YES_PLUS_NO,4,3,True,True,True,True,30°C,59.33026458314746,26.642551,109.33579,135.978341
0x7c63520c2ca9b336af0c205b9ccf68217bb393d4,beijing,2026-05-28,MULTI_YES_PLUS_NO,5,1,True,True,False,True,31°C,54.46719665350268,34.626772,20.99364,55.620412
0x7c63520c2ca9b336af0c205b9ccf68217bb393d4,beijing,2026-05-29,MULTI_YES_PLUS_NO,5,2,True,True,False,True,34°C,47.09655845980137,17.213572,46.8665,64.080072
0x7c63520c2ca9b336af0c205b9ccf68217bb393d4,beijing,2026-05-30,MULTI_YES_PLUS_NO,6,4,True,True,True,True,38°C,37.85917037584187,34.354448,122.589883,156.944331
0x7c63520c2ca9b336af0c205b9ccf68217bb393d4,beijing,2026-05-31,MULTI_YES_PLUS_NO,7,4,True,True,True,True,36°C,36.47397882992327,56.525917,119.43921,175.965127
0x7c63520c2ca9b336af0c205b9ccf68217bb393d4,beijing,2026-06-01,MULTI_YES_PLUS_NO,6,3,True,True,False,True,36°C,34.99985612058624,28.391831,118.71780799999999,147.109639
0x7c63520c2ca9b336af0c205b9ccf68217bb393d4,beijing,2026-06-02,MULTI_YES_PLUS_NO,7,4,True,True,True,True,37°C,48.88055118050037,70.109592,219.284364,289.393956
0x7c63520c2ca9b336af0c205b9ccf68217bb393d4,beijing,2026-06-03,SINGLE_YES_ONLY,1,0,False,False,False,False,31°C,100.0,0.88605,0,0.88605
0x7c63520c2ca9b336af0c205b9ccf68217bb393d4,beijing,2026-06-04,MULTI_YES_PLUS_NO,9,3,True,True,True,True,28°C,20.56792088011574,108.95567,260.500362,369.456032
0x7c63520c2ca9b336af0c205b9ccf68217bb393d4,beijing,2026-06-05,MULTI_YES_PLUS_NO,9,2,True,True,True,True,28°C,36.02070642995487,65.930245,54.402033,120.332278
0x7c63520c2ca9b336af0c205b9ccf68217bb393d4,beijing,2026-06-06,MULTI_YES_PLUS_NO,4,1,True,True,False,True,23°C,51.37450730781177,10.972368,10.3001,21.272468
0x7c63520c2ca9b336af0c205b9ccf68217bb393d4,beijing,2026-06-07,MULTI_YES_ONLY,8,0,True,True,False,False,29°C,37.237684303863155,29.606406,0,29.606406
0x7c63520c2ca9b336af0c205b9ccf68217bb393d4,beijing,2026-06-08,MULTI_YES_PLUS_NO,6,1,True,True,False,True,31°C,55.80919008103212,73.557371,11.480690000000001,85.038061
0x7c63520c2ca9b336af0c205b9ccf68217bb393d4,beijing,2026-06-09,MULTI_YES_PLUS_NO,8,1,True,True,False,True,28°C,44.51810356887233,76.008687,45.282033,121.29072
0x7c63520c2ca9b336af0c205b9ccf68217bb393d4,beijing,2026-06-10,MULTI_YES_PLUS_NO,3,1,True,True,False,True,27°C,55.20057666088828,74.459012,30.61083,105.06984200000001
0x7c63520c2ca9b336af0c205b9ccf68217bb393d4,beijing,2026-06-11,MULTI_YES_ONLY,3,0,True,True,False,False,32°C,48.70429684080648,76.608982,0,76.608982
0x7c63520c2ca9b336af0c205b9ccf68217bb393d4,beijing,2026-06-12,MULTI_YES_PLUS_NO,6,2,True,True,True,True,34°C,52.57495413434218,40.603364,28.589085,69.192449
0x7c63520c2ca9b336af0c205b9ccf68217bb393d4,beijing,2026-06-13,MULTI_YES_PLUS_NO,8,2,True,True,True,True,29°C,38.130692074834165,90.050204,169.303829,259.354033
0x7c63520c2ca9b336af0c205b9ccf68217bb393d4,beijing,2026-06-14,MULTI_YES_PLUS_NO,4,2,True,True,False,True,30°C,44.382852969814884,90.229479,248.60976300000002,338.839242
0x7c63520c2ca9b336af0c205b9ccf68217bb393d4,beijing,2026-06-15,MULTI_YES_PLUS_NO,5,3,True,True,False,True,31°C,47.3933671706506,78.434311,220.917127,299.351438
0x7c63520c2ca9b336af0c205b9ccf68217bb393d4,beijing,2026-06-16,MULTI_YES_PLUS_NO,9,2,True,True,True,True,25°C,28.790520509598412,75.044034,143.959253,219.003287
0x7c63520c2ca9b336af0c205b9ccf68217bb393d4,beijing,2026-06-17,MULTI_YES_PLUS_NO,6,2,True,True,True,True,31°C,43.180801784680874,345.037822,73.095248,418.13307
0x7c63520c2ca9b336af0c205b9ccf68217bb393d4,beijing,2026-06-18,MULTI_YES_PLUS_NO,7,1,True,True,True,True,31°C,36.456978783751545,140.211122,40.951,181.162122
0x7c63520c2ca9b336af0c205b9ccf68217bb393d4,beijing,2026-06-19,MULTI_YES_PLUS_NO,8,3,True,True,True,True,26°C or below,27.76526434041344,64.439617,132.546551,196.986168
0x7c63520c2ca9b336af0c205b9ccf68217bb393d4,beijing,2026-06-20,MULTI_YES_PLUS_NO,3,2,True,True,False,True,30°C,75.49667797967992,40.982892,73.663978,114.64686999999999
0x7c63520c2ca9b336af0c205b9ccf68217bb393d4,beijing,2026-06-21,MULTI_YES_PLUS_NO,3,1,True,True,False,True,31°C,40.24210672927766,43.480328,47.34913,90.829458
0x7c63520c2ca9b336af0c205b9ccf68217bb393d4,beijing,2026-06-22,MULTI_YES_PLUS_NO,3,3,True,True,True,True,32°C,56.44430578532743,37.165485,139.146638,176.31212299999999
0x7c63520c2ca9b336af0c205b9ccf68217bb393d4,beijing,2026-06-23,MULTI_YES_PLUS_NO,4,2,True,True,False,True,32°C,40.63805108052392,26.423339,83.9777,110.401039
0x7c63520c2ca9b336af0c205b9ccf68217bb393d4,beijing,2026-06-24,MULTI_YES_PLUS_NO,6,3,True,True,True,True,31°C,38.83297041390538,193.873611,176.799484,370.673095
0x7c63520c2ca9b336af0c205b9ccf68217bb393d4,beijing,2026-06-25,MULTI_YES_PLUS_NO,4,2,True,True,False,True,33°C,64.32843629585567,113.3066,192.533309,305.839909
0x7c63520c2ca9b336af0c205b9ccf68217bb393d4,beijing,2026-06-26,MULTI_YES_PLUS_NO,5,2,True,True,True,True,33°C,49.89266341043994,243.78359799999998,84.101236,327.884834
0x7c63520c2ca9b336af0c205b9ccf68217bb393d4,beijing,2026-06-27,MULTI_YES_PLUS_NO,3,3,True,True,False,True,36°C,82.5131907749594,86.210439,250.375872,336.586311
0x7c63520c2ca9b336af0c205b9ccf68217bb393d4,beijing,2026-06-28,MULTI_YES_PLUS_NO,9,2,True,True,True,True,35°C,27.196922012732657,83.365647,196.725073,280.09072
0x7c63520c2ca9b336af0c205b9ccf68217bb393d4,beijing,2026-06-29,MULTI_YES_PLUS_NO,7,3,True,True,True,True,29°C,27.098797227397863,90.886174,415.37172400000003,506.257898
0x7c63520c2ca9b336af0c205b9ccf68217bb393d4,beijing,2026-06-30,MULTI_YES_PLUS_NO,4,2,True,True,True,True,30°C,54.481972808771076,79.08359,193.96649299999999,273.050083
0x7c63520c2ca9b336af0c205b9ccf68217bb393d4,beijing,2026-07-01,MULTI_YES_PLUS_NO,4,2,True,True,True,True,33°C,71.14833481716651,40.247112,245.481638,285.72875
0x7c63520c2ca9b336af0c205b9ccf68217bb393d4,beijing,2026-07-02,MULTI_YES_PLUS_NO,7,2,True,True,True,True,33°C,30.02257583416967,44.767781,293.636482,338.404263
0x7c63520c2ca9b336af0c205b9ccf68217bb393d4,beijing,2026-07-03,MULTI_YES_PLUS_NO,4,2,False,True,False,True,40°C or higher,45.960248435884374,36.650583,171.53796,208.188543
0x7c63520c2ca9b336af0c205b9ccf68217bb393d4,beijing,2026-07-04,NO_BUY,0,0,False,False,False,False,,,0,0,0
0x7c63520c2ca9b336af0c205b9ccf68217bb393d4,beijing,2026-07-05,MULTI_YES_PLUS_NO,2,1,True,False,False,True,29°C,78.90714558654948,2.3553,47.3628,49.7181
0x7c63520c2ca9b336af0c205b9ccf68217bb393d4,beijing,2026-07-06,MULTI_YES_PLUS_NO,3,1,True,True,False,True,34°C,71.43984516853536,52.211093,38.820783999999996,91.031877
0x7c63520c2ca9b336af0c205b9ccf68217bb393d4,beijing,2026-07-07,MULTI_YES_ONLY,5,0,True,True,False,False,32°C,49.52982660915361,44.851964,0,44.851964
0x7c63520c2ca9b336af0c205b9ccf68217bb393d4,beijing,2026-07-08,MULTI_YES_ONLY,3,0,True,True,False,False,33°C,56.118167329334455,158.492437,0,158.492437
0x7c63520c2ca9b336af0c205b9ccf68217bb393d4,beijing,2026-07-09,MULTI_YES_ONLY,3,0,True,True,False,False,32°C,50.84498563234444,63.814517,0,63.814517
0x7c63520c2ca9b336af0c205b9ccf68217bb393d4,beijing,2026-07-10,MULTI_YES_PLUS_NO,4,1,True,True,True,True,27°C or below,52.93635406259283,117.579775,83.614711,201.194486
0x7c63520c2ca9b336af0c205b9ccf68217bb393d4,beijing,2026-07-11,MULTI_YES_ONLY,4,0,True,True,False,False,31°C,38.70534359122076,71.120167,0,71.120167
0x7c63520c2ca9b336af0c205b9ccf68217bb393d4,beijing,2026-07-12,MULTI_YES_ONLY,4,0,True,True,False,False,31°C,65.9624659592597,49.777854,0,49.777854
0x7c63520c2ca9b336af0c205b9ccf68217bb393d4,beijing,2026-07-13,MULTI_YES_PLUS_NO,6,1,True,True,True,True,32°C,53.071054918554154,131.85423600000001,21.003676,152.857912
0x7c63520c2ca9b336af0c205b9ccf68217bb393d4,beijing,2026-07-14,MULTI_YES_PLUS_NO,3,1,True,True,True,True,34°C,59.677095412126654,178.033271,113.329924,291.363195
0x7c63520c2ca9b336af0c205b9ccf68217bb393d4,beijing,2026-07-15,MULTI_YES_ONLY,2,0,True,False,False,False,36°C,73.16391587167614,70.217398,0,70.217398
0x7c63520c2ca9b336af0c205b9ccf68217bb393d4,beijing,2026-07-16,MULTI_YES_ONLY,4,0,True,True,False,False,32°C,57.73835296701966,141.741764,0,141.741764
0x7c63520c2ca9b336af0c205b9ccf68217bb393d4,beijing,2026-07-17,MULTI_YES_ONLY,2,0,True,False,False,False,32°C,90.77860895302608,33.202919,0,33.202919
0x7c63520c2ca9b336af0c205b9ccf68217bb393d4,beijing,2026-07-18,MULTI_YES_PLUS_NO,4,1,True,True,False,True,29°C,51.538152951811824,95.457542,29.786816,125.244358
0x7c63520c2ca9b336af0c205b9ccf68217bb393d4,beijing,2026-07-19,MULTI_YES_ONLY,3,0,True,True,False,False,33°C,68.85315940992682,68.521197,0,68.521197
0x7c63520c2ca9b336af0c205b9ccf68217bb393d4,beijing,2026-07-20,MULTI_YES_ONLY,4,0,False,True,False,False,28°C,60.83056697945254,18.00806,0,18.00806
0x7c63520c2ca9b336af0c205b9ccf68217bb393d4,beijing,2026-07-21,MULTI_YES_PLUS_NO,4,1,True,True,False,True,30°C,68.47729257205648,122.514448,7.195121,129.70956900000002
0x7c63520c2ca9b336af0c205b9ccf68217bb393d4,beijing,2026-07-22,MULTI_YES_PLUS_NO,4,1,True,True,False,True,27°C,36.96757791415674,20.349832,11.318617,31.668449000000003
0x7c63520c2ca9b336af0c205b9ccf68217bb393d4,beijing,2026-07-23,MULTI_YES_PLUS_NO,4,1,True,True,False,True,31°C,87.36007452483761,195.658796,5.645714,201.30451
0x7c63520c2ca9b336af0c205b9ccf68217bb393d4,beijing,2026-07-24,MULTI_YES_PLUS_NO,4,2,True,True,True,True,32°C,92.91487630798142,371.877996,43.30599,415.183986
0x7c63520c2ca9b336af0c205b9ccf68217bb393d4,beijing,2026-07-25,MULTI_YES_ONLY,5,0,True,True,False,False,33°C,50.96997462624414,241.559824,0,241.559824
0x7c63520c2ca9b336af0c205b9ccf68217bb393d4,beijing,2026-07-26,MULTI_YES_PLUS_NO,3,1,True,True,False,True,34°C,58.84436598673703,329.578271,21.189677,350.767948
0x7c63520c2ca9b336af0c205b9ccf68217bb393d4,beijing,2026-07-27,SINGLE_YES_ONLY,1,0,False,False,False,False,35°C,100.0,0.8592,0,0.8592
0x7c63520c2ca9b336af0c205b9ccf68217bb393d4,beijing,2026-07-28,MULTI_YES_PLUS_NO,5,1,True,True,True,True,35°C,52.494748247493995,366.012583,84.9024,450.914983
0x7c63520c2ca9b336af0c205b9ccf68217bb393d4,beijing,2026-07-29,MULTI_YES_ONLY,2,0,True,False,False,False,34°C,68.81895072956344,64.698554,0,64.698554
0x7c63520c2ca9b336af0c205b9ccf68217bb393d4,beijing,2026-07-30,MULTI_YES_ONLY,3,0,True,True,False,False,33°C,42.63327353850216,104.28660599999999,0,104.28660599999999
0x7c63520c2ca9b336af0c205b9ccf68217bb393d4,beijing,2026-07-31,MULTI_YES_ONLY,5,0,True,True,False,False,33°C,45.021214414029394,25.466883,0,25.466883
0x7c63520c2ca9b336af0c205b9ccf68217bb393d4,beijing,2026-08-01,MULTI_YES_PLUS_NO,4,1,True,True,True,True,36°C,51.42326818873584,86.43234,33.777777,120.210117
0x7c63520c2ca9b336af0c205b9ccf68217bb393d4,beijing,2026-08-02,SINGLE_YES_ONLY,1,0,False,False,False,False,36°C,100.0,45.802445,0,45.802445
0x7c63520c2ca9b336af0c205b9ccf68217bb393d4,beijing,2026-08-03,MULTI_YES_PLUS_NO,5,1,True,True,False,True,31°C,30.700982805051353,134.609707,3.1451000000000002,137.754807
0x7c63520c2ca9b336af0c205b9ccf68217bb393d4,beijing,2026-08-04,MULTI_YES_PLUS_NO,3,2,True,True,True,True,35°C,47.39604166844764,161.42862,293.82187799999997,455.250498
0x8fbd7cf5f806f563080864694415829f7229a959,beijing,2026-05-01,SINGLE_NO_ONLY,0,1,False,False,False,False,,,0,4.9982,4.9982
0x8fbd7cf5f806f563080864694415829f7229a959,beijing,2026-05-02,NO_BUY,0,0,False,False,False,False,,,0,0,0
0x8fbd7cf5f806f563080864694415829f7229a959,beijing,2026-05-03,NO_BUY,0,0,False,False,False,False,,,0,0,0
0x8fbd7cf5f806f563080864694415829f7229a959,beijing,2026-05-04,NO_BUY,0,0,False,False,False,False,,,0,0,0
0x8fbd7cf5f806f563080864694415829f7229a959,beijing,2026-05-05,NO_BUY,0,0,False,False,False,False,,,0,0,0
0x8fbd7cf5f806f563080864694415829f7229a959,beijing,2026-05-06,SINGLE_YES_PLUS_NO,1,3,False,False,True,True,25°C,100.0,4.9989,12.417359,17.416259
0x8fbd7cf5f806f563080864694415829f7229a959,beijing,2026-05-07,SINGLE_YES_PLUS_NO,1,3,False,False,True,True,24°C,100.0,4.9998,12.341046,17.340846
0x8fbd7cf5f806f563080864694415829f7229a959,beijing,2026-05-08,SINGLE_YES_PLUS_NO,1,2,False,False,True,True,27°C,100.0,3.4995000000000003,9.635677,13.135177
0x8fbd7cf5f806f563080864694415829f7229a959,beijing,2026-05-09,MULTI_YES_PLUS_NO,2,2,False,False,True,True,22°C or below,50.249493654435106,9.533509,9.689522,19.223031
0x8fbd7cf5f806f563080864694415829f7229a959,beijing,2026-05-10,MULTI_YES_PLUS_NO,2,2,False,True,True,True,32°C,82.6282844595492,7.114755,9.212214,16.326969
0x8fbd7cf5f806f563080864694415829f7229a959,beijing,2026-05-11,SINGLE_YES_PLUS_NO,1,2,False,False,True,True,32°C,100.0,1.0115,6.277244,7.288744
0x8fbd7cf5f806f563080864694415829f7229a959,beijing,2026-05-12,SINGLE_NO_ONLY,0,1,False,False,False,False,,,0,9.530138,9.530138
0x8fbd7cf5f806f563080864694415829f7229a959,beijing,2026-05-13,MULTI_YES_PLUS_NO,2,1,True,False,True,True,34°C,90.90907438013524,10.99998,8.331,19.33098
0x8fbd7cf5f806f563080864694415829f7229a959,beijing,2026-05-14,SINGLE_NO_ONLY,0,1,False,False,False,False,,,0,3.05,3.05
0x8fbd7cf5f806f563080864694415829f7229a959,beijing,2026-05-15,MULTI_YES_PLUS_NO,4,1,True,True,False,True,34°C,68.1020483000681,2.67246,9.996,12.66846
0x8fbd7cf5f806f563080864694415829f7229a959,beijing,2026-05-16,SINGLE_YES_PLUS_NO,1,1,False,False,False,True,26°C,100.0,3.9415999999999998,8.191561,12.133161
0x8fbd7cf5f806f563080864694415829f7229a959,beijing,2026-05-17,SINGLE_YES_ONLY,1,0,False,False,False,False,18°C,100.0,3.78009,0,3.78009
0x8fbd7cf5f806f563080864694415829f7229a959,beijing,2026-05-18,NO_BUY,0,0,False,False,False,False,,,0,0,0
0x8fbd7cf5f806f563080864694415829f7229a959,beijing,2026-05-19,NO_BUY,0,0,False,False,False,False,,,0,0,0
0x8fbd7cf5f806f563080864694415829f7229a959,beijing,2026-05-20,MULTI_YES_PLUS_NO,3,3,True,True,True,True,23°C,69.98401641333906,21.607791,15.263334,36.871125
0x8fbd7cf5f806f563080864694415829f7229a959,beijing,2026-05-21,MULTI_YES_PLUS_NO,5,3,True,True,True,True,27°C,34.28535483224085,48.390924,12.040378,60.431302
0x8fbd7cf5f806f563080864694415829f7229a959,beijing,2026-05-22,MULTI_YES_PLUS_NO,3,2,True,True,True,True,21°C,75.75305939184136,19.961075,15.310599999999999,35.271675
0x8fbd7cf5f806f563080864694415829f7229a959,beijing,2026-05-23,NO_BUY,0,0,False,False,False,False,,,0,0,0
0x8fbd7cf5f806f563080864694415829f7229a959,beijing,2026-05-24,MULTI_YES_PLUS_NO,2,3,True,False,True,True,29°C,80.7782868594685,16.361705,38.620316,54.982021
0x8fbd7cf5f806f563080864694415829f7229a959,beijing,2026-05-25,MULTI_YES_PLUS_NO,2,1,True,False,False,True,24°C,53.225127298318654,3.3818200000000003,13.9261,17.30792
0x8fbd7cf5f806f563080864694415829f7229a959,beijing,2026-05-26,MULTI_YES_PLUS_NO,6,3,True,True,True,True,26°C,58.15533925423797,106.488795,30.17485,136.663645
0x8fbd7cf5f806f563080864694415829f7229a959,beijing,2026-05-27,SINGLE_YES_PLUS_NO,1,3,False,False,True,True,28°C,100.0,13.8478,32.3437,46.1915
0x8fbd7cf5f806f563080864694415829f7229a959,beijing,2026-05-28,SINGLE_YES_PLUS_NO,1,1,False,False,False,True,30°C,100.0,12.36919,4.666666,17.035856
0x8fbd7cf5f806f563080864694415829f7229a959,beijing,2026-05-29,SINGLE_YES_PLUS_NO,1,1,False,False,False,True,32°C,100.0,10.27539,34.7104,44.98579
0x8fbd7cf5f806f563080864694415829f7229a959,beijing,2026-05-30,MULTI_YES_PLUS_NO,2,1,False,False,False,True,35°C,54.11236590663876,15.732975000000001,14.782799999999998,30.515775
0x8fbd7cf5f806f563080864694415829f7229a959,beijing,2026-05-31,MULTI_YES_PLUS_NO,2,3,True,False,True,True,33°C,53.9370817436988,12.7912,27.569187,40.360387
0x8fbd7cf5f806f563080864694415829f7229a959,beijing,2026-06-01,MULTI_YES_PLUS_NO,2,1,True,False,False,True,35°C,92.79325431989366,14.444799999999999,9.87229,24.31709
0x8fbd7cf5f806f563080864694415829f7229a959,beijing,2026-06-02,MULTI_YES_PLUS_NO,6,6,True,True,True,True,35°C,31.517683172400947,43.147207,73.48732,116.634527
0x8fbd7cf5f806f563080864694415829f7229a959,beijing,2026-06-03,SINGLE_YES_PLUS_NO,1,4,False,False,False,True,30°C or below,100.0,9.97634,30.42158,40.39792
0x8fbd7cf5f806f563080864694415829f7229a959,beijing,2026-06-04,MULTI_YES_PLUS_NO,6,4,True,True,True,True,27°C,29.834233055389397,50.249222,15.992057,66.241279
0x8fbd7cf5f806f563080864694415829f7229a959,beijing,2026-06-05,MULTI_YES_PLUS_NO,5,2,True,True,True,True,27°C,43.37589156190562,33.037246,9.999763,43.037009
0x8fbd7cf5f806f563080864694415829f7229a959,beijing,2026-06-06,MULTI_YES_PLUS_NO,2,1,True,False,False,True,23°C,90.11399479373674,10.924534,4.999943999999999,15.924478
0x8fbd7cf5f806f563080864694415829f7229a959,beijing,2026-06-07,MULTI_YES_PLUS_NO,5,3,True,True,True,True,27°C,64.03876848549382,93.192601,60.048536,153.241137
0x8fbd7cf5f806f563080864694415829f7229a959,beijing,2026-06-08,MULTI_YES_PLUS_NO,5,2,True,True,True,True,29°C,46.264786765044484,98.979222,14.572486,113.55170799999999
0x8fbd7cf5f806f563080864694415829f7229a959,beijing,2026-06-09,MULTI_YES_PLUS_NO,4,5,True,True,True,True,27°C,50.551075964212025,54.853961999999996,53.71773,108.571692
0x8fbd7cf5f806f563080864694415829f7229a959,beijing,2026-06-10,MULTI_YES_PLUS_NO,4,3,True,True,True,True,28°C,41.56996967315567,68.656995,81.769008,150.426003
0x8fbd7cf5f806f563080864694415829f7229a959,beijing,2026-06-11,MULTI_YES_PLUS_NO,4,4,True,True,True,True,32°C,55.09003019863366,81.650714,68.6286,150.279314
0x8fbd7cf5f806f563080864694415829f7229a959,beijing,2026-06-12,MULTI_YES_PLUS_NO,6,3,True,True,True,True,33°C,33.43136006597739,134.606139,48.051320000000004,182.657459
0x8fbd7cf5f806f563080864694415829f7229a959,beijing,2026-06-13,MULTI_YES_PLUS_NO,4,3,True,True,True,True,28°C,32.06274878818819,148.214432,79.585222,227.799654
0x8fbd7cf5f806f563080864694415829f7229a959,beijing,2026-06-14,MULTI_YES_PLUS_NO,4,6,True,True,True,True,30°C,33.64893026461404,121.386795,228.07316600000001,349.459961
0x8fbd7cf5f806f563080864694415829f7229a959,beijing,2026-06-15,MULTI_YES_PLUS_NO,4,7,True,True,True,True,30°C,46.5108996280113,343.469841,170.814286,514.284127
0x8fbd7cf5f806f563080864694415829f7229a959,beijing,2026-06-16,MULTI_YES_PLUS_NO,7,5,True,True,True,True,29°C,41.61862037365076,311.822357,112.06948,423.891837
0x8fbd7cf5f806f563080864694415829f7229a959,beijing,2026-06-17,MULTI_YES_PLUS_NO,3,1,True,True,True,True,32°C,48.24299875161364,167.110126,3.2,170.310126
0x8fbd7cf5f806f563080864694415829f7229a959,beijing,2026-06-18,MULTI_YES_ONLY,5,0,True,True,False,False,33°C,32.069499872680815,133.48341,0,133.48341
0x8fbd7cf5f806f563080864694415829f7229a959,beijing,2026-06-19,MULTI_YES_PLUS_NO,5,2,True,True,True,True,28°C,35.55587344939716,274.79474,10.10025,284.89499
0x8fbd7cf5f806f563080864694415829f7229a959,beijing,2026-06-20,MULTI_YES_PLUS_NO,4,1,True,True,False,True,29°C,58.19029195691687,144.71279,4.99356,149.70635000000001
0x8fbd7cf5f806f563080864694415829f7229a959,beijing,2026-06-21,MULTI_YES_PLUS_NO,7,4,True,True,True,True,29°C,37.25219169775605,288.94381,114.479865,403.423675
0x8fbd7cf5f806f563080864694415829f7229a959,beijing,2026-06-22,MULTI_YES_PLUS_NO,4,4,True,True,True,True,31°C,49.44619481423769,219.235578,315.464694,534.700272
0x8fbd7cf5f806f563080864694415829f7229a959,beijing,2026-06-23,MULTI_YES_PLUS_NO,2,4,True,False,True,True,31°C,53.830998019561015,52.644389000000004,105.382912,158.027301
0x8fbd7cf5f806f563080864694415829f7229a959,beijing,2026-06-24,MULTI_YES_PLUS_NO,8,2,True,True,True,True,30°C,34.62197713752644,981.2475430000001,129.582723,1110.830266
0x8fbd7cf5f806f563080864694415829f7229a959,beijing,2026-06-25,MULTI_YES_PLUS_NO,7,3,True,True,True,True,32°C,61.91718685072767,489.430125,111.211125,600.64125
0x8fbd7cf5f806f563080864694415829f7229a959,beijing,2026-06-26,MULTI_YES_ONLY,9,0,True,True,False,False,34°C,71.34463346338785,371.615428,0,371.615428
0x8fbd7cf5f806f563080864694415829f7229a959,beijing,2026-06-27,MULTI_YES_ONLY,8,0,True,True,False,False,34°C,51.14072912026552,428.089843,0,428.089843
0x8fbd7cf5f806f563080864694415829f7229a959,beijing,2026-06-28,MULTI_YES_ONLY,7,0,True,True,False,False,33°C,43.159077186732695,676.10298,0,676.10298
0x8fbd7cf5f806f563080864694415829f7229a959,beijing,2026-06-29,MULTI_YES_ONLY,4,0,True,True,False,False,29°C,45.43865432473691,495.894142,0,495.894142
0x8fbd7cf5f806f563080864694415829f7229a959,beijing,2026-06-30,MULTI_YES_PLUS_NO,9,5,True,True,True,True,28°C,42.59373071350153,467.734917,219.695323,687.43024
0x8fbd7cf5f806f563080864694415829f7229a959,beijing,2026-07-01,MULTI_YES_PLUS_NO,10,1,True,True,True,True,31°C,42.50270421205174,428.711757,14.785,443.496757
0x8fbd7cf5f806f563080864694415829f7229a959,beijing,2026-07-02,MULTI_YES_PLUS_NO,7,4,True,True,True,True,33°C,54.075043623626705,329.065373,710.994681,1040.060054
0x8fbd7cf5f806f563080864694415829f7229a959,beijing,2026-07-03,MULTI_YES_PLUS_NO,2,2,True,False,True,True,36°C,66.52222759283185,181.76914299999999,6.863368,188.632511
0x8fbd7cf5f806f563080864694415829f7229a959,beijing,2026-07-04,MULTI_YES_PLUS_NO,4,5,True,True,True,True,31°C or below,37.94649132581017,26.349896,65.596018,91.945914
0x8fbd7cf5f806f563080864694415829f7229a959,beijing,2026-07-05,SINGLE_YES_ONLY,1,0,False,False,False,False,33°C,100.0,2.665261,0,2.665261
0x8fbd7cf5f806f563080864694415829f7229a959,beijing,2026-07-06,MULTI_YES_ONLY,4,0,True,True,False,False,29°C or below,58.94957894638546,34.589062999999996,0,34.589062999999996
0x8fbd7cf5f806f563080864694415829f7229a959,beijing,2026-07-07,MULTI_YES_PLUS_NO,5,2,True,True,True,True,32°C,36.071099164554724,109.776311,102.229555,212.005866
0x8fbd7cf5f806f563080864694415829f7229a959,beijing,2026-07-08,MULTI_YES_PLUS_NO,4,2,True,True,True,True,33°C,48.34744772496249,163.369658,302.496381,465.866039
0x8fbd7cf5f806f563080864694415829f7229a959,beijing,2026-07-09,MULTI_YES_PLUS_NO,4,3,True,True,True,True,34°C,35.57341574284412,135.745497,100.479218,236.224715
0x8fbd7cf5f806f563080864694415829f7229a959,beijing,2026-07-10,MULTI_YES_PLUS_NO,5,4,True,True,True,True,28°C,43.2796828191804,161.740171,215.91418,377.654351
0x8fbd7cf5f806f563080864694415829f7229a959,beijing,2026-07-11,MULTI_YES_PLUS_NO,6,1,True,True,True,True,27°C or below,29.36236745697493,243.481409,4.9998,248.481209
0x8fbd7cf5f806f563080864694415829f7229a959,beijing,2026-07-12,MULTI_YES_PLUS_NO,6,3,True,True,True,True,32°C,40.18239741967462,111.670878,61.93323,173.604108
0x8fbd7cf5f806f563080864694415829f7229a959,beijing,2026-07-13,MULTI_YES_PLUS_NO,6,3,True,True,True,True,33°C,52.62682675867444,176.04076799999999,71.284949,247.325717
0x8fbd7cf5f806f563080864694415829f7229a959,beijing,2026-07-14,MULTI_YES_PLUS_NO,5,2,True,True,True,True,33°C,41.734714849790016,212.141471,57.511244,269.652715
0x8fbd7cf5f806f563080864694415829f7229a959,beijing,2026-07-15,MULTI_YES_PLUS_NO,6,4,True,True,True,True,36°C,58.19256188522884,177.306729,88.258835,265.565564
0x8fbd7cf5f806f563080864694415829f7229a959,beijing,2026-07-16,MULTI_YES_PLUS_NO,5,3,True,True,True,True,31°C or below,30.133315288026495,376.0904,78.720265,454.810665
0x8fbd7cf5f806f563080864694415829f7229a959,beijing,2026-07-17,MULTI_YES_PLUS_NO,4,2,True,True,True,True,32°C,45.86743016521958,254.361364,14.6512,269.012564
0x8fbd7cf5f806f563080864694415829f7229a959,beijing,2026-07-18,MULTI_YES_PLUS_NO,6,2,True,True,True,True,29°C,36.99234456660477,314.457311,16.433597,330.890908
0x8fbd7cf5f806f563080864694415829f7229a959,beijing,2026-07-19,MULTI_YES_PLUS_NO,5,1,True,True,True,True,32°C,47.9585760322715,206.76474199999998,9.089,215.853742
0x8fbd7cf5f806f563080864694415829f7229a959,beijing,2026-07-20,MULTI_YES_PLUS_NO,6,4,True,True,True,True,31°C,31.769458337435612,412.890247,49.011474,461.901721
0x8fbd7cf5f806f563080864694415829f7229a959,beijing,2026-07-21,MULTI_YES_PLUS_NO,4,1,True,True,False,True,28°C,48.94634991339313,397.542937,8.289287,405.832224
0x8fbd7cf5f806f563080864694415829f7229a959,beijing,2026-07-22,MULTI_YES_PLUS_NO,7,1,True,True,True,True,31°C,20.043304319302912,549.033454,27.2391,576.272554
0x8fbd7cf5f806f563080864694415829f7229a959,beijing,2026-07-23,MULTI_YES_ONLY,5,0,True,True,False,False,27°C,37.485243114024,330.380509,0,330.380509
0x8fbd7cf5f806f563080864694415829f7229a959,beijing,2026-07-24,MULTI_YES_ONLY,6,0,True,True,False,False,32°C,57.52991300659217,270.534407,0,270.534407
0x8fbd7cf5f806f563080864694415829f7229a959,beijing,2026-07-25,MULTI_YES_ONLY,5,0,True,True,False,False,33°C,63.654254444850835,182.717999,0,182.717999
0x8fbd7cf5f806f563080864694415829f7229a959,beijing,2026-07-26,MULTI_YES_ONLY,4,0,True,True,False,False,34°C,84.19668074691262,286.628279,0,286.628279
0x8fbd7cf5f806f563080864694415829f7229a959,beijing,2026-07-27,MULTI_YES_ONLY,3,0,True,True,False,False,35°C,61.48961699607541,117.525767,0,117.525767
0x8fbd7cf5f806f563080864694415829f7229a959,beijing,2026-07-28,MULTI_YES_ONLY,3,0,True,True,False,False,35°C,65.66914472589009,199.31458,0,199.31458
0x8fbd7cf5f806f563080864694415829f7229a959,beijing,2026-07-29,MULTI_YES_PLUS_NO,3,2,True,True,True,True,35°C,83.5845163664142,101.700805,66.79471000000001,168.495515
0x8fbd7cf5f806f563080864694415829f7229a959,beijing,2026-07-30,MULTI_YES_PLUS_NO,2,1,True,False,False,True,36°C,65.4805887025091,414.136098,92.02344,506.159538
0x8fbd7cf5f806f563080864694415829f7229a959,beijing,2026-07-31,MULTI_YES_ONLY,3,0,True,True,False,False,32°C,44.60412421126528,270.147703,0,270.147703
0x8fbd7cf5f806f563080864694415829f7229a959,beijing,2026-08-01,MULTI_YES_ONLY,3,0,True,True,False,False,34°C,40.92442445325864,173.075387,0,173.075387
0x8fbd7cf5f806f563080864694415829f7229a959,beijing,2026-08-02,MULTI_YES_ONLY,3,0,True,True,False,False,35°C,76.53242917145785,137.627568,0,137.627568
0x8fbd7cf5f806f563080864694415829f7229a959,beijing,2026-08-03,MULTI_YES_PLUS_NO,3,1,True,True,True,True,35°C,70.11689684687,131.15666,1.219,132.37566
0x8fbd7cf5f806f563080864694415829f7229a959,beijing,2026-08-04,MULTI_YES_ONLY,4,0,True,True,False,False,34°C,31.43127876878966,171.003892,0,171.003892
