wallet,weather_date,condition_id,asset,outcome,temperature_bucket,event_slug,high_sell_fill_count,asset_exit_classification,all_buy_shares,all_sell_shares,sold_share_ratio,buy_usd_weighted_price,sell_usd_weighted_price
0x7c63520c2ca9b336af0c205b9ccf68217bb393d4,2026-05-04,0x76ce847af306166d9f5a3a5ce0e74c03cdc45ad54d8cf9b050023ef60eda1310,48152388605161274350430977656210792548627271709395788457861185532635731568941,YES,26°C,highest-temperature-in-beijing-on-may-4-2026,3,ALL_PARTIAL,155.92000000000002,63.7,0.40854284248332473,0.7148552462801435,0.95
0x7c63520c2ca9b336af0c205b9ccf68217bb393d4,2026-05-06,0x524ea73af3e8aa39825b9ea89501fa3c6411ae185ed342ce7f7b357d0321dc09,98294956512414206833583932065542207951884876594305456681972083705186473652668,YES,26°C,highest-temperature-in-beijing-on-may-6-2026,1,ALL_PARTIAL,462.103332,30.85,0.06675996008615666,0.9547994841119215,0.985
0x7c63520c2ca9b336af0c205b9ccf68217bb393d4,2026-05-28,0x9fc45be48faa072bf58296160d779c240b5500c6d98a72d9878556a19340734b,4942643844524716148816329188693993509464945823647287717161401841702007897438,YES,30°C,highest-temperature-in-beijing-on-may-28-2026,1,HAS_NEAR_FULL,3.653683,3.65,0.9989919760417091,0.3020749200190603,0.998950684931507
0x7c63520c2ca9b336af0c205b9ccf68217bb393d4,2026-07-19,0xbe30f2934595fc69c437273b3699a60d04e3a82cb30aa5ac511d3cc83917523c,74991365488587980414962624211547614441596541191800886044801408882069272670394,YES,33°C,highest-temperature-in-beijing-on-july-19-2026,1,HAS_NEAR_FULL,171.802001,171.79999999999998,0.9999883528713964,0.2746126862631827,0.5580873108265425
0x7c63520c2ca9b336af0c205b9ccf68217bb393d4,2026-07-24,0xec06fc8f4aaa6a0b4ce649b8c14e73a997d7a55954b0ab6bd388eccaf86911fa,41937979921939746063013313821987649655877892060362151976491071229100142872255,YES,32°C,highest-temperature-in-beijing-on-july-24-2026,1,HAS_NEAR_FULL,1366.46,1366.459147,0.9999993757592611,0.2528650527640765,0.6348077290890278
0x7c63520c2ca9b336af0c205b9ccf68217bb393d4,2026-07-26,0x0c0c4efe1d24b1cf1284f1af27180caf309cbfedeac75ddb0ad9b220643d55ac,12956496639408126329398760430283940488064473596957081806926551540804789737754,YES,34°C,highest-temperature-in-beijing-on-july-26-2026,1,HAS_NEAR_FULL,1038.1025260000001,1038.092757,0.9999905895614782,0.18681993265855898,0.9573074778711709
0x7c63520c2ca9b336af0c205b9ccf68217bb393d4,2026-07-28,0xba0edac5d95406929625d66be0ed15d0c2d6111cf069a552e56ddab3e1a796c6,30819121435878052668874306290558932744967586560672611169814775633670161538933,YES,35°C,highest-temperature-in-beijing-on-july-28-2026,1,HAS_NEAR_FULL,496.734076,496.73,0.9999917944022829,0.3868012952668864,0.999
0x7c63520c2ca9b336af0c205b9ccf68217bb393d4,2026-07-30,0x0db68389519376349c25b967bbff44260bba8bc1241554748c21c93ddb913026,84614087306496951078700280080059316405378136245878187028222987614702007521463,YES,35°C,highest-temperature-in-beijing-on-july-30-2026,2,MIXED_EXIT_PATTERN,89.225804,89.225788,0.9999998206796769,0.3800000053796097,0.8164353673177983
0x7c63520c2ca9b336af0c205b9ccf68217bb393d4,2026-08-01,0xbd82bbf250a42f9a6a6f35ba61069462ef3c4f29469a63a88a7ac3b7eb172846,16965443463146400687539218410880436586787279682503322483556606534661067919109,YES,36°C,highest-temperature-in-beijing-on-august-1-2026,1,HAS_NEAR_FULL,337.548128,337.53999999999996,0.9999759204708134,0.13167406456480185,0.2510462463708005
0x7c63520c2ca9b336af0c205b9ccf68217bb393d4,2026-08-03,0x2805b7368be0ad9bec03edd2675b4b6fed9ca4a6eae4f36308e763ec61eda588,106287288353752676541590878526536079604722728259585654624855164693638610432596,YES,36°C,highest-temperature-in-beijing-on-august-3-2026,1,HAS_NEAR_FULL,229.658277,229.65,0.9999639594962214,0.029604415259111255,0.999
0x8fbd7cf5f806f563080864694415829f7229a959,2026-06-26,0x75d5fefcf62523f028fd864c8202f068b0f1380daf6a2ca8d128c6a1317a4b1b,17669823622989889186062253385534535677172566528713180896556824944656035832439,YES,34°C,highest-temperature-in-beijing-on-june-26-2026,1,HAS_NEAR_FULL,847.978955,847.97,0.9999894395964107,0.3126583076581187,0.997511515737585
0x8fbd7cf5f806f563080864694415829f7229a959,2026-06-30,0x343e67d5b603958e16020a9b97e4dd441662cd1ede0bbf23fcdfaa1cca069199,101327604660363478165747299662132031244788579714289952251498871531003610683140,YES,30°C,highest-temperature-in-beijing-on-june-30-2026,2,ALL_PARTIAL,2583.0,2498.28,0.9672009291521487,0.020356078203639178,0.9959614814992714
0x8fbd7cf5f806f563080864694415829f7229a959,2026-07-01,0x6990429d9b745f0473220ea910d48e8fec57ac86376fe4d1fc5443aec10a624f,30342911746261000464792165131679218237142238915367827761749945070895577692681,YES,31°C,highest-temperature-in-beijing-on-july-1-2026,1,HAS_NEAR_FULL,448.096486,448.09,0.9999855254388225,0.40664030112478944,0.9979002209377581
0x8fbd7cf5f806f563080864694415829f7229a959,2026-07-02,0x5ac9cdf0cd272cd14c02389995a13bad3f54f2693ab3fa4631f33424c4416395,80004434619106904539250409021947220678603332135302604062478080973140820376985,YES,34°C,highest-temperature-in-beijing-on-july-2-2026,1,ALL_PARTIAL,298.973592,217.33,0.7269203896777613,0.32924278476073565,0.9989500759214098
0x8fbd7cf5f806f563080864694415829f7229a959,2026-07-03,0xddbddaa2f21d327508a17ad4012c8ed0c818fc8eff91a231e95e9fe2ee4a8a69,51404124856274899619153967245937664642066636343511277240733143482919124658676,YES,35°C,highest-temperature-in-beijing-on-july-3-2026,1,HAS_NEAR_FULL,481.261857,481.26,0.9999961413937692,0.12644313924924244,0.9989500685700038
0x8fbd7cf5f806f563080864694415829f7229a959,2026-07-09,0x89f068c5dc75b6bd302e0209440915cef6ea8e617ba16d46b3f59af7189deb63,74178217614406732095357226259131316211258227479245113057766609557130592613909,YES,35°C,highest-temperature-in-beijing-on-july-9-2026,2,MIXED_EXIT_PATTERN,368.717507,368.71000000000004,0.9999796402398653,0.09741213345749812,0.9979002196848471
0x8fbd7cf5f806f563080864694415829f7229a959,2026-07-10,0xa543a19b264077ef1a26a632c58500c93f29a5ccab0b4e8f0323b681e3ef3d10,86018233340433213187213926201442374837800177722482607054761432623861433614833,YES,27°C or below,highest-temperature-in-beijing-on-july-10-2026,1,HAS_NEAR_FULL,468.00550100000004,468.0,0.999988245864657,0.14122762415991344,0.9979002136752136
0x8fbd7cf5f806f563080864694415829f7229a959,2026-07-11,0x88fd3d0fb536e2a593c1eb75ec13c838ffb4193cf77b0d68f820f803b1d09bfd,14863342124646821629675644586739462743432409305773531662511208160344934804629,YES,29°C,highest-temperature-in-beijing-on-july-11-2026,1,HAS_NEAR_FULL,131.79,131.79,1.0,0.1736266788071933,0.9979002200470446
0x8fbd7cf5f806f563080864694415829f7229a959,2026-07-12,0x5ce7e7263af4ae934711a27555c8907fb759d9786dd0d871057644c57051ffdc,105763729642734904494038915656578713706227457010973089712626667590763424877549,YES,31°C,highest-temperature-in-beijing-on-july-12-2026,1,ALL_PARTIAL,120.51999500000001,77.53,0.6432957452412772,0.2298763703068524,0.9980357281052494
0x8fbd7cf5f806f563080864694415829f7229a959,2026-07-13,0x72f4f8ed421d7d879fc70712fa183963b5042a46612199f0eaabbadec7d1c20d,87694998098983509239426853007632659993135791950289332637822693704560697976728,YES,34°C,highest-temperature-in-beijing-on-july-13-2026,1,ALL_PARTIAL,135.547212,100.8,0.7436523297874986,0.33337858693840194,0.9979002976190477
0x8fbd7cf5f806f563080864694415829f7229a959,2026-07-14,0x039792a2ee36fdd03cbdd64a2c5f036053252be570d9c76788e79d042f18ffa0,30848104240192580953141839431778873784002560575167603329994045382043077206350,YES,33°C,highest-temperature-in-beijing-on-july-14-2026,2,MIXED_EXIT_PATTERN,468.479776,468.46999999999997,0.9999791325036835,0.18898710795148602,0.9979002284030994
0x8fbd7cf5f806f563080864694415829f7229a959,2026-07-16,0x4ccf620a3af4ecccbe4d5a1a9e7c6ead7504795d1dcdabb3ae7004d3b315f91d,115031478573264603628654827297115437834272069792650868551532444177433086712550,YES,34°C,highest-temperature-in-beijing-on-july-16-2026,1,ALL_PARTIAL,152.25,139.93,0.919080459770115,0.21120919540229882,0.9979002358322018
0x8fbd7cf5f806f563080864694415829f7229a959,2026-07-17,0xc363e4684df7de0839888317ddd89a5196fb04b82ecaaa4aa60285f03afa40ce,107183801066140066539179849253716737087030714166299848948471849050768751831373,YES,31°C,highest-temperature-in-beijing-on-july-17-2026,6,MIXED_EXIT_PATTERN,993.185263,993.1800000000001,0.9999947008879451,0.0927464134151173,0.9983914496868644
0x8fbd7cf5f806f563080864694415829f7229a959,2026-07-18,0xa286d7efb4382915d9c8caa8b4861451e12cb9accbc6ed23bbc76bcc59fea41b,112464304963925219675063219955940944066790435091128317955075619477892578000172,YES,31°C,highest-temperature-in-beijing-on-july-18-2026,1,ALL_PARTIAL,67.9,44.95,0.6620029455081001,0.30281296023564064,0.9979003337041157
0x8fbd7cf5f806f563080864694415829f7229a959,2026-07-19,0xbe30f2934595fc69c437273b3699a60d04e3a82cb30aa5ac511d3cc83917523c,74991365488587980414962624211547614441596541191800886044801408882069272670394,YES,33°C,highest-temperature-in-beijing-on-july-19-2026,2,ALL_PARTIAL,155.52,140.62,0.9041923868312757,0.24079668209876542,0.9989128146778551
0x8fbd7cf5f806f563080864694415829f7229a959,2026-07-20,0x4c9a2d97a177e6a7bf27cfa24f412b2ecda474ac9e03d54f075b6d4ae06eea14,100847548602377340804279691332109960606289297755739344911151928652116854830882,YES,30°C,highest-temperature-in-beijing-on-july-20-2026,2,ALL_PARTIAL,205.804048,178.6,0.867815777850978,0.19435408772911988,0.9981085666293393
0x8fbd7cf5f806f563080864694415829f7229a959,2026-07-21,0x0106f9f02272a568c65a27f2ea9bb0df767dc5840543c1ec8840692b09c45114,29529304572651035093974664400766060594208294971749665310571545963371691420441,YES,32°C,highest-temperature-in-beijing-on-july-21-2026,1,HAS_NEAR_FULL,291.804123,291.8,0.9999858706588598,0.11975200912428506,0.9979002056202878
0x8fbd7cf5f806f563080864694415829f7229a959,2026-07-22,0x4f3630870488d366fc54f1a200a345253e093f988d87d5dde225ef536c095f36,33714988870830149993627715683353624019871510137573269234661070391211176066263,YES,28°C,highest-temperature-in-beijing-on-july-22-2026,1,ALL_PARTIAL,147.32425,61.13,0.41493508366748855,0.23416299760562162,0.9979002126615409
0x8fbd7cf5f806f563080864694415829f7229a959,2026-07-23,0x65ff01712018a6bbe741a3d7c04967eee484ae1924c56cf8b3ad24ed945a1ebe,45207246772729247798722074500757080282820221990843379570571379101468161012626,YES,28°C,highest-temperature-in-beijing-on-july-23-2026,3,MIXED_EXIT_PATTERN,352.766335,352.76,0.9999820419371932,0.15336884966645128,0.9979002721396983
0x8fbd7cf5f806f563080864694415829f7229a959,2026-07-28,0xba0edac5d95406929625d66be0ed15d0c2d6111cf069a552e56ddab3e1a796c6,30819121435878052668874306290558932744967586560672611169814775633670161538933,YES,35°C,highest-temperature-in-beijing-on-july-28-2026,2,MIXED_EXIT_PATTERN,409.86,409.86,1.0,0.31934850924706,0.9989244620114186
0x8fbd7cf5f806f563080864694415829f7229a959,2026-07-29,0xce885c0ccadd2c87e079f113e401f00f66e03abfdbde2ae966ddc81e30993a7c,88370672710239899413587967168747249215956287478966027911724705173079921726748,YES,35°C,highest-temperature-in-beijing-on-july-29-2026,2,ALL_PARTIAL,254.502824,111.39999999999999,0.43771616459548596,0.3340085766592515,0.9979003590664274
0x8fbd7cf5f806f563080864694415829f7229a959,2026-07-30,0x0db68389519376349c25b967bbff44260bba8bc1241554748c21c93ddb913026,84614087306496951078700280080059316405378136245878187028222987614702007521463,YES,35°C,highest-temperature-in-beijing-on-july-30-2026,2,MIXED_EXIT_PATTERN,441.727691,441.72,0.9999825888207675,0.32363228729529664,0.9979002082767362
0x8fbd7cf5f806f563080864694415829f7229a959,2026-08-01,0xbd82bbf250a42f9a6a6f35ba61069462ef3c4f29469a63a88a7ac3b7eb172846,16965443463146400687539218410880436586787279682503322483556606534661067919109,YES,36°C,highest-temperature-in-beijing-on-august-1-2026,3,MIXED_EXIT_PATTERN,773.8988459999999,773.89,0.999988569565589,0.05360384010703125,0.9979002312990218
0x8fbd7cf5f806f563080864694415829f7229a959,2026-08-02,0xe753ea1406d3b5080f4ad339a36ca49a33ad417a58c6a22d0d236c5523a58e22,80406930717152445776761104406390160286641697275565209096357835061122335987605,YES,35°C,highest-temperature-in-beijing-on-august-2-2026,2,MIXED_EXIT_PATTERN,415.36690600000003,415.36,0.9999833737356052,0.2535823617108292,0.9979002311248074
0x8fbd7cf5f806f563080864694415829f7229a959,2026-08-03,0x2805b7368be0ad9bec03edd2675b4b6fed9ca4a6eae4f36308e763ec61eda588,106287288353752676541590878526536079604722728259585654624855164693638610432596,YES,36°C,highest-temperature-in-beijing-on-august-3-2026,1,HAS_NEAR_FULL,44.0,44.0,1.0,0.24831090909090908,0.9989502272727272
