build_50_event_count,buy_fill_count,buy_shares,buy_usd,first_entry_event_count,first_sell_event_count,grain,last_buy_event_count,sell_fill_count,sell_usd,time_bin
0,0,0,0,0,0,RELATIVE_PHASE,0,0,0,D-2_OR_EARLIER
1,5,50.0,10.0,1,0,RELATIVE_PHASE,1,0,0,D-1_0000_1200
0,0,0,0,0,0,RELATIVE_PHASE,0,0,0,D-1_1200_1500
1,2,87.33,27.753,2,1,RELATIVE_PHASE,0,1,22.12648,D-1_1500_1800
2,8,234.1446,30.246000000000002,3,0,RELATIVE_PHASE,1,0,0,D-1_1800_2400
16,138,7864.692197,486.44750500000004,23,1,RELATIVE_PHASE,9,14,69.59393,D0_0000_0800
0,1,88.79,9.73583,0,0,RELATIVE_PHASE,0,0,0,D0_0800_1000
1,1,148.73,1.87292,1,0,RELATIVE_PHASE,1,0,0,D0_1000_1100
1,2,99.0,6.26511,1,1,RELATIVE_PHASE,1,1,1.56883,D0_1100_1200
2,21,944.71754,54.15867,2,1,RELATIVE_PHASE,2,6,43.795190000000005,D0_1200_1300
8,57,2436.68595,224.922503,5,7,RELATIVE_PHASE,6,13,200.726539,D0_1300_1400
5,60,2484.920156,140.74251,3,3,RELATIVE_PHASE,6,12,335.614715,D0_1400_1500
3,72,2648.506817,195.048258,4,3,RELATIVE_PHASE,4,19,313.673652,D0_1500_1600
10,86,9681.865817,173.252344,5,6,RELATIVE_PHASE,19,15,206.51371,D0_1600_1800
0,0,0,0,0,0,RELATIVE_PHASE,0,2,0.63182,D0_1800_2400
0,0,0,0,0,0,RELATIVE_PHASE,0,1,72.81711,D+1_OR_LATER
0,0,0,0,0,0,HALF_HOUR_CST,0,0,0,00:00—00:30
0,0,0,0,0,0,HALF_HOUR_CST,0,0,0,00:30—01:00
1,16,275.604222,11.975648,1,0,HALF_HOUR_CST,0,0,0,01:00—01:30
1,8,1422.80764,60.196766,3,0,HALF_HOUR_CST,1,0,0,01:30—02:00
0,4,153.05474,15.632444000000001,1,0,HALF_HOUR_CST,0,1,72.81711,02:00—02:30
2,7,616.615,79.83441,4,0,HALF_HOUR_CST,1,0,0,02:30—03:00
3,32,2203.417195,115.30317600000001,5,1,HALF_HOUR_CST,2,14,69.59393,03:00—03:30
4,12,1001.74886,114.01913,5,0,HALF_HOUR_CST,2,0,0,03:30—04:00
2,6,615.14,43.3292,2,0,HALF_HOUR_CST,2,0,0,04:00—04:30
2,9,855.7,33.72511,1,0,HALF_HOUR_CST,0,0,0,04:30—05:00
0,5,351.32,5.15432,0,0,HALF_HOUR_CST,0,0,0,05:00—05:30
0,10,76.7,1.5906,0,0,HALF_HOUR_CST,0,0,0,05:30—06:00
0,15,154.277542,1.215654,1,0,HALF_HOUR_CST,0,0,0,06:00—06:30
0,6,72.0,0.834,0,0,HALF_HOUR_CST,0,0,0,06:30—07:00
1,7,66.266998,3.631047,0,0,HALF_HOUR_CST,1,0,0,07:00—07:30
1,2,30.31,6.0600000000000005,1,0,HALF_HOUR_CST,0,0,0,07:30—08:00
0,4,19.73,3.946,0,0,HALF_HOUR_CST,1,0,0,08:00—08:30
0,0,0,0,0,0,HALF_HOUR_CST,0,0,0,08:30—09:00
0,0,0,0,0,0,HALF_HOUR_CST,0,0,0,09:00—09:30
0,1,88.79,9.73583,0,0,HALF_HOUR_CST,0,0,0,09:30—10:00
0,0,0,0,0,0,HALF_HOUR_CST,0,0,0,10:00—10:30
1,1,148.73,1.87292,1,0,HALF_HOUR_CST,1,0,0,10:30—11:00
0,0,0,0,0,1,HALF_HOUR_CST,0,1,1.56883,11:00—11:30
1,2,99.0,6.26511,1,0,HALF_HOUR_CST,1,0,0,11:30—12:00
2,18,828.01754,53.57517,2,1,HALF_HOUR_CST,2,5,42.19039,12:00—12:30
0,3,116.69999999999999,0.5835,0,0,HALF_HOUR_CST,0,1,1.6048,12:30—13:00
2,16,904.60069,61.142033000000005,3,2,HALF_HOUR_CST,2,3,23.0004,13:00—13:30
6,41,1532.08526,163.78047,2,5,HALF_HOUR_CST,4,10,177.726139,13:30—14:00
3,34,1791.78851,87.257863,1,1,HALF_HOUR_CST,4,10,163.487585,14:00—14:30
2,26,693.131646,53.484646999999995,2,2,HALF_HOUR_CST,2,2,172.12713,14:30—15:00
2,42,1039.308815,136.546841,1,2,HALF_HOUR_CST,2,14,305.169152,15:00—15:30
2,31,1659.198002,82.122417,4,1,HALF_HOUR_CST,2,5,8.5045,15:30—16:00
6,47,4169.032575,90.673727,2,6,HALF_HOUR_CST,8,12,219.82974000000002,16:00—16:30
3,29,3805.025642,62.949617,2,0,HALF_HOUR_CST,7,1,2.53045,16:30—17:00
0,7,943.00256,10.96943,1,1,HALF_HOUR_CST,2,3,6.28,17:00—17:30
1,4,802.13504,12.79157,1,0,HALF_HOUR_CST,2,0,0,17:30—18:00
0,0,0,0,0,0,HALF_HOUR_CST,0,0,0,18:00—18:30
0,0,0,0,0,0,HALF_HOUR_CST,0,0,0,18:30—19:00
0,0,0,0,0,0,HALF_HOUR_CST,0,2,0.63182,19:00—19:30
1,1,100.0,14.0,1,0,HALF_HOUR_CST,1,0,0,19:30—20:00
0,0,0,0,0,0,HALF_HOUR_CST,0,0,0,20:00—20:30
0,1,19.965,1.65,1,0,HALF_HOUR_CST,0,0,0,20:30—21:00
0,3,18.81,1.3167,0,0,HALF_HOUR_CST,0,0,0,21:00—21:30
0,1,32.19,2.2533,0,0,HALF_HOUR_CST,0,0,0,21:30—22:00
0,0,0,0,0,0,HALF_HOUR_CST,0,0,0,22:00—22:30
1,1,35.0,4.9,0,0,HALF_HOUR_CST,0,0,0,22:30—23:00
0,0,0,0,0,0,HALF_HOUR_CST,0,0,0,23:00—23:30
0,1,28.1796,6.126,1,0,HALF_HOUR_CST,0,0,0,23:30—24:00
