rule_id,rule_family,rule_description,split,price_scenario,haircut,group_type,group,positions,events,cities,price_bins,buy_usd,net_pnl,roi_on_buy_usd,win_rate,median_pnl,median_roi,max_single_loss,top1_profit_share_of_net,top5_profit_share_of_net,top10_profit_share_of_net,leave_top1_out_net_pnl,leave_top5_out_net_pnl,weather_date_sequence_drawdown,delta_vs_hold_pnl,saved_loser_to_profit_count,roundtrip_2x_loss_improved_count,roundtrip_2x_loss_saved_to_profit_count,premature_correct_sell_loss_count,premature_correct_sell_loss_usd,max_city_abs_pnl_share,max_price_bin_abs_pnl_share
actual_huskyvs_exit,baseline,huskyvs实际退出结果,train,haircut_0_8,0.8,all_yes,all_yes,2023,1064,50,6,29891.674165604385,11640.684039,0.38942897525608144,0.314878892733564,-1.6,-0.5981148256338129,-130.082041,0.05123410256664213,0.17598373034923329,0.2665209796611335,11044.284039,9592.113038,319.22762299999886,255.43900560438615,308,640,208,304,11448.742027317066,0.19014260042985465,0.3349192531462069
actual_huskyvs_exit,baseline,huskyvs实际退出结果,train,haircut_0_9,0.9,all_yes,all_yes,2023,1064,50,6,29891.674165604385,11640.684039,0.38942897525608144,0.314878892733564,-1.6,-0.5981148256338129,-130.082041,0.05123410256664213,0.17598373034923329,0.2665209796611335,11044.284039,9592.113038,319.22762299999886,255.43900560438615,308,718,225,304,11448.742027317066,0.19014260042985465,0.3349192531462069
actual_huskyvs_exit,baseline,huskyvs实际退出结果,train,sampled_1_0,1.0,all_yes,all_yes,2023,1064,50,6,29891.674165604385,11640.684039,0.38942897525608144,0.314878892733564,-1.6,-0.5981148256338129,-130.082041,0.05123410256664213,0.17598373034923329,0.2665209796611335,11044.284039,9592.113038,319.22762299999886,255.43900560438615,308,799,244,304,11448.742027317066,0.19014260042985465,0.3349192531462069
actual_huskyvs_exit,baseline,huskyvs实际退出结果,validation,haircut_0_8,0.8,all_yes,all_yes,998,456,41,6,16372.431303350348,6609.684503,0.4037081836249597,0.1372745490981964,-5.30495,-0.9999463271714454,-168.4104,0.11867476679771564,0.48893129339731817,0.8009886093045794,5825.281736000001,3378.00291,722.792942,-0.2954846496530011,30,383,21,65,2974.8297349702525,0.14170033302952256,0.3479914810081127
actual_huskyvs_exit,baseline,huskyvs实际退出结果,validation,haircut_0_9,0.9,all_yes,all_yes,998,456,41,6,16372.431303350348,6609.684503,0.4037081836249597,0.1372745490981964,-5.30495,-0.9999463271714454,-168.4104,0.11867476679771564,0.48893129339731817,0.8009886093045794,5825.281736000001,3378.00291,722.792942,-0.2954846496530011,30,442,23,65,2974.8297349702525,0.14170033302952256,0.3479914810081127
actual_huskyvs_exit,baseline,huskyvs实际退出结果,validation,sampled_1_0,1.0,all_yes,all_yes,998,456,41,6,16372.431303350348,6609.684503,0.4037081836249597,0.1372745490981964,-5.30495,-0.9999463271714454,-168.4104,0.11867476679771564,0.48893129339731817,0.8009886093045794,5825.281736000001,3378.00291,722.792942,-0.2954846496530011,30,496,25,65,2974.8297349702525,0.14170033302952256,0.3479914810081127
combo_2x_sell50_hold,combo_take_profit,2x卖50%，剩余持有结算,train,haircut_0_8,0.8,all_yes,all_yes,2023,1064,50,6,29891.674165604385,9621.580321701415,0.32188161387001635,0.4478497281265447,-1.0,-0.5716383039667449,-190.816699992179,0.08087239102085628,0.2024847433725482,0.33040142117885923,8843.4601156862,7673.357099423343,542.2225414241511,-1763.6647116941992,545,739,545,280,8681.6518938208,0.14042907167770977,0.4288643092442589
combo_2x_sell50_hold,combo_take_profit,2x卖50%，剩余持有结算,train,haircut_0_9,0.9,all_yes,all_yes,2023,1064,50,6,29891.674165604385,11054.435281136339,0.36981653218528676,0.4844290657439446,-0.3133800000000001,-0.13590743594101468,-190.816699992179,0.0703340378989753,0.17907521834426812,0.29514618632779654,10276.932211121126,9074.859869494268,413.31125347180387,-330.8097522592747,619,847,619,295,8378.550650593976,0.13962545658596595,0.39564072663345723
combo_2x_sell50_hold,combo_take_profit,2x卖50%，剩余持有结算,train,sampled_1_0,1.0,all_yes,all_yes,2023,1064,50,6,29891.674165604385,12680.281903073113,0.4242078189673298,0.513593672763223,0.024997591858100243,0.009259259259259226,-190.816699992179,0.06140950776705482,0.15878448759557226,0.2609754107620073,11901.592033057901,10666.849838526241,333.76981791929757,1295.0368696775,678,965,678,309,8207.66214605375,0.14455841815102502,0.3982029682628558
combo_2x_sell50_hold,combo_take_profit,2x卖50%，剩余持有结算,validation,haircut_0_8,0.8,all_yes,all_yes,998,456,41,6,16372.431303350348,4170.942748916254,0.2547540234945276,0.36773547094188375,-2.9845600046614997,-0.9623326258186459,-340.113900006208,0.1570766839646198,0.6342001718228326,1.0706905269810019,3515.784892910213,1525.7301408903677,1385.3935921198668,-2439.0372387333996,252,392,252,109,6309.7076852552,0.13021548584583226,0.402078043790768
combo_2x_sell50_hold,combo_take_profit,2x卖50%，剩余持有结算,validation,haircut_0_9,0.9,all_yes,all_yes,998,456,41,6,16372.431303350348,5134.412898237579,0.31360112637558635,0.4188376753507014,-2.25725000569,-0.652391340329212,-340.113900006208,0.12770741971903257,0.5311908005954347,0.9047342849641884,4478.710275231538,2407.0600002352335,1372.0801695228167,-1475.5670894120744,303,450,303,111,6082.070021369849,0.13389152434445892,0.3705503917930534
combo_2x_sell50_hold,combo_take_profit,2x卖50%，剩余持有结算,validation,sampled_1_0,1.0,all_yes,all_yes,998,456,41,6,16372.431303350348,7201.580997626654,0.4398602055000206,0.4408817635270541,-1.6244774968039999,-0.4114093380560865,-168.41334300134858,0.09851045211505981,0.40641502705948124,0.7030746657115804,6492.149997607228,4274.7502616051715,875.2495747409785,591.6010099770003,325,514,325,113,5342.549179224499,0.11448660386828988,0.291037877732974
combo_3x_sell50_hold,combo_take_profit,3x卖50%，剩余持有结算,train,haircut_0_8,0.8,all_yes,all_yes,2023,1064,50,6,29891.674165604385,9400.910099929615,0.3144992832401141,0.35590706870983685,-2.6100000000000003,-1.0,-190.816699992179,0.0580155334130146,0.19028105814260088,0.3263151243911376,8855.511285914403,7612.094978611544,872.3929162813529,-1984.3349334659993,359,424,359,227,7091.4035636585995,0.14516607692045153,0.49361998053732814
combo_3x_sell50_hold,combo_take_profit,3x卖50%，剩余持有结算,train,haircut_0_9,0.9,all_yes,all_yes,2023,1064,50,6,29891.674165604385,10935.401848298088,0.3658343720634151,0.3880375679683638,-2.048529999006,-1.0,-190.816699992179,0.051303755435610936,0.1657497480391324,0.2831371126555434,10374.374666282874,9122.861747236017,679.8029134542794,-449.84318509752467,424,514,424,250,6842.77194344285,0.1436625566430793,0.44723836149317164
combo_3x_sell50_hold,combo_take_profit,3x卖50%，剩余持有结算,train,sampled_1_0,1.0,all_yes,all_yes,2023,1064,50,6,29891.674165604385,12715.631176118613,0.42539039819824404,0.42165101334651506,-1.4000000000000001,-1.0,-190.816699992179,0.045350131820293516,0.14441006155123334,0.24357320622884845,12138.9756261034,10879.366095312544,520.9756984092983,1330.386142723,492,594,492,265,6545.558617882501,0.13845798121262726,0.41470694019645926
combo_3x_sell50_hold,combo_take_profit,3x卖50%，剩余持有结算,validation,haircut_0_8,0.8,all_yes,all_yes,998,456,41,6,16372.431303350348,4675.843990613454,0.2855925246518896,0.2995991983967936,-4.193093499985367,-1.0,-340.113900006208,0.13136841632281163,0.5556467250065421,0.9671593300950406,4061.5857705940284,2077.7265905875674,1365.4870262219029,-1934.1359970361991,184,232,184,93,5290.6073591188,0.10925055733687462,0.38476038471690466
combo_3x_sell50_hold,combo_take_profit,3x卖50%，剩余持有结算,validation,haircut_0_9,0.9,all_yes,all_yes,998,456,41,6,16372.431303350348,5611.963793787829,0.34276911533838184,0.34168336673346694,-3.603799997606,-1.0,-340.113900006208,0.09611309575697245,0.4374306983503405,0.7838856056297477,5072.580580290837,3157.1185523543927,1316.8327161649522,-998.0161938618246,226,284,226,98,5235.77436704275,0.1164520976176042,0.3402267828938034
combo_3x_sell50_hold,combo_take_profit,3x卖50%，剩余持有结算,validation,sampled_1_0,1.0,all_yes,all_yes,998,456,41,6,16372.431303350348,6358.5819184156535,0.3883712687873349,0.3637274549098196,-3.1229605019999997,-1.0,-340.113900006208,0.08531537974306086,0.3854878728426656,0.6953898559905273,5816.097087418661,3907.4257003897674,1231.7859927602526,-251.39806923399928,248,323,248,102,5151.965772900249,0.10857693995879862,0.31889939878430534
hold_to_settlement,baseline,完全不卖，持有到结算,train,haircut_0_8,0.8,all_yes,all_yes,2023,1064,50,6,29891.674165604385,11385.245033395613,0.38088348515776127,0.17844784972812655,-4.5,-1.0,-190.816699992179,0.07777626809241496,0.24830943486371942,0.40920189683010133,10499.7431633804,8558.18127336818,810.8239991851551,0.0,0,0,0,0,0,0.147927424365766,0.42037568142689385
hold_to_settlement,baseline,完全不卖，持有到结算,train,haircut_0_9,0.9,all_yes,all_yes,2023,1064,50,6,29891.674165604385,11385.245033395613,0.38088348515776127,0.17844784972812655,-4.5,-1.0,-190.816699992179,0.07777626809241496,0.24830943486371942,0.40920189683010133,10499.7431633804,8558.18127336818,810.8239991851551,0.0,0,0,0,0,0,0.147927424365766,0.42037568142689385
hold_to_settlement,baseline,完全不卖，持有到结算,train,sampled_1_0,1.0,all_yes,all_yes,2023,1064,50,6,29891.674165604385,11385.245033395613,0.38088348515776127,0.17844784972812655,-4.5,-1.0,-190.816699992179,0.07777626809241496,0.24830943486371942,0.40920189683010133,10499.7431633804,8558.18127336818,810.8239991851551,0.0,0,0,0,0,0,0.147927424365766,0.42037568142689385
hold_to_settlement,baseline,完全不卖，持有到结算,validation,haircut_0_8,0.8,all_yes,all_yes,998,456,41,6,16372.431303350348,6609.979987649653,0.4037262313201479,0.11523046092184369,-6.402501499744193,-1.0,-340.113900006208,0.11879105026990298,0.551116074152248,0.9588412507821612,5824.77352265371,2967.113766631252,1217.0652629785025,0.0,0,0,0,0,0,0.1258129833950073,0.31669279415970025
hold_to_settlement,baseline,完全不卖，持有到结算,validation,haircut_0_9,0.9,all_yes,all_yes,998,456,41,6,16372.431303350348,6609.979987649653,0.4037262313201479,0.11523046092184369,-6.402501499744193,-1.0,-340.113900006208,0.11879105026990298,0.551116074152248,0.9588412507821612,5824.77352265371,2967.113766631252,1217.0652629785025,0.0,0,0,0,0,0,0.1258129833950073,0.31669279415970025
hold_to_settlement,baseline,完全不卖，持有到结算,validation,sampled_1_0,1.0,all_yes,all_yes,998,456,41,6,16372.431303350348,6609.979987649653,0.4037262313201479,0.11523046092184369,-6.402501499744193,-1.0,-340.113900006208,0.11879105026990298,0.551116074152248,0.9588412507821612,5824.77352265371,2967.113766631252,1217.0652629785025,0.0,0,0,0,0,0,0.1258129833950073,0.31669279415970025
ladder_1_5x25_2x25_3x25_hold,ladder_take_profit,1.5x卖25%，2x再卖25%，3x再卖25%，剩余持有结算,train,haircut_0_8,0.8,all_yes,all_yes,2023,1064,50,6,29891.674165604385,8905.386753983708,0.2979219800351938,0.37320810677212063,-1.2837,-0.5266666666666667,-190.816699992179,0.071818585950701,0.1948104602405957,0.3220299284184155,8265.814469968494,7170.524261819637,649.2545478500797,-2479.858279411905,394,791,394,316,10320.108360533812,0.14582663603262253,0.4456993574073698
ladder_1_5x25_2x25_3x25_hold,ladder_take_profit,1.5x卖25%，2x再卖25%，3x再卖25%，剩余持有结算,train,haircut_0_9,0.9,all_yes,all_yes,2023,1064,50,6,29891.674165604385,10532.872669513303,0.35236810796075185,0.40385565991102323,-1.0,-0.2390624999999998,-190.816699992179,0.06129075298553316,0.16596410335893153,0.2778882056783024,9887.30497249809,8784.793901123732,466.36742177146334,-852.3723638823119,456,900,456,328,10062.932356305908,0.1431511369492402,0.40080585490998133
ladder_1_5x25_2x25_3x25_hold,ladder_take_profit,1.5x卖25%，2x再卖25%，3x再卖25%，剩余持有结算,train,sampled_1_0,1.0,all_yes,all_yes,2023,1064,50,6,29891.674165604385,12298.751506586403,0.4114440508902065,0.43499752842313394,-0.6444868750000001,-0.16666666666666646,-190.816699992179,0.05312755930268968,0.1441275514109926,0.24229242273419713,11645.348856571189,10526.162566529849,299.06051166908765,913.5064731907889,519,1005,519,341,9812.522530113962,0.14195610593080668,0.3885076969223621
ladder_1_5x25_2x25_3x25_hold,ladder_take_profit,1.5x卖25%，2x再卖25%，3x再卖25%，剩余持有结算,validation,haircut_0_8,0.8,all_yes,all_yes,998,456,41,6,16372.431303350348,4229.841423064498,0.25835145340930094,0.312625250501002,-2.8928100059089994,-0.5913533263964585,-213.41036000620798,0.12803460717613932,0.6064668470874659,1.01429783580092,3688.2753380450727,1664.5828315386116,1281.840648966385,-2380.1385645851556,197,406,197,113,7216.931862169462,0.1262736006188874,0.4111912649168676
ladder_1_5x25_2x25_3x25_hold,ladder_take_profit,1.5x卖25%，2x再卖25%，3x再卖25%，剩余持有结算,validation,haircut_0_9,0.9,all_yes,all_yes,998,456,41,6,16372.431303350348,5116.559055205401,0.3125106442900989,0.35971943887775554,-2.1969999914500002,-0.5328623765939942,-212.73640500620797,0.10270822054340964,0.48988491409345486,0.8363685847518114,4591.046379339985,2610.0339619920146,1233.3326365579715,-1493.4209324442518,244,474,244,115,7125.394535210429,0.12984556386204563,0.3796071637620903
ladder_1_5x25_2x25_3x25_hold,ladder_take_profit,1.5x卖25%，2x再卖25%，3x再卖25%，剩余持有结算,validation,sampled_1_0,1.0,all_yes,all_yes,998,456,41,6,16372.431303350348,6659.72803473906,0.406764756641627,0.3727454909819639,-1.7679619375,-0.2658688305618443,-151.66365673479598,0.08943745525905143,0.39180098335229885,0.6707032560108879,6064.098906594634,4050.4400418694236,925.7344469729555,49.748047089406654,257,541,257,115,6715.258404564922,0.11720807033393045,0.31392723912552867
recover_principal_keep_free,principal_recovery,首次可收回累计本金时卖出足够份额，剩余作为免费仓位持有结算,train,haircut_0_8,0.8,all_yes,all_yes,2023,1064,50,6,29891.674165604385,5355.196304381487,0.17915344168121503,0.20464656450815621,0.0,0.0,-190.816699992179,0.1348881681447141,0.4147501946499962,0.6655124751648359,4632.843684828125,3134.127594750325,463.84189591062204,-6030.048729014127,58,816,28,350,16485.498571750224,0.16919220461372433,0.3384903109647096
recover_principal_keep_free,principal_recovery,首次可收回累计本金时卖出足够份额，剩余作为免费仓位持有结算,train,haircut_0_9,0.9,all_yes,all_yes,2023,1064,50,6,29891.674165604385,6794.770171701949,0.22731313522480864,0.19426594167078595,0.0,0.0,-159.98960338032043,0.10914947702043282,0.33589818499401064,0.53756902324594,6053.124560986645,4512.419203575822,594.0851301214907,-4590.474861693665,33,933,16,357,14949.39738318477,0.17763679000721622,0.2891027816173093
recover_principal_keep_free,principal_recovery,首次可收回累计本金时卖出足够份额，剩余作为免费仓位持有结算,train,sampled_1_0,1.0,all_yes,all_yes,2023,1064,50,6,29891.674165604385,8508.671497690173,0.284650215660416,0.1977261492832427,0.0,0.0,-165.01520338032043,0.08897746303290482,0.2741805188757152,0.4548650185103979,7751.591494045315,6175.759531510473,457.3533362999069,-2876.5735357054414,45,1042,30,361,12811.204512829612,0.1566303291583072,0.29407302229551124
recover_principal_keep_free,principal_recovery,首次可收回累计本金时卖出足够份额，剩余作为免费仓位持有结算,validation,haircut_0_8,0.8,all_yes,all_yes,998,456,41,6,16372.431303350348,2391.103562456302,0.14604450115890863,0.13326653306613226,-8.881784197001252e-16,-1.5151271258352763e-16,-314.4523000016,0.2957707525193609,1.1518919444325548,1.9217587403315288,1683.8850624368768,-363.18936944109646,1491.9595772842806,-4218.876425193351,19,426,10,115,11210.670269051423,0.16621940792737655,0.475974090794742
recover_principal_keep_free,principal_recovery,首次可收回累计本金时卖出足够份额，剩余作为免费仓位持有结算,validation,haircut_0_9,0.9,all_yes,all_yes,998,456,41,6,16372.431303350348,3496.981037407024,0.21358959904088431,0.13827655310621242,-2.6645352591003757e-15,-1.8224835095036352e-16,-314.4523000016,0.22274782358523051,0.8353312301567081,1.3925506179839975,2718.0361222057877,575.8435655951334,1252.2944943236116,-3112.9989502426292,23,494,12,115,10336.85039916424,0.14102170477084935,0.4675233544730852
recover_principal_keep_free,principal_recovery,首次可收回累计本金时卖出足够份额，剩余作为免费仓位持有结算,validation,sampled_1_0,1.0,all_yes,all_yes,998,456,41,6,16372.431303350348,4652.214220205054,0.2841492588368995,0.13627254509018036,-0.017099999999999893,-0.00411199897850918,-314.4523000016,0.1675385867436178,0.6359491084018177,1.069816215627978,3872.788824523337,1693.642734771392,1123.7642638390844,-1957.7657674445998,21,557,13,115,9174.745017790943,0.13591813611715856,0.3956203402629668
tp_1_5x_sell_100pct,single_take_profit,1.5x触发后卖出100%当前已买入且未卖出的份额，剩余持有结算,train,haircut_0_8,0.8,all_yes,all_yes,2023,1064,50,6,29891.674165604385,6668.816501582815,0.22309946457453556,0.578843302026693,1.00224,0.5093906480403269,-190.816699992179,0.10003734093701219,0.23969628145906835,0.375290957131988,6001.685831567603,5070.325984420541,483.5363202455519,-4716.428531812799,810,791,609,316,19567.4339339792,0.1436002244121705,0.3670692130676826
tp_1_5x_sell_100pct,single_take_profit,1.5x触发后卖出100%当前已买入且未卖出的份额，剩余持有结算,train,haircut_0_9,0.9,all_yes,all_yes,2023,1064,50,6,29891.674165604385,9166.866623303566,0.3066695619829703,0.6085022244191794,1.5528086535000192,0.5218181818181816,-190.816699992179,0.0724642900690337,0.19236288846323646,0.29345172373332945,8502.596141288352,7403.501681487656,247.2910997844374,-2218.378410092049,870,900,675,328,19042.7334893314,0.13538963881304075,0.2955980166717593
tp_1_5x_sell_100pct,single_take_profit,1.5x触发后卖出100%当前已买入且未卖出的份额，剩余持有结算,train,sampled_1_0,1.0,all_yes,all_yes,2023,1064,50,6,29891.674165604385,11132.785974753613,0.3724376865971541,0.6485417696490361,2.0884000025919995,0.5377475548961784,-190.816699992179,0.05982891897191566,0.15872912653052396,0.25043466294834366,10466.7234247384,9365.688581129703,165.16948050716383,-252.45905864200017,951,1005,745,341,18692.029429199,0.12580140730598013,0.30364894314119745
tp_1_5x_sell_100pct,single_take_profit,1.5x触发后卖出100%当前已买入且未卖出的份额，剩余持有结算,validation,haircut_0_8,0.8,all_yes,all_yes,998,456,41,6,16372.431303350348,3346.858856875254,0.20442039394542302,0.503006012024048,0.023354000000000007,0.030423548976215933,-168.41334300134858,0.21128348408442665,0.7595199566900138,1.2357580818806435,2639.722856855829,804.8527628537718,1148.8292039088665,-3263.121130774399,387,406,285,113,12428.1224307016,0.13877927365942527,0.49972042225560687
tp_1_5x_sell_100pct,single_take_profit,1.5x触发后卖出100%当前已买入且未卖出的份额，剩余持有结算,validation,haircut_0_9,0.9,all_yes,all_yes,998,456,41,6,16372.431303350348,4696.218715049954,0.28683697784634776,0.5511022044088176,1.086421003156,0.4394903022290545,-168.41334300134858,0.15058412798218723,0.5423884521942218,0.8903767639554941,3989.0427150305286,2149.043915028472,1039.2794926617664,-1913.7612725996992,435,474,332,115,12228.4509509363,0.14001487959728573,0.41944768199025767
tp_1_5x_sell_100pct,single_take_profit,1.5x触发后卖出100%当前已买入且未卖出的份额，剩余持有结算,validation,sampled_1_0,1.0,all_yes,all_yes,998,456,41,6,16372.431303350348,6524.821571687653,0.3985249014514085,0.5891783567134269,2.0664094994255002,0.5083466351866165,-147.5248999936,0.10837553061800045,0.38939004509273145,0.6500397741100111,5817.690571668228,3984.1210056661707,623.1361004206365,-85.15841596199981,473,541,375,115,11912.7285345725,0.14377468132095791,0.3445224737620349
tp_1_5x_sell_25pct,single_take_profit,1.5x触发后卖出25%当前已买入且未卖出的份额，剩余持有结算,train,haircut_0_8,0.8,all_yes,all_yes,2023,1064,50,6,29891.674165604385,10206.137900442414,0.34143748001195484,0.20069204152249134,-3.05,-0.6192508700493143,-190.816699992179,0.08141268304626718,0.23059027061605314,0.3815762815301511,9375.2288304272,7852.701800034642,729.0020794502507,-1179.1071329531999,45,791,45,316,4891.8584834948,0.15148975803665707,0.4171854156332401
tp_1_5x_sell_25pct,single_take_profit,1.5x触发后卖出25%当前已买入且未卖出的份额，剩余持有结算,train,haircut_0_9,0.9,all_yes,all_yes,2023,1064,50,6,29891.674165604385,10830.650430872602,0.36233000436406354,0.20365793376174,-3.0231250000000003,-0.6124999999999999,-190.816699992179,0.076652277563013,0.22326589069707523,0.36845878519497577,10000.45640785739,8412.535615595169,650.3699057399499,-554.5946025230123,51,900,51,328,4760.68337233285,0.15123288966938697,0.40244375908873825
tp_1_5x_sell_25pct,single_take_profit,1.5x触发后卖出25%当前已买入且未卖出的份额，剩余持有结算,train,sampled_1_0,1.0,all_yes,all_yes,2023,1064,50,6,29891.674165604385,11322.130268735114,0.3787720355176095,0.20612951062778054,-2.9005860000000006,-0.6067307692307693,-190.816699992179,0.07336446589993269,0.21389238376940017,0.3528061145978158,10491.488228719902,8900.41283620768,602.6967717089028,-63.11476466050003,56,1005,56,341,4673.00735729975,0.15029746831506618,0.400256059151258
tp_1_5x_sell_25pct,single_take_profit,1.5x触发后卖出25%当前已买入且未卖出的份额，剩余持有结算,validation,haircut_0_8,0.8,all_yes,all_yes,998,456,41,6,16372.431303350348,5794.199704956054,0.3538997719764667,0.13627254509018036,-4.722699502579071,-0.742394112755946,-213.41036000620798,0.12416102734441346,0.5498647371938398,0.9774282758250534,5074.785916950013,2608.1736069417693,1159.2813753191786,-815.7802826935991,21,406,21,113,3107.030607675399,0.1096535621836474,0.3216054893983595
tp_1_5x_sell_25pct,single_take_profit,1.5x触发后卖出25%当前已买入且未卖出的份额，剩余持有结算,validation,haircut_0_9,0.9,all_yes,all_yes,998,456,41,6,16372.431303350348,6131.539669499729,0.3745039179516979,0.13627254509018036,-4.575084,-0.6401274244427364,-212.73640500620797,0.11737446225553981,0.5198478588901227,0.9239035536221902,5411.853497993688,2944.071900610444,1150.7191026479277,-478.44031814992405,21,474,21,115,3057.112737734074,0.10997398984475441,0.31828897813836654
tp_1_5x_sell_25pct,single_take_profit,1.5x触发后卖出25%当前已买入且未卖出的份额，剩余持有结算,validation,sampled_1_0,1.0,all_yes,all_yes,998,456,41,6,16372.431303350348,6588.690383659154,0.4024258988529631,0.1432865731462926,-4.3771174988591195,-0.6215681365821748,-198.58335000620798,0.1092718754536768,0.4836182942617879,0.8595751914974508,5868.731828653113,3402.279178894869,1057.7267675535027,-21.289603990498986,28,541,28,115,2978.182133643124,0.11527613037981663,0.30782944090128406
tp_1_5x_sell_50pct,single_take_profit,1.5x触发后卖出50%当前已买入且未卖出的份额，剩余持有结算,train,haircut_0_8,0.8,all_yes,all_yes,2023,1064,50,6,29891.674165604385,9027.030767489214,0.3019914748661484,0.3064755313890262,-1.3149325000000003,-0.2385017400986286,-190.816699992179,0.0859990721213791,0.21522282173601706,0.3574648808385608,8250.714497474,7084.207733812342,647.1801597153517,-2358.2142659063993,259,791,259,316,9783.7169669896,0.15220913531094224,0.41284846592700575
tp_1_5x_sell_50pct,single_take_profit,1.5x触发后卖出50%当前已买入且未卖出的份额，剩余持有结算,train,haircut_0_9,0.9,all_yes,all_yes,2023,1064,50,6,29891.674165604385,10276.055828349588,0.34377652357036576,0.31784478497281266,-1.194309999117,-0.22499999999999984,-190.816699992179,0.07540696439945924,0.20308454041465432,0.33163812231251605,9501.169652334376,8189.147753173882,489.91581229475014,-1109.1892050460247,282,900,282,328,9521.3667446657,0.14956941594561723,0.38068236278167944
tp_1_5x_sell_50pct,single_take_profit,1.5x触发后卖出50%当前已买入且未卖出的份额，剩余持有结算,train,sampled_1_0,1.0,all_yes,all_yes,2023,1064,50,6,29891.674165604385,11259.015504074614,0.3766605858774577,0.3292140385565991,-1.0842910000000001,-0.2134615384615386,-190.816699992179,0.06890320114884459,0.18577637963308058,0.30383219699614444,10483.2332940594,9167.356365494908,394.56954423265233,-126.22952932100024,305,1005,305,341,9346.0147145995,0.14534058015304743,0.37748666092421546
tp_1_5x_sell_50pct,single_take_profit,1.5x触发后卖出50%当前已买入且未卖出的份额，剩余持有结算,validation,haircut_0_8,0.8,all_yes,all_yes,998,456,41,6,16372.431303350348,4978.419422262454,0.3040733126327855,0.23346693386773548,-2.8631510000000002,-0.48478822551189205,-168.41334300134858,0.14247413483235288,0.5860090728747125,1.0126980419239258,4269.1234222430285,2061.0204722409717,1133.4936144464664,-1631.5605653871994,118,406,118,113,6214.0612153508,0.11953520954639037,0.36017626147246595
tp_1_5x_sell_50pct,single_take_profit,1.5x触发后卖出50%当前已买入且未卖出的份额，剩余持有结算,validation,haircut_0_9,0.9,all_yes,all_yes,998,456,41,6,16372.431303350348,5653.099351349803,0.3452816045832478,0.250501002004008,-2.537503445,-0.2802548488854728,-168.41334300134858,0.125473825230059,0.5165278587089172,0.8923793147995343,4943.7833513303785,2733.116048328321,1084.3729423173525,-956.8806362998494,135,474,135,115,6114.22547546815,0.12025360929713595,0.34879702258857703
tp_1_5x_sell_50pct,single_take_profit,1.5x触发后卖出50%当前已买入且未卖出的份额，剩余持有结算,validation,sampled_1_0,1.0,all_yes,all_yes,998,456,41,6,16372.431303350348,6567.400779668653,0.4011255663857782,0.2655310621242485,-2.2474999999999996,-0.24313627316434971,-147.66006298479599,0.1080021646029666,0.44412489565904667,0.7676942692624283,5858.107279649228,3650.6545936471707,898.3882721285026,-42.579207980999826,150,541,150,115,5956.36426728625,0.12366270173002333,0.32262024305230586
tp_1_5x_sell_75pct,single_take_profit,1.5x触发后卖出75%当前已买入且未卖出的份额，剩余持有结算,train,haircut_0_8,0.8,all_yes,all_yes,2023,1064,50,6,29891.674165604385,7847.923634536014,0.262545469720342,0.5467128027681661,0.29000000000000004,0.14000000000000012,-190.816699992179,0.09196362039497377,0.22009672946067685,0.35062172182444257,7126.200164520801,6120.621309517489,565.3582399804518,-3537.3213988595994,745,791,555,316,14675.5754504844,0.14981718327364327,0.4066111512247392
tp_1_5x_sell_75pct,single_take_profit,1.5x触发后卖出75%当前已买入且未卖出的份额，剩余持有结算,train,haircut_0_9,0.9,all_yes,all_yes,2023,1064,50,6,29891.674165604385,9721.461225826577,0.325223042776668,0.573900148294612,0.5368749999999998,0.15714285714285695,-190.816699992179,0.07401956478554284,0.19558472955656345,0.30175417645576696,9001.882896811365,7820.091861078668,329.4617188495522,-1663.7838075690368,800,900,614,328,14282.05011699855,0.14350961338798532,0.3505594338232357
tp_1_5x_sell_75pct,single_take_profit,1.5x触发后卖出75%当前已买入且未卖出的份额，剩余持有结算,train,sampled_1_0,1.0,all_yes,all_yes,2023,1064,50,6,29891.674165604385,11195.900739414114,0.3745491362373059,0.6169055857637172,0.8249999999999997,0.1765067037237949,-190.816699992179,0.06439163733180249,0.1700773120380089,0.26940584991023325,10474.978359398901,9291.732035810204,190.17583613523675,-189.34429398149993,887,1005,689,341,14019.02207189925,0.13693848883751047,0.33923148948892473
tp_1_5x_sell_75pct,single_take_profit,1.5x触发后卖出75%当前已买入且未卖出的份额，剩余持有结算,validation,haircut_0_8,0.8,all_yes,all_yes,998,456,41,6,16372.431303350348,4162.639139568854,0.2542468532891043,0.46693386773547096,-0.9848650029749995,-0.22718233826783799,-168.41334300134858,0.1701362948537448,0.6557624695529604,1.081614325730758,3454.423139549429,1432.9366175473724,1141.1614091776667,-2447.340848080799,351,406,256,113,9321.0918230262,0.13357638781815795,0.419874858453828
tp_1_5x_sell_75pct,single_take_profit,1.5x触发后卖出75%当前已买入且未卖出的份额，剩余持有结算,validation,haircut_0_9,0.9,all_yes,all_yes,998,456,41,6,16372.431303350348,5174.659033199879,0.31605929121479776,0.5140280561122245,0.08036424220237887,0.07961772667179082,-168.41334300134858,0.1368681483118828,0.5282626418442696,0.8719086393002838,4466.413033180454,2441.0799816783965,1058.999125742342,-1435.3209544497743,398,474,302,115,9171.338213202225,0.13051338112897543,0.3896381625174231
tp_1_5x_sell_75pct,single_take_profit,1.5x触发后卖出75%当前已买入且未卖出的份额，剩余持有结算,validation,sampled_1_0,1.0,all_yes,all_yes,998,456,41,6,16372.431303350348,6546.111175678154,0.3998252339185934,0.5501002004008017,0.5347400062499998,0.13529559025347548,-147.5248999936,0.10818824047027538,0.4168464761429592,0.6907871760918435,5837.898925658728,3817.3877996566716,739.0497767035026,-63.86881197149958,434,541,340,115,8934.546400929376,0.1317169946439539,0.33931276278573586
tp_2_0x_sell_100pct,single_take_profit,2x触发后卖出100%当前已买入且未卖出的份额，剩余持有结算,train,haircut_0_8,0.8,all_yes,all_yes,2023,1064,50,6,29891.674165604385,7857.915610007215,0.2628797425822715,0.49382105783489866,-0.14696699961538018,-0.14327660793348976,-190.816699992179,0.08535832850648255,0.2025156704451789,0.3100174198636735,7187.177067992002,6266.564561944967,327.1947107489259,-3527.329423388398,638,739,635,280,17363.3037876416,0.11614912793404894,0.41335700265824016
tp_2_0x_sell_100pct,single_take_profit,2x触发后卖出100%当前已买入且未卖出的份额，剩余持有结算,train,haircut_0_9,0.9,all_yes,all_yes,2023,1064,50,6,29891.674165604385,10723.625528877064,0.35874957921281225,0.5353435491843797,0.7488250000000001,0.4558072345372594,-190.816699992179,0.062432641666975555,0.15603791796499525,0.24403366919746114,10054.121258861851,9050.333328314817,124.17467524293716,-661.619504518549,722,847,720,295,16757.10130118795,0.1195162074286282,0.330507545940409
tp_2_0x_sell_100pct,single_take_profit,2x触发后卖出100%当前已买入且未卖出的份额，剩余持有结算,train,sampled_1_0,1.0,all_yes,all_yes,2023,1064,50,6,29891.674165604385,13975.318772750614,0.4675321527768983,0.5837864557587741,1.9351810011945694,0.9582495747487243,-190.816699992179,0.0480760318201296,0.125855984658593,0.19757181703531984,13303.440902735401,12216.441267688366,145.00180665303742,2590.073739355,820,965,818,309,16415.3242921075,0.1307158020691628,0.3388160341129755
tp_2_0x_sell_100pct,single_take_profit,2x触发后卖出100%当前已买入且未卖出的份额，剩余持有结算,validation,haircut_0_8,0.8,all_yes,all_yes,998,456,41,6,16372.431303350348,1731.905510182854,0.10578181566890729,0.4308617234468938,-2.0497870008899994,-0.9246652516372916,-340.113900006208,0.30408471415420224,1.2967598332598083,1.8453001647814788,1205.259518176813,-513.959990423607,1652.6291592556663,-4878.074477466799,315,392,314,109,12619.4153705104,0.1387542041803504,0.5778537114647964
tp_2_0x_sell_100pct,single_take_profit,2x触发后卖出100%当前已买入且未卖出的份额，剩余持有结算,validation,haircut_0_9,0.9,all_yes,all_yes,998,456,41,6,16372.431303350348,3658.845808825504,0.22347602143102482,0.4749498997995992,-0.9354,-0.30478268065842407,-340.113900006208,0.14423551949991711,0.6234093976576316,0.9655502704752856,3131.110282819463,1377.8869470234467,1626.0023140615665,-2951.1341788241493,359,450,356,111,12164.1400427397,0.14816691366876042,0.5031883821144715
tp_2_0x_sell_100pct,single_take_profit,2x触发后卖出100%当前已买入且未卖出的份额，剩余持有结算,validation,sampled_1_0,1.0,all_yes,all_yes,998,456,41,6,16372.431303350348,7793.182007603653,0.47599417967989316,0.5120240480961924,0.19641000092800098,0.17718132388782698,-168.41334300134858,0.09077242124323841,0.32860385700255584,0.5620749222498918,7085.776007584228,5232.312341582171,676.2609515377167,1183.2020199540004,396,514,395,113,10685.098358449,0.1570843738176259,0.26415516618836515
tp_2_0x_sell_25pct,single_take_profit,2x触发后卖出25%当前已买入且未卖出的份额，剩余持有结算,train,haircut_0_8,0.8,all_yes,all_yes,2023,1064,50,6,29891.674165604385,10503.412677548515,0.35138254951388886,0.20662382600098864,-3.0,-0.7858191519833725,-190.816699992179,0.0791943593526744,0.22449727600173894,0.36779936930447016,9671.6016395333,8145.425142716742,676.5232703046513,-881.8323558470995,57,739,57,280,4340.8259469104,0.14719093480530193,0.42409381442760063
tp_2_0x_sell_25pct,single_take_profit,2x触发后卖出25%当前已买入且未卖出的份额，剩余持有结算,train,haircut_0_9,0.9,all_yes,all_yes,2023,1064,50,6,29891.674165604385,11219.840157265977,0.375350008671524,0.21107266435986158,-2.8385187479998906,-0.5679537179705073,-190.816699992179,0.07411001033528374,0.21048288314824246,0.3489001161461623,10388.337687250763,8858.255852502203,612.067626328475,-165.40487612963736,66,847,66,295,4189.275325296988,0.14636811008500325,0.4088436864583193
tp_2_0x_sell_25pct,single_take_profit,2x触发后卖出25%当前已买入且未卖出的份额，剩余持有结算,train,sampled_1_0,1.0,all_yes,all_yes,2023,1064,50,6,29891.674165604385,12032.763468234363,0.4025456520625455,0.21700444883835887,-2.6297231249999995,-0.4953703703703704,-190.816699992179,0.06915251614576208,0.19696198550233013,0.3274923839432865,11200.66759821915,9662.766484451018,571.939256633279,647.51843483875,78,965,78,309,4103.831073026875,0.1492947333236964,0.4093897319707295
tp_2_0x_sell_25pct,single_take_profit,2x触发后卖出25%当前已买入且未卖出的份额，剩余持有结算,validation,haircut_0_8,0.8,all_yes,all_yes,998,456,41,6,16372.431303350348,5390.461368282953,0.3292401274073377,0.14128256513026052,-4.847643492565499,-0.9811663129093229,-340.113900006208,0.13346052199520705,0.56240312811975,0.9966880786019792,4671.047580276912,2358.8490327519526,1275.0479414464025,-1219.5186193666996,26,392,26,109,3154.8538426275995,0.12123445721197511,0.33523886461083247
tp_2_0x_sell_25pct,single_take_profit,2x触发后卖出25%当前已买入且未卖出的份额，剩余持有结算,validation,haircut_0_9,0.9,all_yes,all_yes,998,456,41,6,16372.431303350348,5872.196442943616,0.35866367884786715,0.14228456913827656,-4.566828999155,-0.826195670164606,-340.113900006208,0.12255825882168148,0.5157561483519226,0.9302062496006241,5152.510271437574,2843.575023165156,1283.3156240103776,-737.783544706037,27,450,27,111,3041.0350106849246,0.11755856995570589,0.3261065448120214
tp_2_0x_sell_25pct,single_take_profit,2x触发后卖出25%当前已买入且未卖出的份额，剩余持有结算,validation,sampled_1_0,1.0,all_yes,all_yes,998,456,41,6,16372.431303350348,6905.780492638154,0.42179321841008427,0.14729458917835672,-4.179307122285031,-0.7057046690280433,-168.41334300134858,0.10425448010888073,0.462107688720522,0.8216625780822577,6185.821937632113,3714.566230373869,1045.9747041070027,295.8005049885007,32,514,32,113,2671.274589612249,0.1065587240324066,0.2999080489815078
tp_2_0x_sell_50pct,single_take_profit,2x触发后卖出50%当前已买入且未卖出的份额，剩余持有结算,train,haircut_0_8,0.8,all_yes,all_yes,2023,1064,50,6,29891.674165604385,9621.580321701415,0.32188161387001635,0.4478497281265447,-1.0,-0.5716383039667449,-190.816699992179,0.08087239102085628,0.2024847433725482,0.33040142117885923,8843.4601156862,7673.357099423343,542.2225414241511,-1763.6647116941992,545,739,545,280,8681.6518938208,0.14042907167770977,0.4288643092442589
tp_2_0x_sell_50pct,single_take_profit,2x触发后卖出50%当前已买入且未卖出的份额，剩余持有结算,train,haircut_0_9,0.9,all_yes,all_yes,2023,1064,50,6,29891.674165604385,11054.435281136339,0.36981653218528676,0.4844290657439446,-0.3133800000000001,-0.13590743594101468,-190.816699992179,0.0703340378989753,0.17907521834426812,0.29514618632779654,10276.932211121126,9074.859869494268,413.31125347180387,-330.8097522592747,619,847,619,295,8378.550650593976,0.13962545658596595,0.39564072663345723
tp_2_0x_sell_50pct,single_take_profit,2x触发后卖出50%当前已买入且未卖出的份额，剩余持有结算,train,sampled_1_0,1.0,all_yes,all_yes,2023,1064,50,6,29891.674165604385,12680.281903073113,0.4242078189673298,0.513593672763223,0.024997591858100243,0.009259259259259226,-190.816699992179,0.06140950776705482,0.15878448759557226,0.2609754107620073,11901.592033057901,10666.849838526241,333.76981791929757,1295.0368696775,678,965,678,309,8207.66214605375,0.14455841815102502,0.3982029682628558
tp_2_0x_sell_50pct,single_take_profit,2x触发后卖出50%当前已买入且未卖出的份额，剩余持有结算,validation,haircut_0_8,0.8,all_yes,all_yes,998,456,41,6,16372.431303350348,4170.942748916254,0.2547540234945276,0.36773547094188375,-2.9845600046614997,-0.9623326258186459,-340.113900006208,0.1570766839646198,0.6342001718228326,1.0706905269810019,3515.784892910213,1525.7301408903677,1385.3935921198668,-2439.0372387333996,252,392,252,109,6309.7076852552,0.13021548584583226,0.402078043790768
tp_2_0x_sell_50pct,single_take_profit,2x触发后卖出50%当前已买入且未卖出的份额，剩余持有结算,validation,haircut_0_9,0.9,all_yes,all_yes,998,456,41,6,16372.431303350348,5134.412898237579,0.31360112637558635,0.4188376753507014,-2.25725000569,-0.652391340329212,-340.113900006208,0.12770741971903257,0.5311908005954347,0.9047342849641884,4478.710275231538,2407.0600002352335,1372.0801695228167,-1475.5670894120744,303,450,303,111,6082.070021369849,0.13389152434445892,0.3705503917930534
tp_2_0x_sell_50pct,single_take_profit,2x触发后卖出50%当前已买入且未卖出的份额，剩余持有结算,validation,sampled_1_0,1.0,all_yes,all_yes,998,456,41,6,16372.431303350348,7201.580997626654,0.4398602055000206,0.4408817635270541,-1.6244774968039999,-0.4114093380560865,-168.41334300134858,0.09851045211505981,0.40641502705948124,0.7030746657115804,6492.149997607228,4274.7502616051715,875.2495747409785,591.6010099770003,325,514,325,113,5342.549179224499,0.11448660386828988,0.291037877732974
tp_2_0x_sell_75pct,single_take_profit,2x触发后卖出75%当前已买入且未卖出的份额，剩余持有结算,train,haircut_0_8,0.8,all_yes,all_yes,2023,1064,50,6,29891.674165604385,8739.747965854314,0.2923806782261439,0.4809688581314879,-0.534636,-0.35745745595011724,-190.816699992179,0.08288904632553665,0.1979642766333939,0.30297445156472347,8015.318591839101,7009.5900818357895,407.92181254365096,-2645.497067541299,612,739,611,280,13022.4778407312,0.13065007614403162,0.43520759915382434
tp_2_0x_sell_75pct,single_take_profit,2x触发后卖出75%当前已买入且未卖出的份额，剩余持有结算,train,haircut_0_9,0.9,all_yes,all_yes,2023,1064,50,6,29891.674165604385,10889.030405006702,0.36428305569904956,0.5170538803756797,0.22116449999999999,0.17536610031603567,-190.816699992179,0.06644335107031668,0.1628253849009648,0.25650015052595404,10165.52673499149,9116.019838113178,255.59716393280905,-496.21462838891216,685,847,684,295,12567.825975890963,0.130375715669417,0.37045067066284165
tp_2_0x_sell_75pct,single_take_profit,2x触发后卖出75%当前已买入且未卖出的份额，剩余持有结算,train,sampled_1_0,1.0,all_yes,all_yes,2023,1064,50,6,29891.674165604385,13327.800337911864,0.44586998587211407,0.5595650024715768,0.9481537499999999,0.5031600785214533,-190.816699992179,0.0544188727041545,0.1367189199847632,0.2173559718637649,12602.51646789665,11505.637869939992,155.4005288821736,1942.5553045162499,771,965,770,309,12311.493219080625,0.13764235550175188,0.36967584186220714
tp_2_0x_sell_75pct,single_take_profit,2x触发后卖出75%当前已买入且未卖出的份额，剩余持有结算,validation,haircut_0_8,0.8,all_yes,all_yes,998,456,41,6,16372.431303350348,2951.424129549554,0.18026791958171745,0.4168336673346693,-2.319980001918001,-0.9434989387279688,-340.113900006208,0.20020908485837458,0.8218714761868772,1.235885693027165,2360.522205543513,525.7328233430931,1519.0113756877668,-3658.555858100099,301,392,301,109,9464.561527882799,0.14119764244567268,0.5327020697672474
tp_2_0x_sell_75pct,single_take_profit,2x触发后卖出75%当前已买入且未卖出的份额，剩余持有结算,validation,haircut_0_9,0.9,all_yes,all_yes,998,456,41,6,16372.431303350348,4396.629353531541,0.26853857390330554,0.45791583166332667,-1.5339749403975,-0.478587010493818,-340.113900006208,0.1345847072668861,0.5695257654573591,0.8929071327657792,3804.9102790254997,1892.635655529196,1499.0412417921916,-2213.350634118112,342,450,340,111,9123.105032054775,0.14777125659407875,0.4380625965553655
tp_2_0x_sell_75pct,single_take_profit,2x触发后卖出75%当前已买入且未卖出的份额，剩余持有结算,validation,sampled_1_0,1.0,all_yes,all_yes,998,456,41,6,16372.431303350348,7497.381502615153,0.4579271925899569,0.48697394789579157,-0.45815375,-0.11711400708412971,-168.41334300134858,0.0944887891555635,0.3659744672275784,0.6036636604628637,6788.9630025957285,4753.531301593672,709.1427311194784,887.4015149655006,371,514,371,113,8013.82376883675,0.13629718227194146,0.2845105968394176
tp_3_0x_sell_100pct,single_take_profit,3x触发后卖出100%当前已买入且未卖出的份额，剩余持有结算,train,haircut_0_8,0.8,all_yes,all_yes,2023,1064,50,6,29891.674165604385,7416.5751664636155,0.24811508132246693,0.365793376173999,-2.4999610000000003,-1.0,-190.816699992179,0.04575498695688718,0.16600513289888028,0.29271538641780437,7077.229866457299,6185.385620300288,945.4009941677268,-3968.6698669319985,379,424,378,227,14182.807127317199,0.13057237015832035,0.613862223226847
tp_3_0x_sell_100pct,single_take_profit,3x触发后卖出100%当前已买入且未卖出的份额，剩余持有结算,train,haircut_0_9,0.9,all_yes,all_yes,2023,1064,50,6,29891.674165604385,10485.558663200565,0.35078525896906904,0.40434997528423133,-1.888,-1.0,-190.816699992179,0.03236311110415702,0.12479932387835775,0.2187011113312256,10146.213363194249,9176.968031546277,582.6440544510751,-899.6863701950492,457,514,457,250,13685.5438868857,0.1272944191293952,0.45304461677132785
tp_3_0x_sell_100pct,single_take_profit,3x触发后卖出100%当前已买入且未卖出的份额，剩余持有结算,train,sampled_1_0,1.0,all_yes,all_yes,2023,1064,50,6,29891.674165604385,14046.017318841614,0.46989731123872686,0.44043499752842313,-1.194309999117,-1.0,-190.816699992179,0.02415953877197,0.09947463154467744,0.17081433997750828,13706.672018835297,12648.794921379686,351.4430008250474,2660.772285446,530,594,529,265,13091.117235765,0.12148819117187067,0.37996694948352294
tp_3_0x_sell_100pct,single_take_profit,3x触发后卖出100%当前已买入且未卖出的份额，剩余持有结算,validation,haircut_0_8,0.8,all_yes,all_yes,998,456,41,6,16372.431303350348,2741.707993577254,0.16745881798363135,0.3156312625250501,-4.076054993794,-1.0,-340.113900006208,0.18859063081505936,0.794901418056048,1.2527685243340516,2224.647553557829,562.3204215870928,1556.1845242708664,-3868.271994072399,200,232,200,93,10581.2147182376,0.10430165719508705,0.4487485265106189
tp_3_0x_sell_100pct,single_take_profit,3x触发后卖出100%当前已买入且未卖出的份额，剩余持有结算,validation,haircut_0_9,0.9,all_yes,all_yes,998,456,41,6,16372.431303350348,4613.947599926004,0.28181199935661577,0.36172344689378755,-3.4118349964789996,-1.0,-340.113900006208,0.10103911886875709,0.4413900205491599,0.7139287957116128,4147.758399922864,2577.397173981918,1455.8662852569666,-1996.0323877236494,246,284,246,98,10471.5487340855,0.12399446294966483,0.3729052898159408
tp_3_0x_sell_100pct,single_take_profit,3x触发后卖出100%当前已买入且未卖出的份额，剩余持有结算,validation,sampled_1_0,1.0,all_yes,all_yes,998,456,41,6,16372.431303350348,6107.183849181653,0.3730163062545218,0.39178356713426854,-2.9998005006481914,-1.0,-340.113900006208,0.07635912255460071,0.3369664588168562,0.540506576174692,5640.8446491785135,4049.267734179414,1252.0538255475665,-502.7961384679997,276,323,276,102,10303.9315458005,0.13747436147193187,0.303911957070021
tp_3_0x_sell_25pct,single_take_profit,3x触发后卖出25%当前已买入且未卖出的份额，剩余持有结算,train,haircut_0_8,0.8,all_yes,all_yes,2023,1064,50,6,29891.674165604385,10393.077566662614,0.3476913841989377,0.2263964409293129,-3.1,-1.0,-190.816699992179,0.06883912271665606,0.21699574643663233,0.36866850841346205,9677.627224647402,8137.823942310842,841.6084577332495,-992.1674667329995,97,424,97,227,3545.7017818292998,0.14991132673806282,0.452427784479912
tp_3_0x_sell_25pct,single_take_profit,3x触发后卖出25%当前已买入且未卖出的份额，剩余持有结算,train,haircut_0_9,0.9,all_yes,all_yes,2023,1064,50,6,29891.674165604385,11160.32344084685,0.37335892861058817,0.23677706376668314,-2.7233,-1.0,-190.816699992179,0.06480677104465095,0.2031221409477142,0.34578091502040237,10437.058914831638,8893.414649873077,745.3134563197127,-224.9215925487623,118,514,118,250,3421.385971721425,0.14874453976046348,0.43291686057210965
tp_3_0x_sell_25pct,single_take_profit,3x触发后卖出25%当前已买入且未卖出的份额，剩余持有结算,train,sampled_1_0,1.0,all_yes,all_yes,2023,1064,50,6,29891.674165604385,12050.438104757113,0.4031369416780026,0.24270884824518044,-2.4999610000000003,-1.0,-190.816699992179,0.0606682266370554,0.1892159629196926,0.3203565740189518,11319.3593947419,9770.30285516134,616.7702695692788,665.1930713615,130,594,130,265,3272.7793089412503,0.14579168368166728,0.4175435640394604
tp_3_0x_sell_25pct,single_take_profit,3x触发后卖出25%当前已买入且未卖出的份额，剩余持有结算,validation,haircut_0_8,0.8,all_yes,all_yes,998,456,41,6,16372.431303350348,5642.911989131554,0.3446593779860188,0.17735470941883769,-4.704070007529071,-1.0,-340.113900006208,0.11746720687760347,0.5338793350523346,0.9610582116012012,4980.054879112129,2630.277888615153,1291.2761446002028,-967.0679985180993,62,232,62,93,2645.3036795593994,0.12122069242425487,0.3291974660979201
tp_3_0x_sell_25pct,single_take_profit,3x触发后卖出25%当前已买入且未卖出的份额，剩余持有结算,validation,haircut_0_9,0.9,all_yes,all_yes,998,456,41,6,16372.431303350348,6110.971890718742,0.3732476733292649,0.1843687374749499,-4.5626489993020005,-1.0,-340.113900006208,0.09775394093422694,0.48029211775058084,0.8781584382277515,5513.600305462701,3175.920259811166,1266.9489895717277,-499.0080969309118,69,284,69,98,2617.8871835213745,0.1242402485067082,0.3141602977726483
tp_3_0x_sell_25pct,single_take_profit,3x触发后卖出25%当前已买入且未卖出的份额，剩余持有结算,validation,sampled_1_0,1.0,all_yes,all_yes,998,456,41,6,16372.431303350348,6484.280953032654,0.39604875005374146,0.18937875751503006,-4.043735000207,-1.0,-340.113900006208,0.09237212218972533,0.4541572755120749,0.8251586968610392,5885.314160526613,3539.3975817485034,1224.425627869377,-125.69903461699927,74,323,74,102,2575.982886450124,0.11900740261525282,0.3083306712994888
tp_3_0x_sell_50pct,single_take_profit,3x触发后卖出50%当前已买入且未卖出的份额，剩余持有结算,train,haircut_0_8,0.8,all_yes,all_yes,2023,1064,50,6,29891.674165604385,9400.910099929615,0.3144992832401141,0.35590706870983685,-2.6100000000000003,-1.0,-190.816699992179,0.0580155334130146,0.19028105814260088,0.3263151243911376,8855.511285914403,7612.094978611544,872.3929162813529,-1984.3349334659993,359,424,359,227,7091.4035636585995,0.14516607692045153,0.49361998053732814
tp_3_0x_sell_50pct,single_take_profit,3x触发后卖出50%当前已买入且未卖出的份额，剩余持有结算,train,haircut_0_9,0.9,all_yes,all_yes,2023,1064,50,6,29891.674165604385,10935.401848298088,0.3658343720634151,0.3880375679683638,-2.048529999006,-1.0,-190.816699992179,0.051303755435610936,0.1657497480391324,0.2831371126555434,10374.374666282874,9122.861747236017,679.8029134542794,-449.84318509752467,424,514,424,250,6842.77194344285,0.1436625566430793,0.44723836149317164
tp_3_0x_sell_50pct,single_take_profit,3x触发后卖出50%当前已买入且未卖出的份额，剩余持有结算,train,sampled_1_0,1.0,all_yes,all_yes,2023,1064,50,6,29891.674165604385,12715.631176118613,0.42539039819824404,0.42165101334651506,-1.4000000000000001,-1.0,-190.816699992179,0.045350131820293516,0.14441006155123334,0.24357320622884845,12138.9756261034,10879.366095312544,520.9756984092983,1330.386142723,492,594,492,265,6545.558617882501,0.13845798121262726,0.41470694019645926
tp_3_0x_sell_50pct,single_take_profit,3x触发后卖出50%当前已买入且未卖出的份额，剩余持有结算,validation,haircut_0_8,0.8,all_yes,all_yes,998,456,41,6,16372.431303350348,4675.843990613454,0.2855925246518896,0.2995991983967936,-4.193093499985367,-1.0,-340.113900006208,0.13136841632281163,0.5556467250065421,0.9671593300950406,4061.5857705940284,2077.7265905875674,1365.4870262219029,-1934.1359970361991,184,232,184,93,5290.6073591188,0.10925055733687462,0.38476038471690466
tp_3_0x_sell_50pct,single_take_profit,3x触发后卖出50%当前已买入且未卖出的份额，剩余持有结算,validation,haircut_0_9,0.9,all_yes,all_yes,998,456,41,6,16372.431303350348,5611.963793787829,0.34276911533838184,0.34168336673346694,-3.603799997606,-1.0,-340.113900006208,0.09611309575697245,0.4374306983503405,0.7838856056297477,5072.580580290837,3157.1185523543927,1316.8327161649522,-998.0161938618246,226,284,226,98,5235.77436704275,0.1164520976176042,0.3402267828938034
tp_3_0x_sell_50pct,single_take_profit,3x触发后卖出50%当前已买入且未卖出的份额，剩余持有结算,validation,sampled_1_0,1.0,all_yes,all_yes,998,456,41,6,16372.431303350348,6358.5819184156535,0.3883712687873349,0.3637274549098196,-3.1229605019999997,-1.0,-340.113900006208,0.08531537974306086,0.3854878728426656,0.6953898559905273,5816.097087418661,3907.4257003897674,1231.7859927602526,-251.39806923399928,248,323,248,102,5151.965772900249,0.10857693995879862,0.31889939878430534
tp_3_0x_sell_75pct,single_take_profit,3x触发后卖出75%当前已买入且未卖出的份额，剩余持有结算,train,haircut_0_8,0.8,all_yes,all_yes,2023,1064,50,6,29891.674165604385,8408.742633196614,0.2813071822812905,0.36085022244191794,-2.53698588,-1.0,-190.816699992179,0.0446377422152738,0.17104464044566747,0.29476911835116903,8033.395347181401,6970.472272901345,903.1773748294527,-2976.5024001989987,369,424,369,227,10637.1053454879,0.13919216326388192,0.5485120429902582
tp_3_0x_sell_75pct,single_take_profit,3x触发后卖出75%当前已买入且未卖出的份额，剩余持有结算,train,haircut_0_9,0.9,all_yes,all_yes,2023,1064,50,6,29891.674165604385,10710.480255749328,0.35830981551624214,0.39841819080573404,-1.9999999976190477,-1.0,-190.816699992179,0.03723360937070444,0.1391930725181706,0.23334696880149583,10311.690417734115,9219.655600806378,614.292370588837,-674.764777646287,445,514,445,250,10264.157915164275,0.13613940043838463,0.46108937790667937
tp_3_0x_sell_75pct,single_take_profit,3x触发后卖出75%当前已买入且未卖出的份额，剩余持有结算,train,sampled_1_0,1.0,all_yes,all_yes,2023,1064,50,6,29891.674165604385,13380.824247480114,0.44764385471848545,0.43351458230350964,-1.213396411669104,-1.0,-190.816699992179,0.031555035938442146,0.11257791535607034,0.1901910931122623,12958.5918574649,11874.438947952844,436.20934961717285,1995.5792140845,516,594,516,265,9818.33792682375,0.12982662638910897,0.4019510243803255
tp_3_0x_sell_75pct,single_take_profit,3x触发后卖出75%当前已买入且未卖出的份额，剩余持有结算,validation,haircut_0_8,0.8,all_yes,all_yes,998,456,41,6,16372.431303350348,3708.775992095354,0.2265256713177605,0.3106212424849699,-4.108979997362999,-1.0,-340.113900006208,0.1525191414162071,0.6396726939156874,1.0097778010527865,3143.116662075929,1336.373262101893,1446.6778994491667,-2901.203995554299,195,232,195,93,7935.9110386781995,0.10457146426897833,0.45656352274904016
tp_3_0x_sell_75pct,single_take_profit,3x触发后卖出75%当前已买入且未卖出的份额，剩余持有结算,validation,haircut_0_9,0.9,all_yes,all_yes,998,456,41,6,16372.431303350348,5112.955696856916,0.3122905573474988,0.35470941883767537,-3.487160010999,-1.0,-340.113900006208,0.09729313566178414,0.43155933494688814,0.7121982741734174,4615.5002046099235,2906.411936708442,1371.4392201887417,-1497.024290792737,239,284,239,98,7853.661550564125,0.11370135483049851,0.36760569256265996
tp_3_0x_sell_75pct,single_take_profit,3x触发后卖出75%当前已买入且未卖出的份额，剩余持有结算,validation,sampled_1_0,1.0,all_yes,all_yes,998,456,41,6,16372.431303350348,6232.882883798654,0.38069378752092836,0.38577154308617234,-2.9998705003506876,-1.0,-340.113900006208,0.0805578939726492,0.35595938001448196,0.5798604164274689,5730.774965301662,4014.2297567788087,1239.1463576511276,-377.09710385099964,270,323,270,102,7727.948659350374,0.1189940277263801,0.31785647244695153
tp_5_0x_sell_100pct,single_take_profit,5x触发后卖出100%当前已买入且未卖出的份额，剩余持有结算,train,haircut_0_8,0.8,all_yes,all_yes,2023,1064,50,6,29891.674165604385,9462.870113983214,0.3165721017015469,0.2723677706376668,-3.64,-1.0,-190.816699992179,0.04667403807929974,0.17673108427197276,0.3021105063402384,9021.199753943694,7790.486818414114,855.5927961233283,-1922.374919412399,190,207,190,134,9001.1212080104,0.140696289552613,0.5693565699076567
tp_5_0x_sell_100pct,single_take_profit,5x触发后卖出100%当前已买入且未卖出的份额，剩余持有结算,train,haircut_0_9,0.9,all_yes,all_yes,2023,1064,50,6,29891.674165604385,11132.249204794463,0.3724197294243248,0.2901631240731587,-3.42,-1.0,-190.816699992179,0.04529245534876877,0.1536376721325312,0.2640375485423369,10628.042304754943,9421.91635137062,759.8220366218284,-252.9958286011497,226,242,226,158,8927.87848290405,0.1309523322558892,0.4929702109177945
tp_5_0x_sell_100pct,single_take_profit,5x触发后卖出100%当前已买入且未卖出的份额，剩余持有结算,train,sampled_1_0,1.0,all_yes,all_yes,2023,1064,50,6,29891.674165604385,12735.983018058114,0.42607125139591867,0.3049925852694019,-3.281069994211,-1.0,-190.816699992179,0.02664460996258904,0.11725419015850817,0.21402486269892013,12396.637718051797,11242.635643403197,666.1019662438284,1350.7379846625,256,275,256,173,8492.0138384335,0.14038612249928806,0.431120360892187
tp_5_0x_sell_100pct,single_take_profit,5x触发后卖出100%当前已买入且未卖出的份额，剩余持有结算,validation,haircut_0_8,0.8,all_yes,all_yes,998,456,41,6,16372.431303350348,4150.7229822756535,0.2535190348562511,0.22545090180360722,-5.55689850011505,-1.0,-340.113900006208,0.12457117524522059,0.5082825620989406,0.8405822133328067,3633.6625422562283,2040.9828702816285,1398.3432776353022,-2459.257005373999,110,121,110,60,7908.134770355199,0.13774943638866785,0.3524446128674506
tp_5_0x_sell_100pct,single_take_profit,5x触发后卖出100%当前已买入且未卖出的份额，剩余持有结算,validation,haircut_0_9,0.9,all_yes,all_yes,998,456,41,6,16372.431303350348,5820.238813592953,0.35549019603471704,0.250501002004008,-5.085447503194894,-1.0,-340.113900006208,0.10235400369279211,0.3738309243903051,0.6239315223093587,5224.514068573528,3644.453557735167,1289.6829594475116,-789.7411740566994,135,148,135,65,7554.6027730591495,0.12905220361139583,0.3353171329912383
tp_5_0x_sell_100pct,single_take_profit,5x触发后卖出100%当前已买入且未卖出的份额，剩余持有结算,validation,sampled_1_0,1.0,all_yes,all_yes,998,456,41,6,16372.431303350348,7214.941741026153,0.44067625677255,0.2685370741482966,-4.966015001218,-1.0,-340.113900006208,0.09347117055494192,0.3363010794582582,0.546691277913588,6540.552691006728,4788.549045290612,1284.400093379611,604.9617533765006,153,170,153,77,7049.526102211,0.10672483254519041,0.33918507479759147
tp_5_0x_sell_25pct,single_take_profit,5x触发后卖出25%当前已买入且未卖出的份额，剩余持有结算,train,haircut_0_8,0.8,all_yes,all_yes,2023,1064,50,6,29891.674165604385,10904.651303542514,0.3648056392937077,0.2654473554127533,-3.80205,-1.0,-190.816699992179,0.06560964877279384,0.20739064671354954,0.3576901766650527,10189.200961527302,8643.128617515082,810.4633886871543,-480.59372985309983,176,207,176,134,2250.2803020026,0.15129819551572854,0.44972401348259705
tp_5_0x_sell_25pct,single_take_profit,5x触发后卖出25%当前已买入且未卖出的份额，剩余持有结算,train,haircut_0_9,0.9,all_yes,all_yes,2023,1064,50,6,29891.674165604385,11321.996076245327,0.3787675462244022,0.2792881858625803,-3.57011,-1.0,-190.816699992179,0.06388136165606821,0.2013333811125744,0.34609412185149246,10598.731550230113,9042.500325271554,777.1053081249047,-63.248957150287445,204,242,204,158,2231.9696207260126,0.14777376663426575,0.43867714075228814
tp_5_0x_sell_25pct,single_take_profit,5x触发后卖出25%当前已买入且未卖出的份额，剩余持有结算,train,sampled_1_0,1.0,all_yes,all_yes,2023,1064,50,6,29891.674165604385,11722.92952956124,0.39218042671730063,0.291646070192783,-3.3717200013000004,-1.0,-190.816699992179,0.06236314124141761,0.19463051567803538,0.33432333925166974,10991.850819546027,9441.289709965466,753.1033428435276,337.684496165625,229,275,229,173,2123.003459608375,0.15047156844893603,0.4261961325523871
tp_5_0x_sell_25pct,single_take_profit,5x触发后卖出25%当前已买入且未卖出的份额，剩余持有结算,validation,haircut_0_8,0.8,all_yes,all_yes,998,456,41,6,16372.431303350348,5995.165736306154,0.3661744322041737,0.21142284569138275,-5.7494499989575,-1.0,-340.113900006208,0.11056526861388093,0.5097499796771154,0.9013653554101496,5332.308626286729,2939.1301240631533,1262.3847666427025,-614.8142513434992,96,121,96,60,1977.0336925887993,0.11552840976085717,0.33116494895404297
tp_5_0x_sell_25pct,single_take_profit,5x触发后卖出25%当前已买入且未卖出的份额，剩余持有结算,validation,haircut_0_9,0.9,all_yes,all_yes,998,456,41,6,16372.431303350348,6412.5446941354785,0.3916672224987902,0.23446893787575152,-5.2761105,-1.0,-340.113900006208,0.1064356224906501,0.47849896945197795,0.8467669933320143,5730.021507866053,3344.1486664269028,1234.6365391007278,-197.43529351417436,119,148,119,65,1888.650693264787,0.11354200386905766,0.3323380288479965
tp_5_0x_sell_25pct,single_take_profit,5x触发后卖出25%当前已买入且未卖出的份额，剩余持有结算,validation,sampled_1_0,1.0,all_yes,all_yes,998,456,41,6,16372.431303350348,6761.220425993779,0.41296373768324846,0.250501002004008,-5.055654997848,-1.0,-340.113900006208,0.10385540158102682,0.45838198459838264,0.8174710924736325,6059.031163474354,3661.9987888196283,1220.3795669252531,151.2404383441257,135,170,135,77,1762.3815255527493,0.11114058409083577,0.3223967104058549
tp_5_0x_sell_50pct,single_take_profit,5x触发后卖出50%当前已买入且未卖出的份额，剩余持有结算,train,haircut_0_8,0.8,all_yes,all_yes,2023,1064,50,6,29891.674165604385,10424.057573689415,0.34872779342965415,0.268413247652002,-3.6820000000000004,-1.0,-190.816699992179,0.05232116286385576,0.17521281479194614,0.3121544804853981,9878.658759674203,8597.629104649988,810.1027781891516,-961.1874597061994,182,207,182,134,4500.5606040052,0.1479875814181866,0.4835361992177606
tp_5_0x_sell_50pct,single_take_profit,5x触发后卖出50%当前已买入且未卖出的份额，剩余持有结算,train,haircut_0_9,0.9,all_yes,all_yes,2023,1064,50,6,29891.674165604385,11258.747119095038,0.376651607291043,0.2862086010874938,-3.445,-1.0,-190.816699992179,0.049830338676290255,0.16437050454759444,0.2904530718322278,10697.719937079826,9408.14117455561,743.3866170646525,-126.49791430057486,218,242,218,158,4463.939241452025,0.14115232559477994,0.45867281029282125
tp_5_0x_sell_50pct,single_take_profit,5x触发后卖出50%当前已买入且未卖出的份额，剩余持有结算,train,sampled_1_0,1.0,all_yes,all_yes,2023,1064,50,6,29891.674165604385,12060.614025726863,0.40347736827683994,0.2995551161641127,-3.2999729991710174,-1.0,-190.816699992179,0.047813117042393646,0.15269502078259378,0.27205453240322497,11483.95847571165,10219.018316417658,695.3826865019037,675.3689923312498,245,275,245,173,4246.00691921675,0.14698555188773949,0.4321866125741645
tp_5_0x_sell_50pct,single_take_profit,5x触发后卖出50%当前已买入且未卖出的份额，剩余持有结算,validation,haircut_0_8,0.8,all_yes,all_yes,998,456,41,6,16372.431303350348,5380.351484962654,0.3286226330881995,0.22244488977955912,-5.55689850011505,-1.0,-340.113900006208,0.11416693160961561,0.46982923310477115,0.8307538871365526,4766.093264943229,2852.5050729485333,1307.7042703069026,-1229.6285026869994,107,121,107,60,3954.0673851775996,0.11390092939250586,0.3511713020072198
tp_5_0x_sell_50pct,single_take_profit,5x触发后卖出50%当前已买入且未卖出的份额，剩余持有结算,validation,haircut_0_9,0.9,all_yes,all_yes,998,456,41,6,16372.431303350348,6215.109400621303,0.37960821367743247,0.24649298597194388,-5.103307499671394,-1.0,-340.113900006208,0.10516152337625592,0.4092731985966134,0.7275722131400342,5561.519028101879,3671.431696601142,1252.207815222953,-394.8705870283494,131,148,131,65,3777.3013865295748,0.10308718432612818,0.35198057042263586
tp_5_0x_sell_50pct,single_take_profit,5x触发后卖出50%当前已买入且未卖出的份额，剩余持有结算,validation,sampled_1_0,1.0,all_yes,all_yes,998,456,41,6,16372.431303350348,6912.460864337903,0.42220124404634896,0.2605210420841683,-4.9711949990805,-1.0,-340.113900006208,0.10024252413410159,0.38462072365420447,0.6822871202805771,6219.538339318478,4253.785164464891,1223.6938708720031,302.4808766882505,145,170,145,77,3524.7630511054995,0.10690689705327093,0.3444766410251324
tp_5_0x_sell_75pct,single_take_profit,5x触发后卖出75%当前已买入且未卖出的份额，剩余持有结算,train,haircut_0_8,0.8,all_yes,all_yes,2023,1064,50,6,29891.674165604385,9943.463843836314,0.3326499475656005,0.2698961937716263,-3.6498799999999996,-1.0,-190.816699992179,0.03774814208711392,0.16673249157639725,0.29220159451641303,9568.116557821102,8285.565342253665,809.7421676911526,-1441.7811895592993,185,207,185,134,6750.8409060078,0.1444422241151683,0.5229144859350555
tp_5_0x_sell_75pct,single_take_profit,5x触发后卖出75%当前已买入且未卖出的份额，剩余持有结算,train,haircut_0_9,0.9,all_yes,all_yes,2023,1064,50,6,29891.674165604385,11195.498161944752,0.3745356683576839,0.28818586258032625,-3.420650000192,-1.0,-190.816699992179,0.03562055321225115,0.15105679877468328,0.26364885411002015,10796.708323929539,9504.342048913526,732.8035379675312,-189.74687145086216,222,242,222,158,6695.908862178037,0.13452061408481483,0.4806093633041112
tp_5_0x_sell_75pct,single_take_profit,5x触发后卖出75%当前已买入且未卖出的份额，剩余持有结算,train,sampled_1_0,1.0,all_yes,all_yes,2023,1064,50,6,29891.674165604385,12398.29852189249,0.41477430983637936,0.3015323776569451,-3.298917290605878,-1.0,-190.816699992179,0.0340556721770854,0.13124655407025093,0.23083888198733574,11976.066131877276,10771.064564559814,667.3964117720279,1013.0534884968752,249,275,249,173,6369.010378825125,0.14359354552396558,0.43835468233559305
tp_5_0x_sell_75pct,single_take_profit,5x触发后卖出75%当前已买入且未卖出的份额，剩余持有结算,validation,haircut_0_8,0.8,all_yes,all_yes,998,456,41,6,16372.431303350348,4765.537233619154,0.29107083397222533,0.22444889779559118,-5.55689850011505,-1.0,-340.113900006208,0.11869791427268715,0.4771410045748167,0.7834446480986087,4199.877903599729,2491.704010631418,1353.0237739711024,-1844.4427540304994,109,121,109,60,5931.1010777664,0.1259452463726182,0.3737597011257684
tp_5_0x_sell_75pct,single_take_profit,5x触发后卖出75%当前已买入且未卖出的份额，剩余持有结算,validation,haircut_0_9,0.9,all_yes,all_yes,998,456,41,6,16372.431303350348,6017.674107107128,0.3675492048560748,0.24849699398797595,-5.103307499671394,-1.0,-340.113900006208,0.10380381982328986,0.390814657878395,0.6271595762301593,5393.016548337703,3665.87885971438,1269.7790913451781,-592.3058805425245,133,148,133,65,5665.952079794362,0.10499472667321817,0.34846624944562393
tp_5_0x_sell_75pct,single_take_profit,5x触发后卖出75%当前已买入且未卖出的份额，剩余持有结算,validation,sampled_1_0,1.0,all_yes,all_yes,998,456,41,6,16372.431303350348,7063.701302682029,0.4314387504094495,0.26452905811623245,-4.9711949990805,-1.0,-340.113900006208,0.0967843568441727,0.3586823726309277,0.5715220720969165,6380.045515162604,4530.076159879864,1236.9136220243613,453.7213150323754,149,170,149,77,5287.144576658249,0.10701240802247304,0.3432376075164585
